MIN_K: 4, MAX_K: 20, BASE_SIZE: 512, BASE_K: 9
Auto-segmenting 100 images from category 'dogs' (K range: 4-20)...
  Generated average 9.0 regions per image
dogs: 900 regions total
Auto-segmenting 100 images from category 'cats' (K range: 4-20)...
  Generated average 9.0 regions per image
cats: 900 regions total
Auto-segmenting 100 images from category 'lions' (K range: 4-20)...
  Generated average 9.0 regions per image
lions: 900 regions total
Auto-segmenting 100 images from category 'horses' (K range: 4-20)...
  Generated average 9.0 regions per image
horses: 900 regions total
Categoria: dogs, Número de elementos: 100
Categoria: cats, Número de elementos: 100
Categoria: lions, Número de elementos: 100
Categoria: horses, Número de elementos: 100
Categoria: dogs, Número de elementos: 100
Categoria: cats, Número de elementos: 100
Categoria: lions, Número de elementos: 100
Categoria: horses, Número de elementos: 100
Categoria: dogs, Número de elementos: 100
Categoria: cats, Número de elementos: 100
Categoria: lions, Número de elementos: 100
Categoria: horses, Número de elementos: 100
==================================================
RESUMO DOS CONJUNTOS DE FEATURES
==================================================
📊 Total de imagens: 400
🔧 Total de conjuntos gerados: 7
📋 Labels únicos: {'cats', 'lions', 'horses', 'dogs'}

🔹 LBP:
   📁 Imagens: 400
   🧩 Segmentos por imagem: 9
   🧱 Total de segmentos do conjunto: 3600
   🎯 Features por segmento: 59
   📈 Total features por imagem: 531

🔹 GLCM:
   📁 Imagens: 400
   🧩 Segmentos por imagem: 9
   🧱 Total de segmentos do conjunto: 3600
   🎯 Features por segmento: 72
   📈 Total features por imagem: 648

🔹 LPQ:
   📁 Imagens: 400
   🧩 Segmentos por imagem: 9
   🧱 Total de segmentos do conjunto: 3600
   🎯 Features por segmento: 256
   📈 Total features por imagem: 2304

🔹 LBP+GLCM:
   📁 Imagens: 400
   🧩 Segmentos por imagem: 9
   🧱 Total de segmentos do conjunto: 3600
   🎯 Features por segmento: 131
   📈 Total features por imagem: 1179

🔹 LBP+LPQ:
   📁 Imagens: 400
   🧩 Segmentos por imagem: 9
   🧱 Total de segmentos do conjunto: 3600
   🎯 Features por segmento: 315
   📈 Total features por imagem: 2835

🔹 GLCM+LPQ:
   📁 Imagens: 400
   🧩 Segmentos por imagem: 9
   🧱 Total de segmentos do conjunto: 3600
   🎯 Features por segmento: 328
   📈 Total features por imagem: 2952

🔹 LBP+GLCM+LPQ:
   📁 Imagens: 400
   🧩 Segmentos por imagem: 9
   🧱 Total de segmentos do conjunto: 3600
   🎯 Features por segmento: 387
   📈 Total features por imagem: 3483

==================================================
Limpando variáveis desnecessárias...
Variáveis antes da limpeza: 63 variáveis locais
  ✓ Removida: segmented_train_images
  ✓ Removida: lbps_by_categories
  ✓ Removida: glcms_by_category
  ✓ Removida: radius
  ✓ Removida: n_pixels
  ✓ Removida: n_examples

✓ Limpeza concluída!
  - 6 variáveis removidas
  - Memória liberada pela coleta de lixo
  - Variáveis após limpeza: 60 variáveis locais

📋 Principais variáveis mantidas:
  ✓ image_categories: list (tamanho: 4)
  ✓ train_images_by_categories: dict (tamanho: 4)
  ✓ labels: list (tamanho: 400)
  ✓ GLCM_DISTANCES: list (tamanho: 3)
  ✓ GLCM_ANGLES: ndarray (4,)
  ✓ GLCM_FEATURES: list (tamanho: 6)

💡 Variáveis limpas com sucesso! Agora você pode prosseguir com o treinamento dos modelos.
🔄 Nova estrutura: combined_sets contém todos os conjuntos de features combinados.
Classes: ['dogs', 'cats', 'lions', 'horses']
📊 Total imagens classe: 100
📊 Total imagens não-classe: 300
🔄 Dividindo em 5 folds...
  Fold 0: 20 classe, 60 não-classe
  Fold 1: 20 classe, 60 não-classe
  Fold 2: 20 classe, 60 não-classe
  Fold 3: 20 classe, 60 não-classe
  Fold 4: 20 classe, 60 não-classe

🔧 Construindo fold 0...
  ✅ Treino: 80 classe + 240 não-classe = 320
  ✅ Teste: 20 classe + 60 não-classe = 80

🔧 Construindo fold 1...
  ✅ Treino: 80 classe + 240 não-classe = 320
  ✅ Teste: 20 classe + 60 não-classe = 80

🔧 Construindo fold 2...
  ✅ Treino: 80 classe + 240 não-classe = 320
  ✅ Teste: 20 classe + 60 não-classe = 80

🔧 Construindo fold 3...
  ✅ Treino: 80 classe + 240 não-classe = 320
  ✅ Teste: 20 classe + 60 não-classe = 80

🔧 Construindo fold 4...
  ✅ Treino: 80 classe + 240 não-classe = 320
  ✅ Teste: 20 classe + 60 não-classe = 80

🎉 5 folds construídos com sucesso!
🔄 Convertendo folds para formato de classificação...

📂 Processando fold 0...
  🏋️ Processando dados de treino...
  🧪 Processando dados de teste...
  ✅ Treino: 2880 imagens → X(2880, 59), y(2880,)
  ✅ Teste: 720 imagens → X(720, 59), y(720,)

📂 Processando fold 1...
  🏋️ Processando dados de treino...
  🧪 Processando dados de teste...
  ✅ Treino: 2880 imagens → X(2880, 59), y(2880,)
  ✅ Teste: 720 imagens → X(720, 59), y(720,)

📂 Processando fold 2...
  🏋️ Processando dados de treino...
  🧪 Processando dados de teste...
  ✅ Treino: 2880 imagens → X(2880, 59), y(2880,)
  ✅ Teste: 720 imagens → X(720, 59), y(720,)

📂 Processando fold 3...
  🏋️ Processando dados de treino...
  🧪 Processando dados de teste...
  ✅ Treino: 2880 imagens → X(2880, 59), y(2880,)
  ✅ Teste: 720 imagens → X(720, 59), y(720,)

📂 Processando fold 4...
  🏋️ Processando dados de treino...
  🧪 Processando dados de teste...
  ✅ Treino: 2880 imagens → X(2880, 59), y(2880,)
  ✅ Teste: 720 imagens → X(720, 59), y(720,)

🎉 5 folds processados com sucesso!
📊 Total imagens classe: 100
📊 Total imagens não-classe: 300
🔄 Dividindo em 5 folds...
  Fold 0: 20 classe, 60 não-classe
  Fold 1: 20 classe, 60 não-classe
  Fold 2: 20 classe, 60 não-classe
  Fold 3: 20 classe, 60 não-classe
  Fold 4: 20 classe, 60 não-classe

🔧 Construindo fold 0...
  ✅ Treino: 80 classe + 240 não-classe = 320
  ✅ Teste: 20 classe + 60 não-classe = 80

🔧 Construindo fold 1...
  ✅ Treino: 80 classe + 240 não-classe = 320
  ✅ Teste: 20 classe + 60 não-classe = 80

🔧 Construindo fold 2...
  ✅ Treino: 80 classe + 240 não-classe = 320
  ✅ Teste: 20 classe + 60 não-classe = 80

🔧 Construindo fold 3...
  ✅ Treino: 80 classe + 240 não-classe = 320
  ✅ Teste: 20 classe + 60 não-classe = 80

🔧 Construindo fold 4...
  ✅ Treino: 80 classe + 240 não-classe = 320
  ✅ Teste: 20 classe + 60 não-classe = 80

🎉 5 folds construídos com sucesso!
🔄 Convertendo folds para formato de classificação...

📂 Processando fold 0...
  🏋️ Processando dados de treino...
  🧪 Processando dados de teste...
  ✅ Treino: 2880 imagens → X(2880, 59), y(2880,)
  ✅ Teste: 720 imagens → X(720, 59), y(720,)

📂 Processando fold 1...
  🏋️ Processando dados de treino...
  🧪 Processando dados de teste...
  ✅ Treino: 2880 imagens → X(2880, 59), y(2880,)
  ✅ Teste: 720 imagens → X(720, 59), y(720,)

📂 Processando fold 2...
  🏋️ Processando dados de treino...
  🧪 Processando dados de teste...
  ✅ Treino: 2880 imagens → X(2880, 59), y(2880,)
  ✅ Teste: 720 imagens → X(720, 59), y(720,)

📂 Processando fold 3...
  🏋️ Processando dados de treino...
  🧪 Processando dados de teste...
  ✅ Treino: 2880 imagens → X(2880, 59), y(2880,)
  ✅ Teste: 720 imagens → X(720, 59), y(720,)

📂 Processando fold 4...
  🏋️ Processando dados de treino...
  🧪 Processando dados de teste...
  ✅ Treino: 2880 imagens → X(2880, 59), y(2880,)
  ✅ Teste: 720 imagens → X(720, 59), y(720,)

🎉 5 folds processados com sucesso!
📊 Total imagens classe: 100
📊 Total imagens não-classe: 300
🔄 Dividindo em 5 folds...
  Fold 0: 20 classe, 60 não-classe
  Fold 1: 20 classe, 60 não-classe
  Fold 2: 20 classe, 60 não-classe
  Fold 3: 20 classe, 60 não-classe
  Fold 4: 20 classe, 60 não-classe

🔧 Construindo fold 0...
  ✅ Treino: 80 classe + 240 não-classe = 320
  ✅ Teste: 20 classe + 60 não-classe = 80

🔧 Construindo fold 1...
  ✅ Treino: 80 classe + 240 não-classe = 320
  ✅ Teste: 20 classe + 60 não-classe = 80

🔧 Construindo fold 2...
  ✅ Treino: 80 classe + 240 não-classe = 320
  ✅ Teste: 20 classe + 60 não-classe = 80

🔧 Construindo fold 3...
  ✅ Treino: 80 classe + 240 não-classe = 320
  ✅ Teste: 20 classe + 60 não-classe = 80

🔧 Construindo fold 4...
  ✅ Treino: 80 classe + 240 não-classe = 320
  ✅ Teste: 20 classe + 60 não-classe = 80

🎉 5 folds construídos com sucesso!
🔄 Convertendo folds para formato de classificação...

📂 Processando fold 0...
  🏋️ Processando dados de treino...
  🧪 Processando dados de teste...
  ✅ Treino: 2880 imagens → X(2880, 59), y(2880,)
  ✅ Teste: 720 imagens → X(720, 59), y(720,)

📂 Processando fold 1...
  🏋️ Processando dados de treino...
  🧪 Processando dados de teste...
  ✅ Treino: 2880 imagens → X(2880, 59), y(2880,)
  ✅ Teste: 720 imagens → X(720, 59), y(720,)

📂 Processando fold 2...
  🏋️ Processando dados de treino...
  🧪 Processando dados de teste...
  ✅ Treino: 2880 imagens → X(2880, 59), y(2880,)
  ✅ Teste: 720 imagens → X(720, 59), y(720,)

📂 Processando fold 3...
  🏋️ Processando dados de treino...
  🧪 Processando dados de teste...
  ✅ Treino: 2880 imagens → X(2880, 59), y(2880,)
  ✅ Teste: 720 imagens → X(720, 59), y(720,)

📂 Processando fold 4...
  🏋️ Processando dados de treino...
  🧪 Processando dados de teste...
  ✅ Treino: 2880 imagens → X(2880, 59), y(2880,)
  ✅ Teste: 720 imagens → X(720, 59), y(720,)

🎉 5 folds processados com sucesso!
📊 Total imagens classe: 100
📊 Total imagens não-classe: 300
🔄 Dividindo em 5 folds...
  Fold 0: 20 classe, 60 não-classe
  Fold 1: 20 classe, 60 não-classe
  Fold 2: 20 classe, 60 não-classe
  Fold 3: 20 classe, 60 não-classe
  Fold 4: 20 classe, 60 não-classe

🔧 Construindo fold 0...
  ✅ Treino: 80 classe + 240 não-classe = 320
  ✅ Teste: 20 classe + 60 não-classe = 80

🔧 Construindo fold 1...
  ✅ Treino: 80 classe + 240 não-classe = 320
  ✅ Teste: 20 classe + 60 não-classe = 80

🔧 Construindo fold 2...
  ✅ Treino: 80 classe + 240 não-classe = 320
  ✅ Teste: 20 classe + 60 não-classe = 80

🔧 Construindo fold 3...
  ✅ Treino: 80 classe + 240 não-classe = 320
  ✅ Teste: 20 classe + 60 não-classe = 80

🔧 Construindo fold 4...
  ✅ Treino: 80 classe + 240 não-classe = 320
  ✅ Teste: 20 classe + 60 não-classe = 80

🎉 5 folds construídos com sucesso!
🔄 Convertendo folds para formato de classificação...

📂 Processando fold 0...
  🏋️ Processando dados de treino...
  🧪 Processando dados de teste...
  ✅ Treino: 2880 imagens → X(2880, 59), y(2880,)
  ✅ Teste: 720 imagens → X(720, 59), y(720,)

📂 Processando fold 1...
  🏋️ Processando dados de treino...
  🧪 Processando dados de teste...
  ✅ Treino: 2880 imagens → X(2880, 59), y(2880,)
  ✅ Teste: 720 imagens → X(720, 59), y(720,)

📂 Processando fold 2...
  🏋️ Processando dados de treino...
  🧪 Processando dados de teste...
  ✅ Treino: 2880 imagens → X(2880, 59), y(2880,)
  ✅ Teste: 720 imagens → X(720, 59), y(720,)

📂 Processando fold 3...
  🏋️ Processando dados de treino...
  🧪 Processando dados de teste...
  ✅ Treino: 2880 imagens → X(2880, 59), y(2880,)
  ✅ Teste: 720 imagens → X(720, 59), y(720,)

📂 Processando fold 4...
  🏋️ Processando dados de treino...
  🧪 Processando dados de teste...
  ✅ Treino: 2880 imagens → X(2880, 59), y(2880,)
  ✅ Teste: 720 imagens → X(720, 59), y(720,)

🎉 5 folds processados com sucesso!
📊 Total imagens classe: 100
📊 Total imagens não-classe: 300
🔄 Dividindo em 5 folds...
  Fold 0: 20 classe, 60 não-classe
  Fold 1: 20 classe, 60 não-classe
  Fold 2: 20 classe, 60 não-classe
  Fold 3: 20 classe, 60 não-classe
  Fold 4: 20 classe, 60 não-classe

🔧 Construindo fold 0...
  ✅ Treino: 80 classe + 240 não-classe = 320
  ✅ Teste: 20 classe + 60 não-classe = 80

🔧 Construindo fold 1...
  ✅ Treino: 80 classe + 240 não-classe = 320
  ✅ Teste: 20 classe + 60 não-classe = 80

🔧 Construindo fold 2...
  ✅ Treino: 80 classe + 240 não-classe = 320
  ✅ Teste: 20 classe + 60 não-classe = 80

🔧 Construindo fold 3...
  ✅ Treino: 80 classe + 240 não-classe = 320
  ✅ Teste: 20 classe + 60 não-classe = 80

🔧 Construindo fold 4...
  ✅ Treino: 80 classe + 240 não-classe = 320
  ✅ Teste: 20 classe + 60 não-classe = 80

🎉 5 folds construídos com sucesso!
🔄 Convertendo folds para formato de classificação...

📂 Processando fold 0...
  🏋️ Processando dados de treino...
  🧪 Processando dados de teste...
  ✅ Treino: 2880 imagens → X(2880, 72), y(2880,)
  ✅ Teste: 720 imagens → X(720, 72), y(720,)

📂 Processando fold 1...
  🏋️ Processando dados de treino...
  🧪 Processando dados de teste...
  ✅ Treino: 2880 imagens → X(2880, 72), y(2880,)
  ✅ Teste: 720 imagens → X(720, 72), y(720,)

📂 Processando fold 2...
  🏋️ Processando dados de treino...
  🧪 Processando dados de teste...
  ✅ Treino: 2880 imagens → X(2880, 72), y(2880,)
  ✅ Teste: 720 imagens → X(720, 72), y(720,)

📂 Processando fold 3...
  🏋️ Processando dados de treino...
  🧪 Processando dados de teste...
  ✅ Treino: 2880 imagens → X(2880, 72), y(2880,)
  ✅ Teste: 720 imagens → X(720, 72), y(720,)

📂 Processando fold 4...
  🏋️ Processando dados de treino...
  🧪 Processando dados de teste...
  ✅ Treino: 2880 imagens → X(2880, 72), y(2880,)
  ✅ Teste: 720 imagens → X(720, 72), y(720,)

🎉 5 folds processados com sucesso!
📊 Total imagens classe: 100
📊 Total imagens não-classe: 300
🔄 Dividindo em 5 folds...
  Fold 0: 20 classe, 60 não-classe
  Fold 1: 20 classe, 60 não-classe
  Fold 2: 20 classe, 60 não-classe
  Fold 3: 20 classe, 60 não-classe
  Fold 4: 20 classe, 60 não-classe

🔧 Construindo fold 0...
  ✅ Treino: 80 classe + 240 não-classe = 320
  ✅ Teste: 20 classe + 60 não-classe = 80

🔧 Construindo fold 1...
  ✅ Treino: 80 classe + 240 não-classe = 320
  ✅ Teste: 20 classe + 60 não-classe = 80

🔧 Construindo fold 2...
  ✅ Treino: 80 classe + 240 não-classe = 320
  ✅ Teste: 20 classe + 60 não-classe = 80

🔧 Construindo fold 3...
  ✅ Treino: 80 classe + 240 não-classe = 320
  ✅ Teste: 20 classe + 60 não-classe = 80

🔧 Construindo fold 4...
  ✅ Treino: 80 classe + 240 não-classe = 320
  ✅ Teste: 20 classe + 60 não-classe = 80

🎉 5 folds construídos com sucesso!
🔄 Convertendo folds para formato de classificação...

📂 Processando fold 0...
  🏋️ Processando dados de treino...
  🧪 Processando dados de teste...
  ✅ Treino: 2880 imagens → X(2880, 72), y(2880,)
  ✅ Teste: 720 imagens → X(720, 72), y(720,)

📂 Processando fold 1...
  🏋️ Processando dados de treino...
  🧪 Processando dados de teste...
  ✅ Treino: 2880 imagens → X(2880, 72), y(2880,)
  ✅ Teste: 720 imagens → X(720, 72), y(720,)

📂 Processando fold 2...
  🏋️ Processando dados de treino...
  🧪 Processando dados de teste...
  ✅ Treino: 2880 imagens → X(2880, 72), y(2880,)
  ✅ Teste: 720 imagens → X(720, 72), y(720,)

📂 Processando fold 3...
  🏋️ Processando dados de treino...
  🧪 Processando dados de teste...
  ✅ Treino: 2880 imagens → X(2880, 72), y(2880,)
  ✅ Teste: 720 imagens → X(720, 72), y(720,)

📂 Processando fold 4...
  🏋️ Processando dados de treino...
  🧪 Processando dados de teste...
  ✅ Treino: 2880 imagens → X(2880, 72), y(2880,)
  ✅ Teste: 720 imagens → X(720, 72), y(720,)

🎉 5 folds processados com sucesso!
📊 Total imagens classe: 100
📊 Total imagens não-classe: 300
🔄 Dividindo em 5 folds...
  Fold 0: 20 classe, 60 não-classe
  Fold 1: 20 classe, 60 não-classe
  Fold 2: 20 classe, 60 não-classe
  Fold 3: 20 classe, 60 não-classe
  Fold 4: 20 classe, 60 não-classe

🔧 Construindo fold 0...
  ✅ Treino: 80 classe + 240 não-classe = 320
  ✅ Teste: 20 classe + 60 não-classe = 80

🔧 Construindo fold 1...
  ✅ Treino: 80 classe + 240 não-classe = 320
  ✅ Teste: 20 classe + 60 não-classe = 80

🔧 Construindo fold 2...
  ✅ Treino: 80 classe + 240 não-classe = 320
  ✅ Teste: 20 classe + 60 não-classe = 80

🔧 Construindo fold 3...
  ✅ Treino: 80 classe + 240 não-classe = 320
  ✅ Teste: 20 classe + 60 não-classe = 80

🔧 Construindo fold 4...
  ✅ Treino: 80 classe + 240 não-classe = 320
  ✅ Teste: 20 classe + 60 não-classe = 80

🎉 5 folds construídos com sucesso!
🔄 Convertendo folds para formato de classificação...

📂 Processando fold 0...
  🏋️ Processando dados de treino...
  🧪 Processando dados de teste...
  ✅ Treino: 2880 imagens → X(2880, 72), y(2880,)
  ✅ Teste: 720 imagens → X(720, 72), y(720,)

📂 Processando fold 1...
  🏋️ Processando dados de treino...
  🧪 Processando dados de teste...
  ✅ Treino: 2880 imagens → X(2880, 72), y(2880,)
  ✅ Teste: 720 imagens → X(720, 72), y(720,)

📂 Processando fold 2...
  🏋️ Processando dados de treino...
  🧪 Processando dados de teste...
  ✅ Treino: 2880 imagens → X(2880, 72), y(2880,)
  ✅ Teste: 720 imagens → X(720, 72), y(720,)

📂 Processando fold 3...
  🏋️ Processando dados de treino...
  🧪 Processando dados de teste...
  ✅ Treino: 2880 imagens → X(2880, 72), y(2880,)
  ✅ Teste: 720 imagens → X(720, 72), y(720,)

📂 Processando fold 4...
  🏋️ Processando dados de treino...
  🧪 Processando dados de teste...
  ✅ Treino: 2880 imagens → X(2880, 72), y(2880,)
  ✅ Teste: 720 imagens → X(720, 72), y(720,)

🎉 5 folds processados com sucesso!
📊 Total imagens classe: 100
📊 Total imagens não-classe: 300
🔄 Dividindo em 5 folds...
  Fold 0: 20 classe, 60 não-classe
  Fold 1: 20 classe, 60 não-classe
  Fold 2: 20 classe, 60 não-classe
  Fold 3: 20 classe, 60 não-classe
  Fold 4: 20 classe, 60 não-classe

🔧 Construindo fold 0...
  ✅ Treino: 80 classe + 240 não-classe = 320
  ✅ Teste: 20 classe + 60 não-classe = 80

🔧 Construindo fold 1...
  ✅ Treino: 80 classe + 240 não-classe = 320
  ✅ Teste: 20 classe + 60 não-classe = 80

🔧 Construindo fold 2...
  ✅ Treino: 80 classe + 240 não-classe = 320
  ✅ Teste: 20 classe + 60 não-classe = 80

🔧 Construindo fold 3...
  ✅ Treino: 80 classe + 240 não-classe = 320
  ✅ Teste: 20 classe + 60 não-classe = 80

🔧 Construindo fold 4...
  ✅ Treino: 80 classe + 240 não-classe = 320
  ✅ Teste: 20 classe + 60 não-classe = 80

🎉 5 folds construídos com sucesso!
🔄 Convertendo folds para formato de classificação...

📂 Processando fold 0...
  🏋️ Processando dados de treino...
  🧪 Processando dados de teste...
  ✅ Treino: 2880 imagens → X(2880, 72), y(2880,)
  ✅ Teste: 720 imagens → X(720, 72), y(720,)

📂 Processando fold 1...
  🏋️ Processando dados de treino...
  🧪 Processando dados de teste...
  ✅ Treino: 2880 imagens → X(2880, 72), y(2880,)
  ✅ Teste: 720 imagens → X(720, 72), y(720,)

📂 Processando fold 2...
  🏋️ Processando dados de treino...
  🧪 Processando dados de teste...
  ✅ Treino: 2880 imagens → X(2880, 72), y(2880,)
  ✅ Teste: 720 imagens → X(720, 72), y(720,)

📂 Processando fold 3...
  🏋️ Processando dados de treino...
  🧪 Processando dados de teste...
  ✅ Treino: 2880 imagens → X(2880, 72), y(2880,)
  ✅ Teste: 720 imagens → X(720, 72), y(720,)

📂 Processando fold 4...
  🏋️ Processando dados de treino...
  🧪 Processando dados de teste...
  ✅ Treino: 2880 imagens → X(2880, 72), y(2880,)
  ✅ Teste: 720 imagens → X(720, 72), y(720,)

🎉 5 folds processados com sucesso!
📊 Total imagens classe: 100
📊 Total imagens não-classe: 300
🔄 Dividindo em 5 folds...
  Fold 0: 20 classe, 60 não-classe
  Fold 1: 20 classe, 60 não-classe
  Fold 2: 20 classe, 60 não-classe
  Fold 3: 20 classe, 60 não-classe
  Fold 4: 20 classe, 60 não-classe

🔧 Construindo fold 0...
  ✅ Treino: 80 classe + 240 não-classe = 320
  ✅ Teste: 20 classe + 60 não-classe = 80

🔧 Construindo fold 1...
  ✅ Treino: 80 classe + 240 não-classe = 320
  ✅ Teste: 20 classe + 60 não-classe = 80

🔧 Construindo fold 2...
  ✅ Treino: 80 classe + 240 não-classe = 320
  ✅ Teste: 20 classe + 60 não-classe = 80

🔧 Construindo fold 3...
  ✅ Treino: 80 classe + 240 não-classe = 320
  ✅ Teste: 20 classe + 60 não-classe = 80

🔧 Construindo fold 4...
  ✅ Treino: 80 classe + 240 não-classe = 320
  ✅ Teste: 20 classe + 60 não-classe = 80

🎉 5 folds construídos com sucesso!
🔄 Convertendo folds para formato de classificação...

📂 Processando fold 0...
  🏋️ Processando dados de treino...
  🧪 Processando dados de teste...
  ✅ Treino: 2880 imagens → X(2880, 256), y(2880,)
  ✅ Teste: 720 imagens → X(720, 256), y(720,)

📂 Processando fold 1...
  🏋️ Processando dados de treino...
  🧪 Processando dados de teste...
  ✅ Treino: 2880 imagens → X(2880, 256), y(2880,)
  ✅ Teste: 720 imagens → X(720, 256), y(720,)

📂 Processando fold 2...
  🏋️ Processando dados de treino...
  🧪 Processando dados de teste...
  ✅ Treino: 2880 imagens → X(2880, 256), y(2880,)
  ✅ Teste: 720 imagens → X(720, 256), y(720,)

📂 Processando fold 3...
  🏋️ Processando dados de treino...
  🧪 Processando dados de teste...
  ✅ Treino: 2880 imagens → X(2880, 256), y(2880,)
  ✅ Teste: 720 imagens → X(720, 256), y(720,)

📂 Processando fold 4...
  🏋️ Processando dados de treino...
  🧪 Processando dados de teste...
  ✅ Treino: 2880 imagens → X(2880, 256), y(2880,)
  ✅ Teste: 720 imagens → X(720, 256), y(720,)

🎉 5 folds processados com sucesso!
📊 Total imagens classe: 100
📊 Total imagens não-classe: 300
🔄 Dividindo em 5 folds...
  Fold 0: 20 classe, 60 não-classe
  Fold 1: 20 classe, 60 não-classe
  Fold 2: 20 classe, 60 não-classe
  Fold 3: 20 classe, 60 não-classe
  Fold 4: 20 classe, 60 não-classe

🔧 Construindo fold 0...
  ✅ Treino: 80 classe + 240 não-classe = 320
  ✅ Teste: 20 classe + 60 não-classe = 80

🔧 Construindo fold 1...
  ✅ Treino: 80 classe + 240 não-classe = 320
  ✅ Teste: 20 classe + 60 não-classe = 80

🔧 Construindo fold 2...
  ✅ Treino: 80 classe + 240 não-classe = 320
  ✅ Teste: 20 classe + 60 não-classe = 80

🔧 Construindo fold 3...
  ✅ Treino: 80 classe + 240 não-classe = 320
  ✅ Teste: 20 classe + 60 não-classe = 80

🔧 Construindo fold 4...
  ✅ Treino: 80 classe + 240 não-classe = 320
  ✅ Teste: 20 classe + 60 não-classe = 80

🎉 5 folds construídos com sucesso!
🔄 Convertendo folds para formato de classificação...

📂 Processando fold 0...
  🏋️ Processando dados de treino...
  🧪 Processando dados de teste...
  ✅ Treino: 2880 imagens → X(2880, 256), y(2880,)
  ✅ Teste: 720 imagens → X(720, 256), y(720,)

📂 Processando fold 1...
  🏋️ Processando dados de treino...
  🧪 Processando dados de teste...
  ✅ Treino: 2880 imagens → X(2880, 256), y(2880,)
  ✅ Teste: 720 imagens → X(720, 256), y(720,)

📂 Processando fold 2...
  🏋️ Processando dados de treino...
  🧪 Processando dados de teste...
  ✅ Treino: 2880 imagens → X(2880, 256), y(2880,)
  ✅ Teste: 720 imagens → X(720, 256), y(720,)

📂 Processando fold 3...
  🏋️ Processando dados de treino...
  🧪 Processando dados de teste...
  ✅ Treino: 2880 imagens → X(2880, 256), y(2880,)
  ✅ Teste: 720 imagens → X(720, 256), y(720,)

📂 Processando fold 4...
  🏋️ Processando dados de treino...
  🧪 Processando dados de teste...
  ✅ Treino: 2880 imagens → X(2880, 256), y(2880,)
  ✅ Teste: 720 imagens → X(720, 256), y(720,)

🎉 5 folds processados com sucesso!
📊 Total imagens classe: 100
📊 Total imagens não-classe: 300
🔄 Dividindo em 5 folds...
  Fold 0: 20 classe, 60 não-classe
  Fold 1: 20 classe, 60 não-classe
  Fold 2: 20 classe, 60 não-classe
  Fold 3: 20 classe, 60 não-classe
  Fold 4: 20 classe, 60 não-classe

🔧 Construindo fold 0...
  ✅ Treino: 80 classe + 240 não-classe = 320
  ✅ Teste: 20 classe + 60 não-classe = 80

🔧 Construindo fold 1...
  ✅ Treino: 80 classe + 240 não-classe = 320
  ✅ Teste: 20 classe + 60 não-classe = 80

🔧 Construindo fold 2...
  ✅ Treino: 80 classe + 240 não-classe = 320
  ✅ Teste: 20 classe + 60 não-classe = 80

🔧 Construindo fold 3...
  ✅ Treino: 80 classe + 240 não-classe = 320
  ✅ Teste: 20 classe + 60 não-classe = 80

🔧 Construindo fold 4...
  ✅ Treino: 80 classe + 240 não-classe = 320
  ✅ Teste: 20 classe + 60 não-classe = 80

🎉 5 folds construídos com sucesso!
🔄 Convertendo folds para formato de classificação...

📂 Processando fold 0...
  🏋️ Processando dados de treino...
  🧪 Processando dados de teste...
  ✅ Treino: 2880 imagens → X(2880, 256), y(2880,)
  ✅ Teste: 720 imagens → X(720, 256), y(720,)

📂 Processando fold 1...
  🏋️ Processando dados de treino...
  🧪 Processando dados de teste...
  ✅ Treino: 2880 imagens → X(2880, 256), y(2880,)
  ✅ Teste: 720 imagens → X(720, 256), y(720,)

📂 Processando fold 2...
  🏋️ Processando dados de treino...
  🧪 Processando dados de teste...
  ✅ Treino: 2880 imagens → X(2880, 256), y(2880,)
  ✅ Teste: 720 imagens → X(720, 256), y(720,)

📂 Processando fold 3...
  🏋️ Processando dados de treino...
  🧪 Processando dados de teste...
  ✅ Treino: 2880 imagens → X(2880, 256), y(2880,)
  ✅ Teste: 720 imagens → X(720, 256), y(720,)

📂 Processando fold 4...
  🏋️ Processando dados de treino...
  🧪 Processando dados de teste...
  ✅ Treino: 2880 imagens → X(2880, 256), y(2880,)
  ✅ Teste: 720 imagens → X(720, 256), y(720,)

🎉 5 folds processados com sucesso!
📊 Total imagens classe: 100
📊 Total imagens não-classe: 300
🔄 Dividindo em 5 folds...
  Fold 0: 20 classe, 60 não-classe
  Fold 1: 20 classe, 60 não-classe
  Fold 2: 20 classe, 60 não-classe
  Fold 3: 20 classe, 60 não-classe
  Fold 4: 20 classe, 60 não-classe

🔧 Construindo fold 0...
  ✅ Treino: 80 classe + 240 não-classe = 320
  ✅ Teste: 20 classe + 60 não-classe = 80

🔧 Construindo fold 1...
  ✅ Treino: 80 classe + 240 não-classe = 320
  ✅ Teste: 20 classe + 60 não-classe = 80

🔧 Construindo fold 2...
  ✅ Treino: 80 classe + 240 não-classe = 320
  ✅ Teste: 20 classe + 60 não-classe = 80

🔧 Construindo fold 3...
  ✅ Treino: 80 classe + 240 não-classe = 320
  ✅ Teste: 20 classe + 60 não-classe = 80

🔧 Construindo fold 4...
  ✅ Treino: 80 classe + 240 não-classe = 320
  ✅ Teste: 20 classe + 60 não-classe = 80

🎉 5 folds construídos com sucesso!
🔄 Convertendo folds para formato de classificação...

📂 Processando fold 0...
  🏋️ Processando dados de treino...
  🧪 Processando dados de teste...
  ✅ Treino: 2880 imagens → X(2880, 256), y(2880,)
  ✅ Teste: 720 imagens → X(720, 256), y(720,)

📂 Processando fold 1...
  🏋️ Processando dados de treino...
  🧪 Processando dados de teste...
  ✅ Treino: 2880 imagens → X(2880, 256), y(2880,)
  ✅ Teste: 720 imagens → X(720, 256), y(720,)

📂 Processando fold 2...
  🏋️ Processando dados de treino...
  🧪 Processando dados de teste...
  ✅ Treino: 2880 imagens → X(2880, 256), y(2880,)
  ✅ Teste: 720 imagens → X(720, 256), y(720,)

📂 Processando fold 3...
  🏋️ Processando dados de treino...
  🧪 Processando dados de teste...
  ✅ Treino: 2880 imagens → X(2880, 256), y(2880,)
  ✅ Teste: 720 imagens → X(720, 256), y(720,)

📂 Processando fold 4...
  🏋️ Processando dados de treino...
  🧪 Processando dados de teste...
  ✅ Treino: 2880 imagens → X(2880, 256), y(2880,)
  ✅ Teste: 720 imagens → X(720, 256), y(720,)

🎉 5 folds processados com sucesso!
📊 Total imagens classe: 100
📊 Total imagens não-classe: 300
🔄 Dividindo em 5 folds...
  Fold 0: 20 classe, 60 não-classe
  Fold 1: 20 classe, 60 não-classe
  Fold 2: 20 classe, 60 não-classe
  Fold 3: 20 classe, 60 não-classe
  Fold 4: 20 classe, 60 não-classe

🔧 Construindo fold 0...
  ✅ Treino: 80 classe + 240 não-classe = 320
  ✅ Teste: 20 classe + 60 não-classe = 80

🔧 Construindo fold 1...
  ✅ Treino: 80 classe + 240 não-classe = 320
  ✅ Teste: 20 classe + 60 não-classe = 80

🔧 Construindo fold 2...
  ✅ Treino: 80 classe + 240 não-classe = 320
  ✅ Teste: 20 classe + 60 não-classe = 80

🔧 Construindo fold 3...
  ✅ Treino: 80 classe + 240 não-classe = 320
  ✅ Teste: 20 classe + 60 não-classe = 80

🔧 Construindo fold 4...
  ✅ Treino: 80 classe + 240 não-classe = 320
  ✅ Teste: 20 classe + 60 não-classe = 80

🎉 5 folds construídos com sucesso!
🔄 Convertendo folds para formato de classificação...

📂 Processando fold 0...
  🏋️ Processando dados de treino...
  🧪 Processando dados de teste...
  ✅ Treino: 2880 imagens → X(2880, 131), y(2880,)
  ✅ Teste: 720 imagens → X(720, 131), y(720,)

📂 Processando fold 1...
  🏋️ Processando dados de treino...
  🧪 Processando dados de teste...
  ✅ Treino: 2880 imagens → X(2880, 131), y(2880,)
  ✅ Teste: 720 imagens → X(720, 131), y(720,)

📂 Processando fold 2...
  🏋️ Processando dados de treino...
  🧪 Processando dados de teste...
  ✅ Treino: 2880 imagens → X(2880, 131), y(2880,)
  ✅ Teste: 720 imagens → X(720, 131), y(720,)

📂 Processando fold 3...
  🏋️ Processando dados de treino...
  🧪 Processando dados de teste...
  ✅ Treino: 2880 imagens → X(2880, 131), y(2880,)
  ✅ Teste: 720 imagens → X(720, 131), y(720,)

📂 Processando fold 4...
  🏋️ Processando dados de treino...
  🧪 Processando dados de teste...
  ✅ Treino: 2880 imagens → X(2880, 131), y(2880,)
  ✅ Teste: 720 imagens → X(720, 131), y(720,)

🎉 5 folds processados com sucesso!
📊 Total imagens classe: 100
📊 Total imagens não-classe: 300
🔄 Dividindo em 5 folds...
  Fold 0: 20 classe, 60 não-classe
  Fold 1: 20 classe, 60 não-classe
  Fold 2: 20 classe, 60 não-classe
  Fold 3: 20 classe, 60 não-classe
  Fold 4: 20 classe, 60 não-classe

🔧 Construindo fold 0...
  ✅ Treino: 80 classe + 240 não-classe = 320
  ✅ Teste: 20 classe + 60 não-classe = 80

🔧 Construindo fold 1...
  ✅ Treino: 80 classe + 240 não-classe = 320
  ✅ Teste: 20 classe + 60 não-classe = 80

🔧 Construindo fold 2...
  ✅ Treino: 80 classe + 240 não-classe = 320
  ✅ Teste: 20 classe + 60 não-classe = 80

🔧 Construindo fold 3...
  ✅ Treino: 80 classe + 240 não-classe = 320
  ✅ Teste: 20 classe + 60 não-classe = 80

🔧 Construindo fold 4...
  ✅ Treino: 80 classe + 240 não-classe = 320
  ✅ Teste: 20 classe + 60 não-classe = 80

🎉 5 folds construídos com sucesso!
🔄 Convertendo folds para formato de classificação...

📂 Processando fold 0...
  🏋️ Processando dados de treino...
  🧪 Processando dados de teste...
  ✅ Treino: 2880 imagens → X(2880, 131), y(2880,)
  ✅ Teste: 720 imagens → X(720, 131), y(720,)

📂 Processando fold 1...
  🏋️ Processando dados de treino...
  🧪 Processando dados de teste...
  ✅ Treino: 2880 imagens → X(2880, 131), y(2880,)
  ✅ Teste: 720 imagens → X(720, 131), y(720,)

📂 Processando fold 2...
  🏋️ Processando dados de treino...
  🧪 Processando dados de teste...
  ✅ Treino: 2880 imagens → X(2880, 131), y(2880,)
  ✅ Teste: 720 imagens → X(720, 131), y(720,)

📂 Processando fold 3...
  🏋️ Processando dados de treino...
  🧪 Processando dados de teste...
  ✅ Treino: 2880 imagens → X(2880, 131), y(2880,)
  ✅ Teste: 720 imagens → X(720, 131), y(720,)

📂 Processando fold 4...
  🏋️ Processando dados de treino...
  🧪 Processando dados de teste...
  ✅ Treino: 2880 imagens → X(2880, 131), y(2880,)
  ✅ Teste: 720 imagens → X(720, 131), y(720,)

🎉 5 folds processados com sucesso!
📊 Total imagens classe: 100
📊 Total imagens não-classe: 300
🔄 Dividindo em 5 folds...
  Fold 0: 20 classe, 60 não-classe
  Fold 1: 20 classe, 60 não-classe
  Fold 2: 20 classe, 60 não-classe
  Fold 3: 20 classe, 60 não-classe
  Fold 4: 20 classe, 60 não-classe

🔧 Construindo fold 0...
  ✅ Treino: 80 classe + 240 não-classe = 320
  ✅ Teste: 20 classe + 60 não-classe = 80

🔧 Construindo fold 1...
  ✅ Treino: 80 classe + 240 não-classe = 320
  ✅ Teste: 20 classe + 60 não-classe = 80

🔧 Construindo fold 2...
  ✅ Treino: 80 classe + 240 não-classe = 320
  ✅ Teste: 20 classe + 60 não-classe = 80

🔧 Construindo fold 3...
  ✅ Treino: 80 classe + 240 não-classe = 320
  ✅ Teste: 20 classe + 60 não-classe = 80

🔧 Construindo fold 4...
  ✅ Treino: 80 classe + 240 não-classe = 320
  ✅ Teste: 20 classe + 60 não-classe = 80

🎉 5 folds construídos com sucesso!
🔄 Convertendo folds para formato de classificação...

📂 Processando fold 0...
  🏋️ Processando dados de treino...
  🧪 Processando dados de teste...
  ✅ Treino: 2880 imagens → X(2880, 131), y(2880,)
  ✅ Teste: 720 imagens → X(720, 131), y(720,)

📂 Processando fold 1...
  🏋️ Processando dados de treino...
  🧪 Processando dados de teste...
  ✅ Treino: 2880 imagens → X(2880, 131), y(2880,)
  ✅ Teste: 720 imagens → X(720, 131), y(720,)

📂 Processando fold 2...
  🏋️ Processando dados de treino...
  🧪 Processando dados de teste...
  ✅ Treino: 2880 imagens → X(2880, 131), y(2880,)
  ✅ Teste: 720 imagens → X(720, 131), y(720,)

📂 Processando fold 3...
  🏋️ Processando dados de treino...
  🧪 Processando dados de teste...
  ✅ Treino: 2880 imagens → X(2880, 131), y(2880,)
  ✅ Teste: 720 imagens → X(720, 131), y(720,)

📂 Processando fold 4...
  🏋️ Processando dados de treino...
  🧪 Processando dados de teste...
  ✅ Treino: 2880 imagens → X(2880, 131), y(2880,)
  ✅ Teste: 720 imagens → X(720, 131), y(720,)

🎉 5 folds processados com sucesso!
📊 Total imagens classe: 100
📊 Total imagens não-classe: 300
🔄 Dividindo em 5 folds...
  Fold 0: 20 classe, 60 não-classe
  Fold 1: 20 classe, 60 não-classe
  Fold 2: 20 classe, 60 não-classe
  Fold 3: 20 classe, 60 não-classe
  Fold 4: 20 classe, 60 não-classe

🔧 Construindo fold 0...
  ✅ Treino: 80 classe + 240 não-classe = 320
  ✅ Teste: 20 classe + 60 não-classe = 80

🔧 Construindo fold 1...
  ✅ Treino: 80 classe + 240 não-classe = 320
  ✅ Teste: 20 classe + 60 não-classe = 80

🔧 Construindo fold 2...
  ✅ Treino: 80 classe + 240 não-classe = 320
  ✅ Teste: 20 classe + 60 não-classe = 80

🔧 Construindo fold 3...
  ✅ Treino: 80 classe + 240 não-classe = 320
  ✅ Teste: 20 classe + 60 não-classe = 80

🔧 Construindo fold 4...
  ✅ Treino: 80 classe + 240 não-classe = 320
  ✅ Teste: 20 classe + 60 não-classe = 80

🎉 5 folds construídos com sucesso!
🔄 Convertendo folds para formato de classificação...

📂 Processando fold 0...
  🏋️ Processando dados de treino...
  🧪 Processando dados de teste...
  ✅ Treino: 2880 imagens → X(2880, 131), y(2880,)
  ✅ Teste: 720 imagens → X(720, 131), y(720,)

📂 Processando fold 1...
  🏋️ Processando dados de treino...
  🧪 Processando dados de teste...
  ✅ Treino: 2880 imagens → X(2880, 131), y(2880,)
  ✅ Teste: 720 imagens → X(720, 131), y(720,)

📂 Processando fold 2...
  🏋️ Processando dados de treino...
  🧪 Processando dados de teste...
  ✅ Treino: 2880 imagens → X(2880, 131), y(2880,)
  ✅ Teste: 720 imagens → X(720, 131), y(720,)

📂 Processando fold 3...
  🏋️ Processando dados de treino...
  🧪 Processando dados de teste...
  ✅ Treino: 2880 imagens → X(2880, 131), y(2880,)
  ✅ Teste: 720 imagens → X(720, 131), y(720,)

📂 Processando fold 4...
  🏋️ Processando dados de treino...
  🧪 Processando dados de teste...
  ✅ Treino: 2880 imagens → X(2880, 131), y(2880,)
  ✅ Teste: 720 imagens → X(720, 131), y(720,)

🎉 5 folds processados com sucesso!
📊 Total imagens classe: 100
📊 Total imagens não-classe: 300
🔄 Dividindo em 5 folds...
  Fold 0: 20 classe, 60 não-classe
  Fold 1: 20 classe, 60 não-classe
  Fold 2: 20 classe, 60 não-classe
  Fold 3: 20 classe, 60 não-classe
  Fold 4: 20 classe, 60 não-classe

🔧 Construindo fold 0...
  ✅ Treino: 80 classe + 240 não-classe = 320
  ✅ Teste: 20 classe + 60 não-classe = 80

🔧 Construindo fold 1...
  ✅ Treino: 80 classe + 240 não-classe = 320
  ✅ Teste: 20 classe + 60 não-classe = 80

🔧 Construindo fold 2...
  ✅ Treino: 80 classe + 240 não-classe = 320
  ✅ Teste: 20 classe + 60 não-classe = 80

🔧 Construindo fold 3...
  ✅ Treino: 80 classe + 240 não-classe = 320
  ✅ Teste: 20 classe + 60 não-classe = 80

🔧 Construindo fold 4...
  ✅ Treino: 80 classe + 240 não-classe = 320
  ✅ Teste: 20 classe + 60 não-classe = 80

🎉 5 folds construídos com sucesso!
🔄 Convertendo folds para formato de classificação...

📂 Processando fold 0...
  🏋️ Processando dados de treino...
  🧪 Processando dados de teste...
  ✅ Treino: 2880 imagens → X(2880, 315), y(2880,)
  ✅ Teste: 720 imagens → X(720, 315), y(720,)

📂 Processando fold 1...
  🏋️ Processando dados de treino...
  🧪 Processando dados de teste...
  ✅ Treino: 2880 imagens → X(2880, 315), y(2880,)
  ✅ Teste: 720 imagens → X(720, 315), y(720,)

📂 Processando fold 2...
  🏋️ Processando dados de treino...
  🧪 Processando dados de teste...
  ✅ Treino: 2880 imagens → X(2880, 315), y(2880,)
  ✅ Teste: 720 imagens → X(720, 315), y(720,)

📂 Processando fold 3...
  🏋️ Processando dados de treino...
  🧪 Processando dados de teste...
  ✅ Treino: 2880 imagens → X(2880, 315), y(2880,)
  ✅ Teste: 720 imagens → X(720, 315), y(720,)

📂 Processando fold 4...
  🏋️ Processando dados de treino...
  🧪 Processando dados de teste...
  ✅ Treino: 2880 imagens → X(2880, 315), y(2880,)
  ✅ Teste: 720 imagens → X(720, 315), y(720,)

🎉 5 folds processados com sucesso!
📊 Total imagens classe: 100
📊 Total imagens não-classe: 300
🔄 Dividindo em 5 folds...
  Fold 0: 20 classe, 60 não-classe
  Fold 1: 20 classe, 60 não-classe
  Fold 2: 20 classe, 60 não-classe
  Fold 3: 20 classe, 60 não-classe
  Fold 4: 20 classe, 60 não-classe

🔧 Construindo fold 0...
  ✅ Treino: 80 classe + 240 não-classe = 320
  ✅ Teste: 20 classe + 60 não-classe = 80

🔧 Construindo fold 1...
  ✅ Treino: 80 classe + 240 não-classe = 320
  ✅ Teste: 20 classe + 60 não-classe = 80

🔧 Construindo fold 2...
  ✅ Treino: 80 classe + 240 não-classe = 320
  ✅ Teste: 20 classe + 60 não-classe = 80

🔧 Construindo fold 3...
  ✅ Treino: 80 classe + 240 não-classe = 320
  ✅ Teste: 20 classe + 60 não-classe = 80

🔧 Construindo fold 4...
  ✅ Treino: 80 classe + 240 não-classe = 320
  ✅ Teste: 20 classe + 60 não-classe = 80

🎉 5 folds construídos com sucesso!
🔄 Convertendo folds para formato de classificação...

📂 Processando fold 0...
  🏋️ Processando dados de treino...
  🧪 Processando dados de teste...
  ✅ Treino: 2880 imagens → X(2880, 315), y(2880,)
  ✅ Teste: 720 imagens → X(720, 315), y(720,)

📂 Processando fold 1...
  🏋️ Processando dados de treino...
  🧪 Processando dados de teste...
  ✅ Treino: 2880 imagens → X(2880, 315), y(2880,)
  ✅ Teste: 720 imagens → X(720, 315), y(720,)

📂 Processando fold 2...
  🏋️ Processando dados de treino...
  🧪 Processando dados de teste...
  ✅ Treino: 2880 imagens → X(2880, 315), y(2880,)
  ✅ Teste: 720 imagens → X(720, 315), y(720,)

📂 Processando fold 3...
  🏋️ Processando dados de treino...
  🧪 Processando dados de teste...
  ✅ Treino: 2880 imagens → X(2880, 315), y(2880,)
  ✅ Teste: 720 imagens → X(720, 315), y(720,)

📂 Processando fold 4...
  🏋️ Processando dados de treino...
  🧪 Processando dados de teste...
  ✅ Treino: 2880 imagens → X(2880, 315), y(2880,)
  ✅ Teste: 720 imagens → X(720, 315), y(720,)

🎉 5 folds processados com sucesso!
📊 Total imagens classe: 100
📊 Total imagens não-classe: 300
🔄 Dividindo em 5 folds...
  Fold 0: 20 classe, 60 não-classe
  Fold 1: 20 classe, 60 não-classe
  Fold 2: 20 classe, 60 não-classe
  Fold 3: 20 classe, 60 não-classe
  Fold 4: 20 classe, 60 não-classe

🔧 Construindo fold 0...
  ✅ Treino: 80 classe + 240 não-classe = 320
  ✅ Teste: 20 classe + 60 não-classe = 80

🔧 Construindo fold 1...
  ✅ Treino: 80 classe + 240 não-classe = 320
  ✅ Teste: 20 classe + 60 não-classe = 80

🔧 Construindo fold 2...
  ✅ Treino: 80 classe + 240 não-classe = 320
  ✅ Teste: 20 classe + 60 não-classe = 80

🔧 Construindo fold 3...
  ✅ Treino: 80 classe + 240 não-classe = 320
  ✅ Teste: 20 classe + 60 não-classe = 80

🔧 Construindo fold 4...
  ✅ Treino: 80 classe + 240 não-classe = 320
  ✅ Teste: 20 classe + 60 não-classe = 80

🎉 5 folds construídos com sucesso!
🔄 Convertendo folds para formato de classificação...

📂 Processando fold 0...
  🏋️ Processando dados de treino...
  🧪 Processando dados de teste...
  ✅ Treino: 2880 imagens → X(2880, 315), y(2880,)
  ✅ Teste: 720 imagens → X(720, 315), y(720,)

📂 Processando fold 1...
  🏋️ Processando dados de treino...
  🧪 Processando dados de teste...
  ✅ Treino: 2880 imagens → X(2880, 315), y(2880,)
  ✅ Teste: 720 imagens → X(720, 315), y(720,)

📂 Processando fold 2...
  🏋️ Processando dados de treino...
  🧪 Processando dados de teste...
  ✅ Treino: 2880 imagens → X(2880, 315), y(2880,)
  ✅ Teste: 720 imagens → X(720, 315), y(720,)

📂 Processando fold 3...
  🏋️ Processando dados de treino...
  🧪 Processando dados de teste...
  ✅ Treino: 2880 imagens → X(2880, 315), y(2880,)
  ✅ Teste: 720 imagens → X(720, 315), y(720,)

📂 Processando fold 4...
  🏋️ Processando dados de treino...
  🧪 Processando dados de teste...
  ✅ Treino: 2880 imagens → X(2880, 315), y(2880,)
  ✅ Teste: 720 imagens → X(720, 315), y(720,)

🎉 5 folds processados com sucesso!
📊 Total imagens classe: 100
📊 Total imagens não-classe: 300
🔄 Dividindo em 5 folds...
  Fold 0: 20 classe, 60 não-classe
  Fold 1: 20 classe, 60 não-classe
  Fold 2: 20 classe, 60 não-classe
  Fold 3: 20 classe, 60 não-classe
  Fold 4: 20 classe, 60 não-classe

🔧 Construindo fold 0...
  ✅ Treino: 80 classe + 240 não-classe = 320
  ✅ Teste: 20 classe + 60 não-classe = 80

🔧 Construindo fold 1...
  ✅ Treino: 80 classe + 240 não-classe = 320
  ✅ Teste: 20 classe + 60 não-classe = 80

🔧 Construindo fold 2...
  ✅ Treino: 80 classe + 240 não-classe = 320
  ✅ Teste: 20 classe + 60 não-classe = 80

🔧 Construindo fold 3...
  ✅ Treino: 80 classe + 240 não-classe = 320
  ✅ Teste: 20 classe + 60 não-classe = 80

🔧 Construindo fold 4...
  ✅ Treino: 80 classe + 240 não-classe = 320
  ✅ Teste: 20 classe + 60 não-classe = 80

🎉 5 folds construídos com sucesso!
🔄 Convertendo folds para formato de classificação...

📂 Processando fold 0...
  🏋️ Processando dados de treino...
  🧪 Processando dados de teste...
  ✅ Treino: 2880 imagens → X(2880, 315), y(2880,)
  ✅ Teste: 720 imagens → X(720, 315), y(720,)

📂 Processando fold 1...
  🏋️ Processando dados de treino...
  🧪 Processando dados de teste...
  ✅ Treino: 2880 imagens → X(2880, 315), y(2880,)
  ✅ Teste: 720 imagens → X(720, 315), y(720,)

📂 Processando fold 2...
  🏋️ Processando dados de treino...
  🧪 Processando dados de teste...
  ✅ Treino: 2880 imagens → X(2880, 315), y(2880,)
  ✅ Teste: 720 imagens → X(720, 315), y(720,)

📂 Processando fold 3...
  🏋️ Processando dados de treino...
  🧪 Processando dados de teste...
  ✅ Treino: 2880 imagens → X(2880, 315), y(2880,)
  ✅ Teste: 720 imagens → X(720, 315), y(720,)

📂 Processando fold 4...
  🏋️ Processando dados de treino...
  🧪 Processando dados de teste...
  ✅ Treino: 2880 imagens → X(2880, 315), y(2880,)
  ✅ Teste: 720 imagens → X(720, 315), y(720,)

🎉 5 folds processados com sucesso!
📊 Total imagens classe: 100
📊 Total imagens não-classe: 300
🔄 Dividindo em 5 folds...
  Fold 0: 20 classe, 60 não-classe
  Fold 1: 20 classe, 60 não-classe
  Fold 2: 20 classe, 60 não-classe
  Fold 3: 20 classe, 60 não-classe
  Fold 4: 20 classe, 60 não-classe

🔧 Construindo fold 0...
  ✅ Treino: 80 classe + 240 não-classe = 320
  ✅ Teste: 20 classe + 60 não-classe = 80

🔧 Construindo fold 1...
  ✅ Treino: 80 classe + 240 não-classe = 320
  ✅ Teste: 20 classe + 60 não-classe = 80

🔧 Construindo fold 2...
  ✅ Treino: 80 classe + 240 não-classe = 320
  ✅ Teste: 20 classe + 60 não-classe = 80

🔧 Construindo fold 3...
  ✅ Treino: 80 classe + 240 não-classe = 320
  ✅ Teste: 20 classe + 60 não-classe = 80

🔧 Construindo fold 4...
  ✅ Treino: 80 classe + 240 não-classe = 320
  ✅ Teste: 20 classe + 60 não-classe = 80

🎉 5 folds construídos com sucesso!
🔄 Convertendo folds para formato de classificação...

📂 Processando fold 0...
  🏋️ Processando dados de treino...
  🧪 Processando dados de teste...
  ✅ Treino: 2880 imagens → X(2880, 328), y(2880,)
  ✅ Teste: 720 imagens → X(720, 328), y(720,)

📂 Processando fold 1...
  🏋️ Processando dados de treino...
  🧪 Processando dados de teste...
  ✅ Treino: 2880 imagens → X(2880, 328), y(2880,)
  ✅ Teste: 720 imagens → X(720, 328), y(720,)

📂 Processando fold 2...
  🏋️ Processando dados de treino...
  🧪 Processando dados de teste...
  ✅ Treino: 2880 imagens → X(2880, 328), y(2880,)
  ✅ Teste: 720 imagens → X(720, 328), y(720,)

📂 Processando fold 3...
  🏋️ Processando dados de treino...
  🧪 Processando dados de teste...
  ✅ Treino: 2880 imagens → X(2880, 328), y(2880,)
  ✅ Teste: 720 imagens → X(720, 328), y(720,)

📂 Processando fold 4...
  🏋️ Processando dados de treino...
  🧪 Processando dados de teste...
  ✅ Treino: 2880 imagens → X(2880, 328), y(2880,)
  ✅ Teste: 720 imagens → X(720, 328), y(720,)

🎉 5 folds processados com sucesso!
📊 Total imagens classe: 100
📊 Total imagens não-classe: 300
🔄 Dividindo em 5 folds...
  Fold 0: 20 classe, 60 não-classe
  Fold 1: 20 classe, 60 não-classe
  Fold 2: 20 classe, 60 não-classe
  Fold 3: 20 classe, 60 não-classe
  Fold 4: 20 classe, 60 não-classe

🔧 Construindo fold 0...
  ✅ Treino: 80 classe + 240 não-classe = 320
  ✅ Teste: 20 classe + 60 não-classe = 80

🔧 Construindo fold 1...
  ✅ Treino: 80 classe + 240 não-classe = 320
  ✅ Teste: 20 classe + 60 não-classe = 80

🔧 Construindo fold 2...
  ✅ Treino: 80 classe + 240 não-classe = 320
  ✅ Teste: 20 classe + 60 não-classe = 80

🔧 Construindo fold 3...
  ✅ Treino: 80 classe + 240 não-classe = 320
  ✅ Teste: 20 classe + 60 não-classe = 80

🔧 Construindo fold 4...
  ✅ Treino: 80 classe + 240 não-classe = 320
  ✅ Teste: 20 classe + 60 não-classe = 80

🎉 5 folds construídos com sucesso!
🔄 Convertendo folds para formato de classificação...

📂 Processando fold 0...
  🏋️ Processando dados de treino...
  🧪 Processando dados de teste...
  ✅ Treino: 2880 imagens → X(2880, 328), y(2880,)
  ✅ Teste: 720 imagens → X(720, 328), y(720,)

📂 Processando fold 1...
  🏋️ Processando dados de treino...
  🧪 Processando dados de teste...
  ✅ Treino: 2880 imagens → X(2880, 328), y(2880,)
  ✅ Teste: 720 imagens → X(720, 328), y(720,)

📂 Processando fold 2...
  🏋️ Processando dados de treino...
  🧪 Processando dados de teste...
  ✅ Treino: 2880 imagens → X(2880, 328), y(2880,)
  ✅ Teste: 720 imagens → X(720, 328), y(720,)

📂 Processando fold 3...
  🏋️ Processando dados de treino...
  🧪 Processando dados de teste...
  ✅ Treino: 2880 imagens → X(2880, 328), y(2880,)
  ✅ Teste: 720 imagens → X(720, 328), y(720,)

📂 Processando fold 4...
  🏋️ Processando dados de treino...
  🧪 Processando dados de teste...
  ✅ Treino: 2880 imagens → X(2880, 328), y(2880,)
  ✅ Teste: 720 imagens → X(720, 328), y(720,)

🎉 5 folds processados com sucesso!
📊 Total imagens classe: 100
📊 Total imagens não-classe: 300
🔄 Dividindo em 5 folds...
  Fold 0: 20 classe, 60 não-classe
  Fold 1: 20 classe, 60 não-classe
  Fold 2: 20 classe, 60 não-classe
  Fold 3: 20 classe, 60 não-classe
  Fold 4: 20 classe, 60 não-classe

🔧 Construindo fold 0...
  ✅ Treino: 80 classe + 240 não-classe = 320
  ✅ Teste: 20 classe + 60 não-classe = 80

🔧 Construindo fold 1...
  ✅ Treino: 80 classe + 240 não-classe = 320
  ✅ Teste: 20 classe + 60 não-classe = 80

🔧 Construindo fold 2...
  ✅ Treino: 80 classe + 240 não-classe = 320
  ✅ Teste: 20 classe + 60 não-classe = 80

🔧 Construindo fold 3...
  ✅ Treino: 80 classe + 240 não-classe = 320
  ✅ Teste: 20 classe + 60 não-classe = 80

🔧 Construindo fold 4...
  ✅ Treino: 80 classe + 240 não-classe = 320
  ✅ Teste: 20 classe + 60 não-classe = 80

🎉 5 folds construídos com sucesso!
🔄 Convertendo folds para formato de classificação...

📂 Processando fold 0...
  🏋️ Processando dados de treino...
  🧪 Processando dados de teste...
  ✅ Treino: 2880 imagens → X(2880, 328), y(2880,)
  ✅ Teste: 720 imagens → X(720, 328), y(720,)

📂 Processando fold 1...
  🏋️ Processando dados de treino...
  🧪 Processando dados de teste...
  ✅ Treino: 2880 imagens → X(2880, 328), y(2880,)
  ✅ Teste: 720 imagens → X(720, 328), y(720,)

📂 Processando fold 2...
  🏋️ Processando dados de treino...
  🧪 Processando dados de teste...
  ✅ Treino: 2880 imagens → X(2880, 328), y(2880,)
  ✅ Teste: 720 imagens → X(720, 328), y(720,)

📂 Processando fold 3...
  🏋️ Processando dados de treino...
  🧪 Processando dados de teste...
  ✅ Treino: 2880 imagens → X(2880, 328), y(2880,)
  ✅ Teste: 720 imagens → X(720, 328), y(720,)

📂 Processando fold 4...
  🏋️ Processando dados de treino...
  🧪 Processando dados de teste...
  ✅ Treino: 2880 imagens → X(2880, 328), y(2880,)
  ✅ Teste: 720 imagens → X(720, 328), y(720,)

🎉 5 folds processados com sucesso!
📊 Total imagens classe: 100
📊 Total imagens não-classe: 300
🔄 Dividindo em 5 folds...
  Fold 0: 20 classe, 60 não-classe
  Fold 1: 20 classe, 60 não-classe
  Fold 2: 20 classe, 60 não-classe
  Fold 3: 20 classe, 60 não-classe
  Fold 4: 20 classe, 60 não-classe

🔧 Construindo fold 0...
  ✅ Treino: 80 classe + 240 não-classe = 320
  ✅ Teste: 20 classe + 60 não-classe = 80

🔧 Construindo fold 1...
  ✅ Treino: 80 classe + 240 não-classe = 320
  ✅ Teste: 20 classe + 60 não-classe = 80

🔧 Construindo fold 2...
  ✅ Treino: 80 classe + 240 não-classe = 320
  ✅ Teste: 20 classe + 60 não-classe = 80

🔧 Construindo fold 3...
  ✅ Treino: 80 classe + 240 não-classe = 320
  ✅ Teste: 20 classe + 60 não-classe = 80

🔧 Construindo fold 4...
  ✅ Treino: 80 classe + 240 não-classe = 320
  ✅ Teste: 20 classe + 60 não-classe = 80

🎉 5 folds construídos com sucesso!
🔄 Convertendo folds para formato de classificação...

📂 Processando fold 0...
  🏋️ Processando dados de treino...
  🧪 Processando dados de teste...
  ✅ Treino: 2880 imagens → X(2880, 328), y(2880,)
  ✅ Teste: 720 imagens → X(720, 328), y(720,)

📂 Processando fold 1...
  🏋️ Processando dados de treino...
  🧪 Processando dados de teste...
  ✅ Treino: 2880 imagens → X(2880, 328), y(2880,)
  ✅ Teste: 720 imagens → X(720, 328), y(720,)

📂 Processando fold 2...
  🏋️ Processando dados de treino...
  🧪 Processando dados de teste...
  ✅ Treino: 2880 imagens → X(2880, 328), y(2880,)
  ✅ Teste: 720 imagens → X(720, 328), y(720,)

📂 Processando fold 3...
  🏋️ Processando dados de treino...
  🧪 Processando dados de teste...
  ✅ Treino: 2880 imagens → X(2880, 328), y(2880,)
  ✅ Teste: 720 imagens → X(720, 328), y(720,)

📂 Processando fold 4...
  🏋️ Processando dados de treino...
  🧪 Processando dados de teste...
  ✅ Treino: 2880 imagens → X(2880, 328), y(2880,)
  ✅ Teste: 720 imagens → X(720, 328), y(720,)

🎉 5 folds processados com sucesso!
📊 Total imagens classe: 100
📊 Total imagens não-classe: 300
🔄 Dividindo em 5 folds...
  Fold 0: 20 classe, 60 não-classe
  Fold 1: 20 classe, 60 não-classe
  Fold 2: 20 classe, 60 não-classe
  Fold 3: 20 classe, 60 não-classe
  Fold 4: 20 classe, 60 não-classe

🔧 Construindo fold 0...
  ✅ Treino: 80 classe + 240 não-classe = 320
  ✅ Teste: 20 classe + 60 não-classe = 80

🔧 Construindo fold 1...
  ✅ Treino: 80 classe + 240 não-classe = 320
  ✅ Teste: 20 classe + 60 não-classe = 80

🔧 Construindo fold 2...
  ✅ Treino: 80 classe + 240 não-classe = 320
  ✅ Teste: 20 classe + 60 não-classe = 80

🔧 Construindo fold 3...
  ✅ Treino: 80 classe + 240 não-classe = 320
  ✅ Teste: 20 classe + 60 não-classe = 80

🔧 Construindo fold 4...
  ✅ Treino: 80 classe + 240 não-classe = 320
  ✅ Teste: 20 classe + 60 não-classe = 80

🎉 5 folds construídos com sucesso!
🔄 Convertendo folds para formato de classificação...

📂 Processando fold 0...
  🏋️ Processando dados de treino...
  🧪 Processando dados de teste...
  ✅ Treino: 2880 imagens → X(2880, 387), y(2880,)
  ✅ Teste: 720 imagens → X(720, 387), y(720,)

📂 Processando fold 1...
  🏋️ Processando dados de treino...
  🧪 Processando dados de teste...
  ✅ Treino: 2880 imagens → X(2880, 387), y(2880,)
  ✅ Teste: 720 imagens → X(720, 387), y(720,)

📂 Processando fold 2...
  🏋️ Processando dados de treino...
  🧪 Processando dados de teste...
  ✅ Treino: 2880 imagens → X(2880, 387), y(2880,)
  ✅ Teste: 720 imagens → X(720, 387), y(720,)

📂 Processando fold 3...
  🏋️ Processando dados de treino...
  🧪 Processando dados de teste...
  ✅ Treino: 2880 imagens → X(2880, 387), y(2880,)
  ✅ Teste: 720 imagens → X(720, 387), y(720,)

📂 Processando fold 4...
  🏋️ Processando dados de treino...
  🧪 Processando dados de teste...
  ✅ Treino: 2880 imagens → X(2880, 387), y(2880,)
  ✅ Teste: 720 imagens → X(720, 387), y(720,)

🎉 5 folds processados com sucesso!
📊 Total imagens classe: 100
📊 Total imagens não-classe: 300
🔄 Dividindo em 5 folds...
  Fold 0: 20 classe, 60 não-classe
  Fold 1: 20 classe, 60 não-classe
  Fold 2: 20 classe, 60 não-classe
  Fold 3: 20 classe, 60 não-classe
  Fold 4: 20 classe, 60 não-classe

🔧 Construindo fold 0...
  ✅ Treino: 80 classe + 240 não-classe = 320
  ✅ Teste: 20 classe + 60 não-classe = 80

🔧 Construindo fold 1...
  ✅ Treino: 80 classe + 240 não-classe = 320
  ✅ Teste: 20 classe + 60 não-classe = 80

🔧 Construindo fold 2...
  ✅ Treino: 80 classe + 240 não-classe = 320
  ✅ Teste: 20 classe + 60 não-classe = 80

🔧 Construindo fold 3...
  ✅ Treino: 80 classe + 240 não-classe = 320
  ✅ Teste: 20 classe + 60 não-classe = 80

🔧 Construindo fold 4...
  ✅ Treino: 80 classe + 240 não-classe = 320
  ✅ Teste: 20 classe + 60 não-classe = 80

🎉 5 folds construídos com sucesso!
🔄 Convertendo folds para formato de classificação...

📂 Processando fold 0...
  🏋️ Processando dados de treino...
  🧪 Processando dados de teste...
  ✅ Treino: 2880 imagens → X(2880, 387), y(2880,)
  ✅ Teste: 720 imagens → X(720, 387), y(720,)

📂 Processando fold 1...
  🏋️ Processando dados de treino...
  🧪 Processando dados de teste...
  ✅ Treino: 2880 imagens → X(2880, 387), y(2880,)
  ✅ Teste: 720 imagens → X(720, 387), y(720,)

📂 Processando fold 2...
  🏋️ Processando dados de treino...
  🧪 Processando dados de teste...
  ✅ Treino: 2880 imagens → X(2880, 387), y(2880,)
  ✅ Teste: 720 imagens → X(720, 387), y(720,)

📂 Processando fold 3...
  🏋️ Processando dados de treino...
  🧪 Processando dados de teste...
  ✅ Treino: 2880 imagens → X(2880, 387), y(2880,)
  ✅ Teste: 720 imagens → X(720, 387), y(720,)

📂 Processando fold 4...
  🏋️ Processando dados de treino...
  🧪 Processando dados de teste...
  ✅ Treino: 2880 imagens → X(2880, 387), y(2880,)
  ✅ Teste: 720 imagens → X(720, 387), y(720,)

🎉 5 folds processados com sucesso!
📊 Total imagens classe: 100
📊 Total imagens não-classe: 300
🔄 Dividindo em 5 folds...
  Fold 0: 20 classe, 60 não-classe
  Fold 1: 20 classe, 60 não-classe
  Fold 2: 20 classe, 60 não-classe
  Fold 3: 20 classe, 60 não-classe
  Fold 4: 20 classe, 60 não-classe

🔧 Construindo fold 0...
  ✅ Treino: 80 classe + 240 não-classe = 320
  ✅ Teste: 20 classe + 60 não-classe = 80

🔧 Construindo fold 1...
  ✅ Treino: 80 classe + 240 não-classe = 320
  ✅ Teste: 20 classe + 60 não-classe = 80

🔧 Construindo fold 2...
  ✅ Treino: 80 classe + 240 não-classe = 320
  ✅ Teste: 20 classe + 60 não-classe = 80

🔧 Construindo fold 3...
  ✅ Treino: 80 classe + 240 não-classe = 320
  ✅ Teste: 20 classe + 60 não-classe = 80

🔧 Construindo fold 4...
  ✅ Treino: 80 classe + 240 não-classe = 320
  ✅ Teste: 20 classe + 60 não-classe = 80

🎉 5 folds construídos com sucesso!
🔄 Convertendo folds para formato de classificação...

📂 Processando fold 0...
  🏋️ Processando dados de treino...
  🧪 Processando dados de teste...
  ✅ Treino: 2880 imagens → X(2880, 387), y(2880,)
  ✅ Teste: 720 imagens → X(720, 387), y(720,)

📂 Processando fold 1...
  🏋️ Processando dados de treino...
  🧪 Processando dados de teste...
  ✅ Treino: 2880 imagens → X(2880, 387), y(2880,)
  ✅ Teste: 720 imagens → X(720, 387), y(720,)

📂 Processando fold 2...
  🏋️ Processando dados de treino...
  🧪 Processando dados de teste...
  ✅ Treino: 2880 imagens → X(2880, 387), y(2880,)
  ✅ Teste: 720 imagens → X(720, 387), y(720,)

📂 Processando fold 3...
  🏋️ Processando dados de treino...
  🧪 Processando dados de teste...
  ✅ Treino: 2880 imagens → X(2880, 387), y(2880,)
  ✅ Teste: 720 imagens → X(720, 387), y(720,)

📂 Processando fold 4...
  🏋️ Processando dados de treino...
  🧪 Processando dados de teste...
  ✅ Treino: 2880 imagens → X(2880, 387), y(2880,)
  ✅ Teste: 720 imagens → X(720, 387), y(720,)

🎉 5 folds processados com sucesso!
📊 Total imagens classe: 100
📊 Total imagens não-classe: 300
🔄 Dividindo em 5 folds...
  Fold 0: 20 classe, 60 não-classe
  Fold 1: 20 classe, 60 não-classe
  Fold 2: 20 classe, 60 não-classe
  Fold 3: 20 classe, 60 não-classe
  Fold 4: 20 classe, 60 não-classe

🔧 Construindo fold 0...
  ✅ Treino: 80 classe + 240 não-classe = 320
  ✅ Teste: 20 classe + 60 não-classe = 80

🔧 Construindo fold 1...
  ✅ Treino: 80 classe + 240 não-classe = 320
  ✅ Teste: 20 classe + 60 não-classe = 80

🔧 Construindo fold 2...
  ✅ Treino: 80 classe + 240 não-classe = 320
  ✅ Teste: 20 classe + 60 não-classe = 80

🔧 Construindo fold 3...
  ✅ Treino: 80 classe + 240 não-classe = 320
  ✅ Teste: 20 classe + 60 não-classe = 80

🔧 Construindo fold 4...
  ✅ Treino: 80 classe + 240 não-classe = 320
  ✅ Teste: 20 classe + 60 não-classe = 80

🎉 5 folds construídos com sucesso!
🔄 Convertendo folds para formato de classificação...

📂 Processando fold 0...
  🏋️ Processando dados de treino...
  🧪 Processando dados de teste...
  ✅ Treino: 2880 imagens → X(2880, 387), y(2880,)
  ✅ Teste: 720 imagens → X(720, 387), y(720,)

📂 Processando fold 1...
  🏋️ Processando dados de treino...
  🧪 Processando dados de teste...
  ✅ Treino: 2880 imagens → X(2880, 387), y(2880,)
  ✅ Teste: 720 imagens → X(720, 387), y(720,)

📂 Processando fold 2...
  🏋️ Processando dados de treino...
  🧪 Processando dados de teste...
  ✅ Treino: 2880 imagens → X(2880, 387), y(2880,)
  ✅ Teste: 720 imagens → X(720, 387), y(720,)

📂 Processando fold 3...
  🏋️ Processando dados de treino...
  🧪 Processando dados de teste...
  ✅ Treino: 2880 imagens → X(2880, 387), y(2880,)
  ✅ Teste: 720 imagens → X(720, 387), y(720,)

📂 Processando fold 4...
  🏋️ Processando dados de treino...
  🧪 Processando dados de teste...
  ✅ Treino: 2880 imagens → X(2880, 387), y(2880,)
  ✅ Teste: 720 imagens → X(720, 387), y(720,)

🎉 5 folds processados com sucesso!
Tunando parâmetros do KNN...
Tunando parâmetros do Random Forest...
Tunando SVM...
🚀 === CALCULANDO RELEVÂNCIA DOS MODELOS KNN ===

📊 Calculando relevância LBP...
🚀 Iniciando treinamento de especialistas KNN-LBP
   📋 4 especialistas para treinar
   🔄 Validação cruzada: 5 folds
------------------------------------------------------------

🎯 Treinando especialista 1/4: dogs
=== Iniciando treinamento assistido: KNN-LBP-Specialist-dogs ===
Validação cruzada: 5 folds
--------------------------------------------------
Melhores parâmetros: {'knn__metric': 'manhattan', 'knn__n_neighbors': 9}
Melhores parâmetros: {'knn__metric': 'manhattan', 'knn__n_neighbors': 7}
Melhores parâmetros: {'knn__metric': 'manhattan', 'knn__n_neighbors': 7}
Melhores parâmetros: {'knn__metric': 'manhattan', 'knn__n_neighbors': 7}
Melhores parâmetros: {'knn__metric': 'manhattan', 'knn__n_neighbors': 7}
--------------------------------------------------

🎯 Treinando especialista 2/4: cats
=== Iniciando treinamento assistido: KNN-LBP-Specialist-cats ===
Validação cruzada: 5 folds
--------------------------------------------------
Melhores parâmetros: {'knn__metric': 'manhattan', 'knn__n_neighbors': 7}
Melhores parâmetros: {'knn__metric': 'manhattan', 'knn__n_neighbors': 7}
Melhores parâmetros: {'knn__metric': 'euclidean', 'knn__n_neighbors': 9}
Melhores parâmetros: {'knn__metric': 'manhattan', 'knn__n_neighbors': 9}
Melhores parâmetros: {'knn__metric': 'manhattan', 'knn__n_neighbors': 9}
--------------------------------------------------

🎯 Treinando especialista 3/4: lions
=== Iniciando treinamento assistido: KNN-LBP-Specialist-lions ===
Validação cruzada: 5 folds
--------------------------------------------------
Melhores parâmetros: {'knn__metric': 'euclidean', 'knn__n_neighbors': 7}
Melhores parâmetros: {'knn__metric': 'euclidean', 'knn__n_neighbors': 9}
Melhores parâmetros: {'knn__metric': 'euclidean', 'knn__n_neighbors': 9}
Melhores parâmetros: {'knn__metric': 'euclidean', 'knn__n_neighbors': 9}
Melhores parâmetros: {'knn__metric': 'euclidean', 'knn__n_neighbors': 9}
--------------------------------------------------

🎯 Treinando especialista 4/4: horses
=== Iniciando treinamento assistido: KNN-LBP-Specialist-horses ===
Validação cruzada: 5 folds
--------------------------------------------------
Melhores parâmetros: {'knn__metric': 'euclidean', 'knn__n_neighbors': 7}
Melhores parâmetros: {'knn__metric': 'euclidean', 'knn__n_neighbors': 7}
Melhores parâmetros: {'knn__metric': 'euclidean', 'knn__n_neighbors': 9}
Melhores parâmetros: {'knn__metric': 'euclidean', 'knn__n_neighbors': 7}
Melhores parâmetros: {'knn__metric': 'euclidean', 'knn__n_neighbors': 9}
--------------------------------------------------

🎉 Treinamento de especialistas KNN-LBP concluído!
   ✅ 4 especialistas treinados com sucesso
   📦 Array retornado: raw_probabilities[i] = probabilidades do especialista da classe i
============================================================
----------------------------------------
Métricas KNN LBP:
   📊 Acurácia: 83.0000%
   📊 F1: 82.9207%
   📊 Recall: 83.0000%
   📊 Precision: 83.1061%
----------------------------------------
📊 Exportando resultados para CSV: KNN_LBP
   📁 Arquivo: results/csv_exports/knn_lbp_results.csv
   🎯 Imagens: 400 amostras
--------------------------------------------------
   ✅ 400 linhas escritas com sucesso
   💾 Arquivo salvo: results/csv_exports/knn_lbp_results.csv
==================================================

📊 Calculando relevância GLCM...
🚀 Iniciando treinamento de especialistas KNN-GLCM
   📋 4 especialistas para treinar
   🔄 Validação cruzada: 5 folds
------------------------------------------------------------

🎯 Treinando especialista 1/4: dogs
=== Iniciando treinamento assistido: KNN-GLCM-Specialist-dogs ===
Validação cruzada: 5 folds
--------------------------------------------------
Melhores parâmetros: {'knn__metric': 'euclidean', 'knn__n_neighbors': 9}
Melhores parâmetros: {'knn__metric': 'euclidean', 'knn__n_neighbors': 9}
Melhores parâmetros: {'knn__metric': 'manhattan', 'knn__n_neighbors': 9}/home/alunos/a2020815/tcc_image_classification_by_relevance_of_regions/tools/relevance.py:202: RuntimeWarning: invalid value encountered in divide
  norm_probs = probs / probs.sum(axis=1, keepdims=True)

Melhores parâmetros: {'knn__metric': 'euclidean', 'knn__n_neighbors': 7}
Melhores parâmetros: {'knn__metric': 'euclidean', 'knn__n_neighbors': 9}
--------------------------------------------------

🎯 Treinando especialista 2/4: cats
=== Iniciando treinamento assistido: KNN-GLCM-Specialist-cats ===
Validação cruzada: 5 folds
--------------------------------------------------
Melhores parâmetros: {'knn__metric': 'euclidean', 'knn__n_neighbors': 7}
Melhores parâmetros: {'knn__metric': 'euclidean', 'knn__n_neighbors': 7}
Melhores parâmetros: {'knn__metric': 'manhattan', 'knn__n_neighbors': 5}
Melhores parâmetros: {'knn__metric': 'euclidean', 'knn__n_neighbors': 7}
Melhores parâmetros: {'knn__metric': 'euclidean', 'knn__n_neighbors': 9}
--------------------------------------------------

🎯 Treinando especialista 3/4: lions
=== Iniciando treinamento assistido: KNN-GLCM-Specialist-lions ===
Validação cruzada: 5 folds
--------------------------------------------------
Melhores parâmetros: {'knn__metric': 'euclidean', 'knn__n_neighbors': 9}
Melhores parâmetros: {'knn__metric': 'euclidean', 'knn__n_neighbors': 9}
Melhores parâmetros: {'knn__metric': 'manhattan', 'knn__n_neighbors': 5}
Melhores parâmetros: {'knn__metric': 'euclidean', 'knn__n_neighbors': 9}
Melhores parâmetros: {'knn__metric': 'euclidean', 'knn__n_neighbors': 9}
--------------------------------------------------

🎯 Treinando especialista 4/4: horses
=== Iniciando treinamento assistido: KNN-GLCM-Specialist-horses ===
Validação cruzada: 5 folds
--------------------------------------------------
Melhores parâmetros: {'knn__metric': 'euclidean', 'knn__n_neighbors': 7}
Melhores parâmetros: {'knn__metric': 'euclidean', 'knn__n_neighbors': 7}
Melhores parâmetros: {'knn__metric': 'euclidean', 'knn__n_neighbors': 7}
Melhores parâmetros: {'knn__metric': 'manhattan', 'knn__n_neighbors': 9}
Melhores parâmetros: {'knn__metric': 'manhattan', 'knn__n_neighbors': 9}
--------------------------------------------------

🎉 Treinamento de especialistas KNN-GLCM concluído!
   ✅ 4 especialistas treinados com sucesso
   📦 Array retornado: raw_probabilities[i] = probabilidades do especialista da classe i
============================================================
----------------------------------------
Métricas KNN GLCM:
   📊 Acurácia: 81.5000%
   📊 F1: 81.2940%
   📊 Recall: 81.5000%
   📊 Precision: 81.8126%
----------------------------------------
📊 Exportando resultados para CSV: KNN_GLCM
   📁 Arquivo: results/csv_exports/knn_glcm_results.csv
   🎯 Imagens: 400 amostras
--------------------------------------------------
   ✅ 400 linhas escritas com sucesso
   💾 Arquivo salvo: results/csv_exports/knn_glcm_results.csv
==================================================

📊 Calculando relevância LPQ...
🚀 Iniciando treinamento de especialistas KNN-LPQ
   📋 4 especialistas para treinar
   🔄 Validação cruzada: 5 folds
------------------------------------------------------------

🎯 Treinando especialista 1/4: dogs
=== Iniciando treinamento assistido: KNN-LPQ-Specialist-dogs ===
Validação cruzada: 5 folds
--------------------------------------------------
Melhores parâmetros: {'knn__metric': 'euclidean', 'knn__n_neighbors': 3}
Melhores parâmetros: {'knn__metric': 'euclidean', 'knn__n_neighbors': 5}
Melhores parâmetros: {'knn__metric': 'manhattan', 'knn__n_neighbors': 9}
Melhores parâmetros: {'knn__metric': 'manhattan', 'knn__n_neighbors': 5}
Melhores parâmetros: {'knn__metric': 'manhattan', 'knn__n_neighbors': 7}
--------------------------------------------------

🎯 Treinando especialista 2/4: cats
=== Iniciando treinamento assistido: KNN-LPQ-Specialist-cats ===
Validação cruzada: 5 folds
--------------------------------------------------
Melhores parâmetros: {'knn__metric': 'manhattan', 'knn__n_neighbors': 5}
Melhores parâmetros: {'knn__metric': 'manhattan', 'knn__n_neighbors': 5}
Melhores parâmetros: {'knn__metric': 'manhattan', 'knn__n_neighbors': 9}
Melhores parâmetros: {'knn__metric': 'manhattan', 'knn__n_neighbors': 5}
Melhores parâmetros: {'knn__metric': 'manhattan', 'knn__n_neighbors': 7}
--------------------------------------------------

🎯 Treinando especialista 3/4: lions
=== Iniciando treinamento assistido: KNN-LPQ-Specialist-lions ===
Validação cruzada: 5 folds
--------------------------------------------------
Melhores parâmetros: {'knn__metric': 'euclidean', 'knn__n_neighbors': 7}
Melhores parâmetros: {'knn__metric': 'euclidean', 'knn__n_neighbors': 9}
Melhores parâmetros: {'knn__metric': 'euclidean', 'knn__n_neighbors': 9}
Melhores parâmetros: {'knn__metric': 'euclidean', 'knn__n_neighbors': 7}
Melhores parâmetros: {'knn__metric': 'euclidean', 'knn__n_neighbors': 9}
--------------------------------------------------

🎯 Treinando especialista 4/4: horses
=== Iniciando treinamento assistido: KNN-LPQ-Specialist-horses ===
Validação cruzada: 5 folds
--------------------------------------------------
Melhores parâmetros: {'knn__metric': 'euclidean', 'knn__n_neighbors': 7}
Melhores parâmetros: {'knn__metric': 'euclidean', 'knn__n_neighbors': 5}
Melhores parâmetros: {'knn__metric': 'euclidean', 'knn__n_neighbors': 9}
Melhores parâmetros: {'knn__metric': 'euclidean', 'knn__n_neighbors': 7}
Melhores parâmetros: {'knn__metric': 'euclidean', 'knn__n_neighbors': 9}
--------------------------------------------------

🎉 Treinamento de especialistas KNN-LPQ concluído!
   ✅ 4 especialistas treinados com sucesso
   📦 Array retornado: raw_probabilities[i] = probabilidades do especialista da classe i
============================================================
----------------------------------------
Métricas KNN LPQ:
   📊 Acurácia: 87.0000%
   📊 F1: 86.9895%
   📊 Recall: 87.0000%
   📊 Precision: 87.1167%
----------------------------------------
📊 Exportando resultados para CSV: KNN_LPQ
   📁 Arquivo: results/csv_exports/knn_lpq_results.csv
   🎯 Imagens: 400 amostras
--------------------------------------------------
   ✅ 400 linhas escritas com sucesso
   💾 Arquivo salvo: results/csv_exports/knn_lpq_results.csv
==================================================

📊 Calculando relevância LBP+GLCM...
🚀 Iniciando treinamento de especialistas KNN-LBP+GLCM
   📋 4 especialistas para treinar
   🔄 Validação cruzada: 5 folds
------------------------------------------------------------

🎯 Treinando especialista 1/4: dogs
=== Iniciando treinamento assistido: KNN-LBP+GLCM-Specialist-dogs ===
Validação cruzada: 5 folds
--------------------------------------------------
Melhores parâmetros: {'knn__metric': 'manhattan', 'knn__n_neighbors': 9}
Melhores parâmetros: {'knn__metric': 'manhattan', 'knn__n_neighbors': 7}
Melhores parâmetros: {'knn__metric': 'euclidean', 'knn__n_neighbors': 9}
Melhores parâmetros: {'knn__metric': 'euclidean', 'knn__n_neighbors': 7}
Melhores parâmetros: {'knn__metric': 'euclidean', 'knn__n_neighbors': 7}
--------------------------------------------------

🎯 Treinando especialista 2/4: cats
=== Iniciando treinamento assistido: KNN-LBP+GLCM-Specialist-cats ===
Validação cruzada: 5 folds
--------------------------------------------------
Melhores parâmetros: {'knn__metric': 'euclidean', 'knn__n_neighbors': 9}
Melhores parâmetros: {'knn__metric': 'manhattan', 'knn__n_neighbors': 5}
Melhores parâmetros: {'knn__metric': 'manhattan', 'knn__n_neighbors': 9}
Melhores parâmetros: {'knn__metric': 'manhattan', 'knn__n_neighbors': 7}
Melhores parâmetros: {'knn__metric': 'euclidean', 'knn__n_neighbors': 7}
--------------------------------------------------

🎯 Treinando especialista 3/4: lions
=== Iniciando treinamento assistido: KNN-LBP+GLCM-Specialist-lions ===
Validação cruzada: 5 folds
--------------------------------------------------
Melhores parâmetros: {'knn__metric': 'manhattan', 'knn__n_neighbors': 7}
Melhores parâmetros: {'knn__metric': 'euclidean', 'knn__n_neighbors': 7}
Melhores parâmetros: {'knn__metric': 'euclidean', 'knn__n_neighbors': 7}
Melhores parâmetros: {'knn__metric': 'manhattan', 'knn__n_neighbors': 9}/home/alunos/a2020815/tcc_image_classification_by_relevance_of_regions/tools/relevance.py:202: RuntimeWarning: invalid value encountered in divide
  norm_probs = probs / probs.sum(axis=1, keepdims=True)

Melhores parâmetros: {'knn__metric': 'euclidean', 'knn__n_neighbors': 7}
--------------------------------------------------

🎯 Treinando especialista 4/4: horses
=== Iniciando treinamento assistido: KNN-LBP+GLCM-Specialist-horses ===
Validação cruzada: 5 folds
--------------------------------------------------
Melhores parâmetros: {'knn__metric': 'euclidean', 'knn__n_neighbors': 7}
Melhores parâmetros: {'knn__metric': 'manhattan', 'knn__n_neighbors': 9}
Melhores parâmetros: {'knn__metric': 'euclidean', 'knn__n_neighbors': 3}
Melhores parâmetros: {'knn__metric': 'manhattan', 'knn__n_neighbors': 9}
Melhores parâmetros: {'knn__metric': 'manhattan', 'knn__n_neighbors': 7}
--------------------------------------------------

🎉 Treinamento de especialistas KNN-LBP+GLCM concluído!
   ✅ 4 especialistas treinados com sucesso
   📦 Array retornado: raw_probabilities[i] = probabilidades do especialista da classe i
============================================================
----------------------------------------
Métricas KNN LBP+GLCM:
   📊 Acurácia: 85.2500%
   📊 F1: 85.2031%
   📊 Recall: 85.2500%
   📊 Precision: 85.9105%
----------------------------------------
📊 Exportando resultados para CSV: KNN_LBP_GLCM
   📁 Arquivo: results/csv_exports/knn_lbp_glcm_results.csv
   🎯 Imagens: 400 amostras
--------------------------------------------------
   ✅ 400 linhas escritas com sucesso
   💾 Arquivo salvo: results/csv_exports/knn_lbp_glcm_results.csv
==================================================

📊 Calculando relevância LBP+LPQ...
🚀 Iniciando treinamento de especialistas KNN-LBP+LPQ
   📋 4 especialistas para treinar
   🔄 Validação cruzada: 5 folds
------------------------------------------------------------

🎯 Treinando especialista 1/4: dogs
=== Iniciando treinamento assistido: KNN-LBP+LPQ-Specialist-dogs ===
Validação cruzada: 5 folds
--------------------------------------------------
Melhores parâmetros: {'knn__metric': 'euclidean', 'knn__n_neighbors': 9}
Melhores parâmetros: {'knn__metric': 'euclidean', 'knn__n_neighbors': 9}
Melhores parâmetros: {'knn__metric': 'manhattan', 'knn__n_neighbors': 9}
Melhores parâmetros: {'knn__metric': 'euclidean', 'knn__n_neighbors': 7}
Melhores parâmetros: {'knn__metric': 'euclidean', 'knn__n_neighbors': 9}
--------------------------------------------------

🎯 Treinando especialista 2/4: cats
=== Iniciando treinamento assistido: KNN-LBP+LPQ-Specialist-cats ===
Validação cruzada: 5 folds
--------------------------------------------------
Melhores parâmetros: {'knn__metric': 'manhattan', 'knn__n_neighbors': 7}
Melhores parâmetros: {'knn__metric': 'euclidean', 'knn__n_neighbors': 9}
Melhores parâmetros: {'knn__metric': 'manhattan', 'knn__n_neighbors': 5}
Melhores parâmetros: {'knn__metric': 'euclidean', 'knn__n_neighbors': 9}
Melhores parâmetros: {'knn__metric': 'manhattan', 'knn__n_neighbors': 9}
--------------------------------------------------

🎯 Treinando especialista 3/4: lions
=== Iniciando treinamento assistido: KNN-LBP+LPQ-Specialist-lions ===
Validação cruzada: 5 folds
--------------------------------------------------
Melhores parâmetros: {'knn__metric': 'euclidean', 'knn__n_neighbors': 9}
Melhores parâmetros: {'knn__metric': 'euclidean', 'knn__n_neighbors': 7}
Melhores parâmetros: {'knn__metric': 'euclidean', 'knn__n_neighbors': 9}
Melhores parâmetros: {'knn__metric': 'euclidean', 'knn__n_neighbors': 9}
Melhores parâmetros: {'knn__metric': 'euclidean', 'knn__n_neighbors': 9}
--------------------------------------------------

🎯 Treinando especialista 4/4: horses
=== Iniciando treinamento assistido: KNN-LBP+LPQ-Specialist-horses ===
Validação cruzada: 5 folds
--------------------------------------------------
Melhores parâmetros: {'knn__metric': 'euclidean', 'knn__n_neighbors': 9}
Melhores parâmetros: {'knn__metric': 'euclidean', 'knn__n_neighbors': 7}
Melhores parâmetros: {'knn__metric': 'euclidean', 'knn__n_neighbors': 5}
Melhores parâmetros: {'knn__metric': 'euclidean', 'knn__n_neighbors': 5}
Melhores parâmetros: {'knn__metric': 'euclidean', 'knn__n_neighbors': 7}
--------------------------------------------------

🎉 Treinamento de especialistas KNN-LBP+LPQ concluído!
   ✅ 4 especialistas treinados com sucesso
   📦 Array retornado: raw_probabilities[i] = probabilidades do especialista da classe i
============================================================
----------------------------------------
Métricas KNN LBP+LPQ:
   📊 Acurácia: 86.7500%
   📊 F1: 86.7392%
   📊 Recall: 86.7500%
   📊 Precision: 86.8550%
----------------------------------------
📊 Exportando resultados para CSV: KNN_LBP_LPQ
   📁 Arquivo: results/csv_exports/knn_lbp_lpq_results.csv
   🎯 Imagens: 400 amostras
--------------------------------------------------
   ✅ 400 linhas escritas com sucesso
   💾 Arquivo salvo: results/csv_exports/knn_lbp_lpq_results.csv
==================================================

📊 Calculando relevância GLCM+LPQ...
🚀 Iniciando treinamento de especialistas KNN-GLCM+LPQ
   📋 4 especialistas para treinar
   🔄 Validação cruzada: 5 folds
------------------------------------------------------------

🎯 Treinando especialista 1/4: dogs
=== Iniciando treinamento assistido: KNN-GLCM+LPQ-Specialist-dogs ===
Validação cruzada: 5 folds
--------------------------------------------------
Melhores parâmetros: {'knn__metric': 'manhattan', 'knn__n_neighbors': 9}
Melhores parâmetros: {'knn__metric': 'manhattan', 'knn__n_neighbors': 9}
Melhores parâmetros: {'knn__metric': 'manhattan', 'knn__n_neighbors': 9}
Melhores parâmetros: {'knn__metric': 'manhattan', 'knn__n_neighbors': 9}
Melhores parâmetros: {'knn__metric': 'manhattan', 'knn__n_neighbors': 9}
--------------------------------------------------

🎯 Treinando especialista 2/4: cats
=== Iniciando treinamento assistido: KNN-GLCM+LPQ-Specialist-cats ===
Validação cruzada: 5 folds
--------------------------------------------------
Melhores parâmetros: {'knn__metric': 'manhattan', 'knn__n_neighbors': 9}
Melhores parâmetros: {'knn__metric': 'manhattan', 'knn__n_neighbors': 9}
Melhores parâmetros: {'knn__metric': 'manhattan', 'knn__n_neighbors': 7}
Melhores parâmetros: {'knn__metric': 'manhattan', 'knn__n_neighbors': 7}
Melhores parâmetros: {'knn__metric': 'euclidean', 'knn__n_neighbors': 7}
--------------------------------------------------

🎯 Treinando especialista 3/4: lions
=== Iniciando treinamento assistido: KNN-GLCM+LPQ-Specialist-lions ===
Validação cruzada: 5 folds
--------------------------------------------------
Melhores parâmetros: {'knn__metric': 'euclidean', 'knn__n_neighbors': 9}
Melhores parâmetros: {'knn__metric': 'euclidean', 'knn__n_neighbors': 5}
Melhores parâmetros: {'knn__metric': 'euclidean', 'knn__n_neighbors': 9}
Melhores parâmetros: {'knn__metric': 'euclidean', 'knn__n_neighbors': 7}
Melhores parâmetros: {'knn__metric': 'euclidean', 'knn__n_neighbors': 7}
--------------------------------------------------

🎯 Treinando especialista 4/4: horses
=== Iniciando treinamento assistido: KNN-GLCM+LPQ-Specialist-horses ===
Validação cruzada: 5 folds
--------------------------------------------------
Melhores parâmetros: {'knn__metric': 'euclidean', 'knn__n_neighbors': 7}
Melhores parâmetros: {'knn__metric': 'manhattan', 'knn__n_neighbors': 5}
Melhores parâmetros: {'knn__metric': 'euclidean', 'knn__n_neighbors': 7}
Melhores parâmetros: {'knn__metric': 'euclidean', 'knn__n_neighbors': 5}
Melhores parâmetros: {'knn__metric': 'euclidean', 'knn__n_neighbors': 5}
--------------------------------------------------

🎉 Treinamento de especialistas KNN-GLCM+LPQ concluído!
   ✅ 4 especialistas treinados com sucesso
   📦 Array retornado: raw_probabilities[i] = probabilidades do especialista da classe i
============================================================
----------------------------------------
Métricas KNN GLCM+LPQ:
   📊 Acurácia: 86.7500%
   📊 F1: 86.7183%
   📊 Recall: 86.7500%
   📊 Precision: 87.2670%
----------------------------------------
📊 Exportando resultados para CSV: KNN_GLCM_LPQ
   📁 Arquivo: results/csv_exports/knn_glcm_lpq_results.csv
   🎯 Imagens: 400 amostras
--------------------------------------------------
   ✅ 400 linhas escritas com sucesso
   💾 Arquivo salvo: results/csv_exports/knn_glcm_lpq_results.csv
==================================================

📊 Calculando relevância LBP+GLCM+LPQ...
🚀 Iniciando treinamento de especialistas KNN-LBP+GLCM+LPQ
   📋 4 especialistas para treinar
   🔄 Validação cruzada: 5 folds
------------------------------------------------------------

🎯 Treinando especialista 1/4: dogs
=== Iniciando treinamento assistido: KNN-LBP+GLCM+LPQ-Specialist-dogs ===
Validação cruzada: 5 folds
--------------------------------------------------
Melhores parâmetros: {'knn__metric': 'euclidean', 'knn__n_neighbors': 9}
Melhores parâmetros: {'knn__metric': 'euclidean', 'knn__n_neighbors': 7}
Melhores parâmetros: {'knn__metric': 'manhattan', 'knn__n_neighbors': 9}
Melhores parâmetros: {'knn__metric': 'euclidean', 'knn__n_neighbors': 7}
Melhores parâmetros: {'knn__metric': 'euclidean', 'knn__n_neighbors': 9}
--------------------------------------------------

🎯 Treinando especialista 2/4: cats
=== Iniciando treinamento assistido: KNN-LBP+GLCM+LPQ-Specialist-cats ===
Validação cruzada: 5 folds
--------------------------------------------------
Melhores parâmetros: {'knn__metric': 'manhattan', 'knn__n_neighbors': 9}
Melhores parâmetros: {'knn__metric': 'euclidean', 'knn__n_neighbors': 9}
Melhores parâmetros: {'knn__metric': 'manhattan', 'knn__n_neighbors': 9}
Melhores parâmetros: {'knn__metric': 'manhattan', 'knn__n_neighbors': 7}
Melhores parâmetros: {'knn__metric': 'euclidean', 'knn__n_neighbors': 7}
--------------------------------------------------

🎯 Treinando especialista 3/4: lions
=== Iniciando treinamento assistido: KNN-LBP+GLCM+LPQ-Specialist-lions ===
Validação cruzada: 5 folds
--------------------------------------------------
Melhores parâmetros: {'knn__metric': 'manhattan', 'knn__n_neighbors': 7}
Melhores parâmetros: {'knn__metric': 'euclidean', 'knn__n_neighbors': 5}
Melhores parâmetros: {'knn__metric': 'euclidean', 'knn__n_neighbors': 9}
Melhores parâmetros: {'knn__metric': 'euclidean', 'knn__n_neighbors': 7}
Melhores parâmetros: {'knn__metric': 'euclidean', 'knn__n_neighbors': 7}
--------------------------------------------------

🎯 Treinando especialista 4/4: horses
=== Iniciando treinamento assistido: KNN-LBP+GLCM+LPQ-Specialist-horses ===
Validação cruzada: 5 folds
--------------------------------------------------
Melhores parâmetros: {'knn__metric': 'euclidean', 'knn__n_neighbors': 9}
Melhores parâmetros: {'knn__metric': 'manhattan', 'knn__n_neighbors': 3}
Melhores parâmetros: {'knn__metric': 'euclidean', 'knn__n_neighbors': 7}
Melhores parâmetros: {'knn__metric': 'euclidean', 'knn__n_neighbors': 5}
Melhores parâmetros: {'knn__metric': 'euclidean', 'knn__n_neighbors': 5}
--------------------------------------------------

🎉 Treinamento de especialistas KNN-LBP+GLCM+LPQ concluído!
   ✅ 4 especialistas treinados com sucesso
   📦 Array retornado: raw_probabilities[i] = probabilidades do especialista da classe i
============================================================
----------------------------------------
Métricas KNN LBP+GLCM+LPQ:
   📊 Acurácia: 86.7500%
   📊 F1: 86.7178%
   📊 Recall: 86.7500%
   📊 Precision: 87.2041%
----------------------------------------
📊 Exportando resultados para CSV: KNN_LBP_GLCM_LPQ
   📁 Arquivo: results/csv_exports/knn_lbp_glcm_lpq_results.csv
   🎯 Imagens: 400 amostras
--------------------------------------------------
   ✅ 400 linhas escritas com sucesso
   💾 Arquivo salvo: results/csv_exports/knn_lbp_glcm_lpq_results.csv
==================================================
✅ Relevância calculada para todos os 7 conjuntos de features
📊 Métricas e matrizes de confusão geradas para cada combinação

🎉 === CÁLCULO DE RELEVÂNCIA KNN CONCLUÍDO ===
🚀 === CALCULANDO RELEVÂNCIA DOS MODELOS SVM ===

📊 Calculando relevância LBP...
🚀 Iniciando treinamento de especialistas SVM-LBP
   📋 4 especialistas para treinar
   🔄 Validação cruzada: 5 folds
------------------------------------------------------------

🎯 Treinando especialista 1/4: dogs
=== Iniciando treinamento assistido: SVM-LBP-Specialist-dogs ===
Validação cruzada: 5 folds
--------------------------------------------------
Melhores parâmetros: {'svm__C': 10, 'svm__gamma': 'auto', 'svm__kernel': 'rbf'}
Melhores parâmetros: {'svm__C': 1000, 'svm__gamma': 0.002, 'svm__kernel': 'rbf'}
Melhores parâmetros: {'svm__C': 10, 'svm__gamma': 'auto', 'svm__kernel': 'rbf'}
Melhores parâmetros: {'svm__C': 1000, 'svm__gamma': 0.002, 'svm__kernel': 'rbf'}
Melhores parâmetros: {'svm__C': 10, 'svm__gamma': 'auto', 'svm__kernel': 'rbf'}
--------------------------------------------------

🎯 Treinando especialista 2/4: cats
=== Iniciando treinamento assistido: SVM-LBP-Specialist-cats ===
Validação cruzada: 5 folds
--------------------------------------------------
Melhores parâmetros: {'svm__C': 100, 'svm__gamma': 0.002, 'svm__kernel': 'rbf'}
Melhores parâmetros: {'svm__C': 100, 'svm__gamma': 0.002, 'svm__kernel': 'rbf'}
Melhores parâmetros: {'svm__C': 100, 'svm__gamma': 0.002, 'svm__kernel': 'rbf'}
Melhores parâmetros: {'svm__C': 100, 'svm__gamma': 0.002, 'svm__kernel': 'rbf'}
Melhores parâmetros: {'svm__C': 100, 'svm__gamma': 0.002, 'svm__kernel': 'rbf'}
--------------------------------------------------

🎯 Treinando especialista 3/4: lions
=== Iniciando treinamento assistido: SVM-LBP-Specialist-lions ===
Validação cruzada: 5 folds
--------------------------------------------------
Melhores parâmetros: {'svm__C': 100, 'svm__gamma': 0.002, 'svm__kernel': 'rbf'}
Melhores parâmetros: {'svm__C': 10, 'svm__gamma': 'auto', 'svm__kernel': 'rbf'}
Melhores parâmetros: {'svm__C': 10, 'svm__gamma': 'auto', 'svm__kernel': 'rbf'}
Melhores parâmetros: {'svm__C': 10, 'svm__gamma': 'auto', 'svm__kernel': 'rbf'}
Melhores parâmetros: {'svm__C': 100, 'svm__gamma': 0.002, 'svm__kernel': 'rbf'}
--------------------------------------------------

🎯 Treinando especialista 4/4: horses
=== Iniciando treinamento assistido: SVM-LBP-Specialist-horses ===
Validação cruzada: 5 folds
--------------------------------------------------
Melhores parâmetros: {'svm__C': 10, 'svm__gamma': 'auto', 'svm__kernel': 'rbf'}
Melhores parâmetros: {'svm__C': 10, 'svm__gamma': 'auto', 'svm__kernel': 'rbf'}
Melhores parâmetros: {'svm__C': 10, 'svm__gamma': 'auto', 'svm__kernel': 'rbf'}
Melhores parâmetros: {'svm__C': 10, 'svm__gamma': 'auto', 'svm__kernel': 'rbf'}
Melhores parâmetros: {'svm__C': 10, 'svm__gamma': 'auto', 'svm__kernel': 'rbf'}
--------------------------------------------------

🎉 Treinamento de especialistas SVM-LBP concluído!
   ✅ 4 especialistas treinados com sucesso
   📦 Array retornado: raw_probabilities[i] = probabilidades do especialista da classe i
============================================================
----------------------------------------
Métricas SVM LBP:
   📊 Acurácia: 87.2500%
   📊 F1: 87.2116%
   📊 Recall: 87.2500%
   📊 Precision: 87.4005%
----------------------------------------
📊 Exportando resultados para CSV: SVM_LBP
   📁 Arquivo: results/csv_exports/svm_lbp_results.csv
   🎯 Imagens: 400 amostras
--------------------------------------------------
   ✅ 400 linhas escritas com sucesso
   💾 Arquivo salvo: results/csv_exports/svm_lbp_results.csv
==================================================

📊 Calculando relevância GLCM...
🚀 Iniciando treinamento de especialistas SVM-GLCM
   📋 4 especialistas para treinar
   🔄 Validação cruzada: 5 folds
------------------------------------------------------------

🎯 Treinando especialista 1/4: dogs
=== Iniciando treinamento assistido: SVM-GLCM-Specialist-dogs ===
Validação cruzada: 5 folds
--------------------------------------------------
Melhores parâmetros: {'svm__C': 1000, 'svm__gamma': 0.002, 'svm__kernel': 'rbf'}
Melhores parâmetros: {'svm__C': 1000, 'svm__gamma': 0.002, 'svm__kernel': 'rbf'}
Melhores parâmetros: {'svm__C': 1000, 'svm__gamma': 0.002, 'svm__kernel': 'rbf'}
Melhores parâmetros: {'svm__C': 1000, 'svm__gamma': 'auto', 'svm__kernel': 'rbf'}
Melhores parâmetros: {'svm__C': 1000, 'svm__gamma': 0.002, 'svm__kernel': 'rbf'}
--------------------------------------------------

🎯 Treinando especialista 2/4: cats
=== Iniciando treinamento assistido: SVM-GLCM-Specialist-cats ===
Validação cruzada: 5 folds
--------------------------------------------------
Melhores parâmetros: {'svm__C': 100, 'svm__gamma': 0.002, 'svm__kernel': 'rbf'}
Melhores parâmetros: {'svm__C': 1000, 'svm__gamma': 0.002, 'svm__kernel': 'rbf'}
Melhores parâmetros: {'svm__C': 1000, 'svm__gamma': 0.002, 'svm__kernel': 'rbf'}
Melhores parâmetros: {'svm__C': 1000, 'svm__gamma': 0.002, 'svm__kernel': 'rbf'}
Melhores parâmetros: {'svm__C': 100, 'svm__gamma': 'auto', 'svm__kernel': 'rbf'}
--------------------------------------------------

🎯 Treinando especialista 3/4: lions
=== Iniciando treinamento assistido: SVM-GLCM-Specialist-lions ===
Validação cruzada: 5 folds
--------------------------------------------------
Melhores parâmetros: {'svm__C': 10, 'svm__gamma': 'auto', 'svm__kernel': 'rbf'}
Melhores parâmetros: {'svm__C': 1, 'svm__gamma': 0.2, 'svm__kernel': 'rbf'}
Melhores parâmetros: {'svm__C': 1000, 'svm__gamma': 0.002, 'svm__kernel': 'rbf'}
Melhores parâmetros: {'svm__C': 1000, 'svm__gamma': 0.002, 'svm__kernel': 'rbf'}
Melhores parâmetros: {'svm__C': 1000, 'svm__gamma': 0.002, 'svm__kernel': 'rbf'}
--------------------------------------------------

🎯 Treinando especialista 4/4: horses
=== Iniciando treinamento assistido: SVM-GLCM-Specialist-horses ===
Validação cruzada: 5 folds
--------------------------------------------------
Melhores parâmetros: {'svm__C': 1000, 'svm__gamma': 0.002, 'svm__kernel': 'rbf'}
Melhores parâmetros: {'svm__C': 1000, 'svm__gamma': 0.002, 'svm__kernel': 'rbf'}
Melhores parâmetros: {'svm__C': 1000, 'svm__gamma': 0.002, 'svm__kernel': 'rbf'}
Melhores parâmetros: {'svm__C': 1000, 'svm__gamma': 0.002, 'svm__kernel': 'rbf'}
Melhores parâmetros: {'svm__C': 1000, 'svm__gamma': 0.002, 'svm__kernel': 'rbf'}
--------------------------------------------------

🎉 Treinamento de especialistas SVM-GLCM concluído!
   ✅ 4 especialistas treinados com sucesso
   📦 Array retornado: raw_probabilities[i] = probabilidades do especialista da classe i
============================================================
----------------------------------------
Métricas SVM GLCM:
   📊 Acurácia: 87.5000%
   📊 F1: 87.5011%
   📊 Recall: 87.5000%
   📊 Precision: 87.5045%
----------------------------------------
📊 Exportando resultados para CSV: SVM_GLCM
   📁 Arquivo: results/csv_exports/svm_glcm_results.csv
   🎯 Imagens: 400 amostras
--------------------------------------------------
   ✅ 400 linhas escritas com sucesso
   💾 Arquivo salvo: results/csv_exports/svm_glcm_results.csv
==================================================

📊 Calculando relevância LPQ...
🚀 Iniciando treinamento de especialistas SVM-LPQ
   📋 4 especialistas para treinar
   🔄 Validação cruzada: 5 folds
------------------------------------------------------------

🎯 Treinando especialista 1/4: dogs
=== Iniciando treinamento assistido: SVM-LPQ-Specialist-dogs ===
Validação cruzada: 5 folds
--------------------------------------------------
Melhores parâmetros: {'svm__C': 1, 'svm__gamma': 'auto', 'svm__kernel': 'rbf'}
Melhores parâmetros: {'svm__C': 1, 'svm__gamma': 'auto', 'svm__kernel': 'rbf'}
Melhores parâmetros: {'svm__C': 1, 'svm__gamma': 'auto', 'svm__kernel': 'rbf'}
Melhores parâmetros: {'svm__C': 1, 'svm__gamma': 'auto', 'svm__kernel': 'rbf'}
Melhores parâmetros: {'svm__C': 1, 'svm__gamma': 'auto', 'svm__kernel': 'rbf'}
--------------------------------------------------

🎯 Treinando especialista 2/4: cats
=== Iniciando treinamento assistido: SVM-LPQ-Specialist-cats ===
Validação cruzada: 5 folds
--------------------------------------------------
Melhores parâmetros: {'svm__C': 10, 'svm__gamma': 0.002, 'svm__kernel': 'rbf'}
Melhores parâmetros: {'svm__C': 1, 'svm__gamma': 'auto', 'svm__kernel': 'rbf'}
Melhores parâmetros: {'svm__C': 10, 'svm__gamma': 0.002, 'svm__kernel': 'rbf'}
Melhores parâmetros: {'svm__C': 10, 'svm__gamma': 0.002, 'svm__kernel': 'rbf'}
Melhores parâmetros: {'svm__C': 10, 'svm__gamma': 'auto', 'svm__kernel': 'rbf'}
--------------------------------------------------

🎯 Treinando especialista 3/4: lions
=== Iniciando treinamento assistido: SVM-LPQ-Specialist-lions ===
Validação cruzada: 5 folds
--------------------------------------------------
Melhores parâmetros: {'svm__C': 10, 'svm__gamma': 'auto', 'svm__kernel': 'rbf'}
Melhores parâmetros: {'svm__C': 10, 'svm__gamma': 'auto', 'svm__kernel': 'rbf'}
Melhores parâmetros: {'svm__C': 1, 'svm__gamma': 'auto', 'svm__kernel': 'rbf'}
Melhores parâmetros: {'svm__C': 1, 'svm__gamma': 'auto', 'svm__kernel': 'rbf'}
Melhores parâmetros: {'svm__C': 10, 'svm__gamma': 0.002, 'svm__kernel': 'rbf'}
--------------------------------------------------

🎯 Treinando especialista 4/4: horses
=== Iniciando treinamento assistido: SVM-LPQ-Specialist-horses ===
Validação cruzada: 5 folds
--------------------------------------------------
Melhores parâmetros: {'svm__C': 10, 'svm__gamma': 0.002, 'svm__kernel': 'rbf'}
Melhores parâmetros: {'svm__C': 10, 'svm__gamma': 0.002, 'svm__kernel': 'rbf'}
Melhores parâmetros: {'svm__C': 10, 'svm__gamma': 'auto', 'svm__kernel': 'rbf'}
Melhores parâmetros: {'svm__C': 10, 'svm__gamma': 0.002, 'svm__kernel': 'rbf'}
Melhores parâmetros: {'svm__C': 10, 'svm__gamma': 0.002, 'svm__kernel': 'rbf'}
--------------------------------------------------

🎉 Treinamento de especialistas SVM-LPQ concluído!
   ✅ 4 especialistas treinados com sucesso
   📦 Array retornado: raw_probabilities[i] = probabilidades do especialista da classe i
============================================================
----------------------------------------
Métricas SVM LPQ:
   📊 Acurácia: 89.2500%
   📊 F1: 89.2449%
   📊 Recall: 89.2500%
   📊 Precision: 89.2820%
----------------------------------------
📊 Exportando resultados para CSV: SVM_LPQ
   📁 Arquivo: results/csv_exports/svm_lpq_results.csv
   🎯 Imagens: 400 amostras
--------------------------------------------------
   ✅ 400 linhas escritas com sucesso
   💾 Arquivo salvo: results/csv_exports/svm_lpq_results.csv
==================================================

📊 Calculando relevância LBP+GLCM...
🚀 Iniciando treinamento de especialistas SVM-LBP+GLCM
   📋 4 especialistas para treinar
   🔄 Validação cruzada: 5 folds
------------------------------------------------------------

🎯 Treinando especialista 1/4: dogs
=== Iniciando treinamento assistido: SVM-LBP+GLCM-Specialist-dogs ===
Validação cruzada: 5 folds
--------------------------------------------------
Melhores parâmetros: {'svm__C': 10, 'svm__gamma': 'auto', 'svm__kernel': 'rbf'}
Melhores parâmetros: {'svm__C': 100, 'svm__gamma': 'auto', 'svm__kernel': 'rbf'}
Melhores parâmetros: {'svm__C': 100, 'svm__gamma': 0.002, 'svm__kernel': 'rbf'}
Melhores parâmetros: {'svm__C': 100, 'svm__gamma': 0.002, 'svm__kernel': 'rbf'}
Melhores parâmetros: {'svm__C': 100, 'svm__gamma': 0.002, 'svm__kernel': 'rbf'}
--------------------------------------------------

🎯 Treinando especialista 2/4: cats
=== Iniciando treinamento assistido: SVM-LBP+GLCM-Specialist-cats ===
Validação cruzada: 5 folds
--------------------------------------------------
Melhores parâmetros: {'svm__C': 100, 'svm__gamma': 0.002, 'svm__kernel': 'rbf'}
Melhores parâmetros: {'svm__C': 100, 'svm__gamma': 0.002, 'svm__kernel': 'rbf'}
Melhores parâmetros: {'svm__C': 100, 'svm__gamma': 0.002, 'svm__kernel': 'rbf'}
Melhores parâmetros: {'svm__C': 10, 'svm__gamma': 'auto', 'svm__kernel': 'rbf'}
Melhores parâmetros: {'svm__C': 100, 'svm__gamma': 0.002, 'svm__kernel': 'rbf'}
--------------------------------------------------

🎯 Treinando especialista 3/4: lions
=== Iniciando treinamento assistido: SVM-LBP+GLCM-Specialist-lions ===
Validação cruzada: 5 folds
--------------------------------------------------
Melhores parâmetros: {'svm__C': 10, 'svm__gamma': 'auto', 'svm__kernel': 'rbf'}
Melhores parâmetros: {'svm__C': 10, 'svm__gamma': 'auto', 'svm__kernel': 'rbf'}
Melhores parâmetros: {'svm__C': 100, 'svm__gamma': 0.002, 'svm__kernel': 'rbf'}
Melhores parâmetros: {'svm__C': 10, 'svm__gamma': 'auto', 'svm__kernel': 'rbf'}
Melhores parâmetros: {'svm__C': 10, 'svm__gamma': 'auto', 'svm__kernel': 'rbf'}
--------------------------------------------------

🎯 Treinando especialista 4/4: horses
=== Iniciando treinamento assistido: SVM-LBP+GLCM-Specialist-horses ===
Validação cruzada: 5 folds
--------------------------------------------------
Melhores parâmetros: {'svm__C': 10, 'svm__gamma': 'auto', 'svm__kernel': 'rbf'}
Melhores parâmetros: {'svm__C': 100, 'svm__gamma': 0.002, 'svm__kernel': 'rbf'}
Melhores parâmetros: {'svm__C': 10, 'svm__gamma': 'auto', 'svm__kernel': 'rbf'}
Melhores parâmetros: {'svm__C': 10, 'svm__gamma': 'auto', 'svm__kernel': 'rbf'}
Melhores parâmetros: {'svm__C': 10, 'svm__gamma': 0.002, 'svm__kernel': 'rbf'}
--------------------------------------------------

🎉 Treinamento de especialistas SVM-LBP+GLCM concluído!
   ✅ 4 especialistas treinados com sucesso
   📦 Array retornado: raw_probabilities[i] = probabilidades do especialista da classe i
============================================================
----------------------------------------
Métricas SVM LBP+GLCM:
   📊 Acurácia: 88.7500%
   📊 F1: 88.7268%
   📊 Recall: 88.7500%
   📊 Precision: 88.7410%
----------------------------------------
📊 Exportando resultados para CSV: SVM_LBP_GLCM
   📁 Arquivo: results/csv_exports/svm_lbp_glcm_results.csv
   🎯 Imagens: 400 amostras
--------------------------------------------------
   ✅ 400 linhas escritas com sucesso
   💾 Arquivo salvo: results/csv_exports/svm_lbp_glcm_results.csv
==================================================

📊 Calculando relevância LBP+LPQ...
🚀 Iniciando treinamento de especialistas SVM-LBP+LPQ
   📋 4 especialistas para treinar
   🔄 Validação cruzada: 5 folds
------------------------------------------------------------

🎯 Treinando especialista 1/4: dogs
=== Iniciando treinamento assistido: SVM-LBP+LPQ-Specialist-dogs ===
Validação cruzada: 5 folds
--------------------------------------------------
Melhores parâmetros: {'svm__C': 10, 'svm__gamma': 0.002, 'svm__kernel': 'rbf'}
Melhores parâmetros: {'svm__C': 1, 'svm__gamma': 'auto', 'svm__kernel': 'rbf'}
Melhores parâmetros: {'svm__C': 1, 'svm__gamma': 'auto', 'svm__kernel': 'rbf'}
Melhores parâmetros: {'svm__C': 1, 'svm__gamma': 0.002, 'svm__kernel': 'rbf'}
Melhores parâmetros: {'svm__C': 1, 'svm__gamma': 'auto', 'svm__kernel': 'rbf'}
--------------------------------------------------

🎯 Treinando especialista 2/4: cats
=== Iniciando treinamento assistido: SVM-LBP+LPQ-Specialist-cats ===
Validação cruzada: 5 folds
--------------------------------------------------
Melhores parâmetros: {'svm__C': 10, 'svm__gamma': 'auto', 'svm__kernel': 'rbf'}
Melhores parâmetros: {'svm__C': 10, 'svm__gamma': 0.002, 'svm__kernel': 'rbf'}
Melhores parâmetros: {'svm__C': 1, 'svm__gamma': 'auto', 'svm__kernel': 'rbf'}
Melhores parâmetros: {'svm__C': 1, 'svm__gamma': 'auto', 'svm__kernel': 'rbf'}
Melhores parâmetros: {'svm__C': 10, 'svm__gamma': 'auto', 'svm__kernel': 'rbf'}
--------------------------------------------------

🎯 Treinando especialista 3/4: lions
=== Iniciando treinamento assistido: SVM-LBP+LPQ-Specialist-lions ===
Validação cruzada: 5 folds
--------------------------------------------------
Melhores parâmetros: {'svm__C': 10, 'svm__gamma': 'auto', 'svm__kernel': 'rbf'}
Melhores parâmetros: {'svm__C': 10, 'svm__gamma': 0.002, 'svm__kernel': 'rbf'}
Melhores parâmetros: {'svm__C': 10, 'svm__gamma': 0.002, 'svm__kernel': 'rbf'}
Melhores parâmetros: {'svm__C': 10, 'svm__gamma': 0.002, 'svm__kernel': 'rbf'}
Melhores parâmetros: {'svm__C': 10, 'svm__gamma': 0.002, 'svm__kernel': 'rbf'}
--------------------------------------------------

🎯 Treinando especialista 4/4: horses
=== Iniciando treinamento assistido: SVM-LBP+LPQ-Specialist-horses ===
Validação cruzada: 5 folds
--------------------------------------------------
Melhores parâmetros: {'svm__C': 10, 'svm__gamma': 'auto', 'svm__kernel': 'rbf'}
Melhores parâmetros: {'svm__C': 10, 'svm__gamma': 0.002, 'svm__kernel': 'rbf'}
Melhores parâmetros: {'svm__C': 10, 'svm__gamma': 0.002, 'svm__kernel': 'rbf'}
Melhores parâmetros: {'svm__C': 10, 'svm__gamma': 'auto', 'svm__kernel': 'rbf'}
Melhores parâmetros: {'svm__C': 100, 'svm__gamma': 'auto', 'svm__kernel': 'rbf'}
--------------------------------------------------

🎉 Treinamento de especialistas SVM-LBP+LPQ concluído!
   ✅ 4 especialistas treinados com sucesso
   📦 Array retornado: raw_probabilities[i] = probabilidades do especialista da classe i
============================================================
----------------------------------------
Métricas SVM LBP+LPQ:
   📊 Acurácia: 90.2500%
   📊 F1: 90.2559%
   📊 Recall: 90.2500%
   📊 Precision: 90.2883%
----------------------------------------
📊 Exportando resultados para CSV: SVM_LBP_LPQ
   📁 Arquivo: results/csv_exports/svm_lbp_lpq_results.csv
   🎯 Imagens: 400 amostras
--------------------------------------------------
   ✅ 400 linhas escritas com sucesso
   💾 Arquivo salvo: results/csv_exports/svm_lbp_lpq_results.csv
==================================================

📊 Calculando relevância GLCM+LPQ...
🚀 Iniciando treinamento de especialistas SVM-GLCM+LPQ
   📋 4 especialistas para treinar
   🔄 Validação cruzada: 5 folds
------------------------------------------------------------

🎯 Treinando especialista 1/4: dogs
=== Iniciando treinamento assistido: SVM-GLCM+LPQ-Specialist-dogs ===
Validação cruzada: 5 folds
--------------------------------------------------
Melhores parâmetros: {'svm__C': 10, 'svm__gamma': 0.002, 'svm__kernel': 'rbf'}
Melhores parâmetros: {'svm__C': 1, 'svm__gamma': 'auto', 'svm__kernel': 'rbf'}
Melhores parâmetros: {'svm__C': 1, 'svm__gamma': 'auto', 'svm__kernel': 'rbf'}
Melhores parâmetros: {'svm__C': 1, 'svm__gamma': 'auto', 'svm__kernel': 'rbf'}
Melhores parâmetros: {'svm__C': 10, 'svm__gamma': 0.002, 'svm__kernel': 'rbf'}
--------------------------------------------------

🎯 Treinando especialista 2/4: cats
=== Iniciando treinamento assistido: SVM-GLCM+LPQ-Specialist-cats ===
Validação cruzada: 5 folds
--------------------------------------------------
Melhores parâmetros: {'svm__C': 10, 'svm__gamma': 0.002, 'svm__kernel': 'rbf'}
Melhores parâmetros: {'svm__C': 10, 'svm__gamma': 'auto', 'svm__kernel': 'rbf'}
Melhores parâmetros: {'svm__C': 10, 'svm__gamma': 'auto', 'svm__kernel': 'rbf'}
Melhores parâmetros: {'svm__C': 10, 'svm__gamma': 0.002, 'svm__kernel': 'rbf'}
Melhores parâmetros: {'svm__C': 10, 'svm__gamma': 'auto', 'svm__kernel': 'rbf'}
--------------------------------------------------

🎯 Treinando especialista 3/4: lions
=== Iniciando treinamento assistido: SVM-GLCM+LPQ-Specialist-lions ===
Validação cruzada: 5 folds
--------------------------------------------------
Melhores parâmetros: {'svm__C': 10, 'svm__gamma': 'auto', 'svm__kernel': 'rbf'}
Melhores parâmetros: {'svm__C': 10, 'svm__gamma': 0.002, 'svm__kernel': 'rbf'}
Melhores parâmetros: {'svm__C': 10, 'svm__gamma': 'auto', 'svm__kernel': 'rbf'}
Melhores parâmetros: {'svm__C': 10, 'svm__gamma': 0.002, 'svm__kernel': 'rbf'}
Melhores parâmetros: {'svm__C': 10, 'svm__gamma': 'auto', 'svm__kernel': 'rbf'}
--------------------------------------------------

🎯 Treinando especialista 4/4: horses
=== Iniciando treinamento assistido: SVM-GLCM+LPQ-Specialist-horses ===
Validação cruzada: 5 folds
--------------------------------------------------
Melhores parâmetros: {'svm__C': 10, 'svm__gamma': 'auto', 'svm__kernel': 'rbf'}
Melhores parâmetros: {'svm__C': 10, 'svm__gamma': 0.002, 'svm__kernel': 'rbf'}
Melhores parâmetros: {'svm__C': 10, 'svm__gamma': 'auto', 'svm__kernel': 'rbf'}
Melhores parâmetros: {'svm__C': 100, 'svm__gamma': 'auto', 'svm__kernel': 'rbf'}
Melhores parâmetros: {'svm__C': 10, 'svm__gamma': 0.002, 'svm__kernel': 'rbf'}
--------------------------------------------------

🎉 Treinamento de especialistas SVM-GLCM+LPQ concluído!
   ✅ 4 especialistas treinados com sucesso
   📦 Array retornado: raw_probabilities[i] = probabilidades do especialista da classe i
============================================================
----------------------------------------
Métricas SVM GLCM+LPQ:
   📊 Acurácia: 91.2500%
   📊 F1: 91.2500%
   📊 Recall: 91.2500%
   📊 Precision: 91.2745%
----------------------------------------
📊 Exportando resultados para CSV: SVM_GLCM_LPQ
   📁 Arquivo: results/csv_exports/svm_glcm_lpq_results.csv
   🎯 Imagens: 400 amostras
--------------------------------------------------
   ✅ 400 linhas escritas com sucesso
   💾 Arquivo salvo: results/csv_exports/svm_glcm_lpq_results.csv
==================================================

📊 Calculando relevância LBP+GLCM+LPQ...
🚀 Iniciando treinamento de especialistas SVM-LBP+GLCM+LPQ
   📋 4 especialistas para treinar
   🔄 Validação cruzada: 5 folds
------------------------------------------------------------

🎯 Treinando especialista 1/4: dogs
=== Iniciando treinamento assistido: SVM-LBP+GLCM+LPQ-Specialist-dogs ===
Validação cruzada: 5 folds
--------------------------------------------------
Melhores parâmetros: {'svm__C': 10, 'svm__gamma': 0.002, 'svm__kernel': 'rbf'}
Melhores parâmetros: {'svm__C': 10, 'svm__gamma': 0.002, 'svm__kernel': 'rbf'}
Melhores parâmetros: {'svm__C': 1, 'svm__gamma': 'auto', 'svm__kernel': 'rbf'}
Melhores parâmetros: {'svm__C': 1, 'svm__gamma': 'auto', 'svm__kernel': 'rbf'}
Melhores parâmetros: {'svm__C': 10, 'svm__gamma': 0.002, 'svm__kernel': 'rbf'}
--------------------------------------------------

🎯 Treinando especialista 2/4: cats
=== Iniciando treinamento assistido: SVM-LBP+GLCM+LPQ-Specialist-cats ===
Validação cruzada: 5 folds
--------------------------------------------------
Melhores parâmetros: {'svm__C': 10, 'svm__gamma': 0.002, 'svm__kernel': 'rbf'}
Melhores parâmetros: {'svm__C': 10, 'svm__gamma': 'auto', 'svm__kernel': 'rbf'}
Melhores parâmetros: {'svm__C': 10, 'svm__gamma': 0.002, 'svm__kernel': 'rbf'}
Melhores parâmetros: {'svm__C': 10, 'svm__gamma': 0.002, 'svm__kernel': 'rbf'}
Melhores parâmetros: {'svm__C': 10, 'svm__gamma': 'auto', 'svm__kernel': 'rbf'}
--------------------------------------------------

🎯 Treinando especialista 3/4: lions
=== Iniciando treinamento assistido: SVM-LBP+GLCM+LPQ-Specialist-lions ===
Validação cruzada: 5 folds
--------------------------------------------------
Melhores parâmetros: {'svm__C': 10, 'svm__gamma': 0.002, 'svm__kernel': 'rbf'}
Melhores parâmetros: {'svm__C': 10, 'svm__gamma': 0.002, 'svm__kernel': 'rbf'}
Melhores parâmetros: {'svm__C': 10, 'svm__gamma': 0.002, 'svm__kernel': 'rbf'}
Melhores parâmetros: {'svm__C': 10, 'svm__gamma': 'auto', 'svm__kernel': 'rbf'}
Melhores parâmetros: {'svm__C': 10, 'svm__gamma': 0.002, 'svm__kernel': 'rbf'}
--------------------------------------------------

🎯 Treinando especialista 4/4: horses
=== Iniciando treinamento assistido: SVM-LBP+GLCM+LPQ-Specialist-horses ===
Validação cruzada: 5 folds
--------------------------------------------------
Melhores parâmetros: {'svm__C': 10, 'svm__gamma': 'auto', 'svm__kernel': 'rbf'}
Melhores parâmetros: {'svm__C': 10, 'svm__gamma': 0.002, 'svm__kernel': 'rbf'}
Melhores parâmetros: {'svm__C': 100, 'svm__gamma': 'auto', 'svm__kernel': 'rbf'}
Melhores parâmetros: {'svm__C': 100, 'svm__gamma': 'auto', 'svm__kernel': 'rbf'}
Melhores parâmetros: {'svm__C': 10, 'svm__gamma': 0.002, 'svm__kernel': 'rbf'}
--------------------------------------------------

🎉 Treinamento de especialistas SVM-LBP+GLCM+LPQ concluído!
   ✅ 4 especialistas treinados com sucesso
   📦 Array retornado: raw_probabilities[i] = probabilidades do especialista da classe i
============================================================
----------------------------------------
Métricas SVM LBP+GLCM+LPQ:
   📊 Acurácia: 92.2500%
   📊 F1: 92.2470%
   📊 Recall: 92.2500%
   📊 Precision: 92.2882%
----------------------------------------
📊 Exportando resultados para CSV: SVM_LBP_GLCM_LPQ
   📁 Arquivo: results/csv_exports/svm_lbp_glcm_lpq_results.csv
   🎯 Imagens: 400 amostras
--------------------------------------------------
   ✅ 400 linhas escritas com sucesso
   💾 Arquivo salvo: results/csv_exports/svm_lbp_glcm_lpq_results.csv
==================================================
✅ Relevância calculada para todos os 7 conjuntos de features
📊 Métricas e matrizes de confusão geradas para cada combinação

🎉 === CÁLCULO DE RELEVÂNCIA SVM CONCLUÍDO ===
🚀 === CALCULANDO RELEVÂNCIA DOS MODELOS RF ===

📊 Calculando relevância LBP...
🚀 Iniciando treinamento de especialistas RF-LBP
   📋 4 especialistas para treinar
   🔄 Validação cruzada: 5 folds
------------------------------------------------------------

🎯 Treinando especialista 1/4: dogs
=== Iniciando treinamento assistido: RF-LBP-Specialist-dogs ===
Validação cruzada: 5 folds
--------------------------------------------------
Melhores parâmetros: {'rf__class_weight': None, 'rf__criterion': 'entropy', 'rf__max_depth': None, 'rf__max_features': 'sqrt', 'rf__max_samples': None, 'rf__min_samples_leaf': 3, 'rf__min_samples_split': 2, 'rf__n_estimators': 100}
Melhores parâmetros: {'rf__class_weight': None, 'rf__criterion': 'entropy', 'rf__max_depth': None, 'rf__max_features': 'sqrt', 'rf__max_samples': None, 'rf__min_samples_leaf': 3, 'rf__min_samples_split': 16, 'rf__n_estimators': 100}
Melhores parâmetros: {'rf__class_weight': 'balanced_subsample', 'rf__criterion': 'entropy', 'rf__max_depth': None, 'rf__max_features': 'sqrt', 'rf__max_samples': None, 'rf__min_samples_leaf': 3, 'rf__min_samples_split': 2, 'rf__n_estimators': 100}
Melhores parâmetros: {'rf__class_weight': 'balanced_subsample', 'rf__criterion': 'gini', 'rf__max_depth': None, 'rf__max_features': 'sqrt', 'rf__max_samples': None, 'rf__min_samples_leaf': 3, 'rf__min_samples_split': 2, 'rf__n_estimators': 200}
Melhores parâmetros: {'rf__class_weight': 'balanced_subsample', 'rf__criterion': 'entropy', 'rf__max_depth': None, 'rf__max_features': 'sqrt', 'rf__max_samples': None, 'rf__min_samples_leaf': 3, 'rf__min_samples_split': 2, 'rf__n_estimators': 200}
--------------------------------------------------

🎯 Treinando especialista 2/4: cats
=== Iniciando treinamento assistido: RF-LBP-Specialist-cats ===
Validação cruzada: 5 folds
--------------------------------------------------
Melhores parâmetros: {'rf__class_weight': None, 'rf__criterion': 'entropy', 'rf__max_depth': None, 'rf__max_features': 'sqrt', 'rf__max_samples': None, 'rf__min_samples_leaf': 3, 'rf__min_samples_split': 2, 'rf__n_estimators': 200}
Melhores parâmetros: {'rf__class_weight': 'balanced_subsample', 'rf__criterion': 'entropy', 'rf__max_depth': None, 'rf__max_features': 'sqrt', 'rf__max_samples': None, 'rf__min_samples_leaf': 3, 'rf__min_samples_split': 2, 'rf__n_estimators': 200}
Melhores parâmetros: {'rf__class_weight': None, 'rf__criterion': 'entropy', 'rf__max_depth': None, 'rf__max_features': 'sqrt', 'rf__max_samples': None, 'rf__min_samples_leaf': 3, 'rf__min_samples_split': 2, 'rf__n_estimators': 200}
Melhores parâmetros: {'rf__class_weight': 'balanced_subsample', 'rf__criterion': 'gini', 'rf__max_depth': None, 'rf__max_features': 'sqrt', 'rf__max_samples': None, 'rf__min_samples_leaf': 3, 'rf__min_samples_split': 2, 'rf__n_estimators': 200}
Melhores parâmetros: {'rf__class_weight': 'balanced_subsample', 'rf__criterion': 'gini', 'rf__max_depth': None, 'rf__max_features': 'sqrt', 'rf__max_samples': None, 'rf__min_samples_leaf': 3, 'rf__min_samples_split': 2, 'rf__n_estimators': 200}
--------------------------------------------------

🎯 Treinando especialista 3/4: lions
=== Iniciando treinamento assistido: RF-LBP-Specialist-lions ===
Validação cruzada: 5 folds
--------------------------------------------------
Melhores parâmetros: {'rf__class_weight': 'balanced_subsample', 'rf__criterion': 'gini', 'rf__max_depth': 8, 'rf__max_features': 'sqrt', 'rf__max_samples': None, 'rf__min_samples_leaf': 3, 'rf__min_samples_split': 16, 'rf__n_estimators': 100}
Melhores parâmetros: {'rf__class_weight': 'balanced_subsample', 'rf__criterion': 'gini', 'rf__max_depth': None, 'rf__max_features': 'sqrt', 'rf__max_samples': None, 'rf__min_samples_leaf': 3, 'rf__min_samples_split': 2, 'rf__n_estimators': 100}
Melhores parâmetros: {'rf__class_weight': 'balanced_subsample', 'rf__criterion': 'gini', 'rf__max_depth': 8, 'rf__max_features': 'sqrt', 'rf__max_samples': None, 'rf__min_samples_leaf': 3, 'rf__min_samples_split': 2, 'rf__n_estimators': 200}
Melhores parâmetros: {'rf__class_weight': 'balanced_subsample', 'rf__criterion': 'entropy', 'rf__max_depth': None, 'rf__max_features': 'sqrt', 'rf__max_samples': None, 'rf__min_samples_leaf': 3, 'rf__min_samples_split': 2, 'rf__n_estimators': 200}
Melhores parâmetros: {'rf__class_weight': 'balanced_subsample', 'rf__criterion': 'gini', 'rf__max_depth': None, 'rf__max_features': 'sqrt', 'rf__max_samples': None, 'rf__min_samples_leaf': 3, 'rf__min_samples_split': 2, 'rf__n_estimators': 100}
--------------------------------------------------

🎯 Treinando especialista 4/4: horses
=== Iniciando treinamento assistido: RF-LBP-Specialist-horses ===
Validação cruzada: 5 folds
--------------------------------------------------
Melhores parâmetros: {'rf__class_weight': 'balanced_subsample', 'rf__criterion': 'gini', 'rf__max_depth': None, 'rf__max_features': 'sqrt', 'rf__max_samples': None, 'rf__min_samples_leaf': 3, 'rf__min_samples_split': 2, 'rf__n_estimators': 200}
Melhores parâmetros: {'rf__class_weight': 'balanced_subsample', 'rf__criterion': 'entropy', 'rf__max_depth': None, 'rf__max_features': 'sqrt', 'rf__max_samples': None, 'rf__min_samples_leaf': 3, 'rf__min_samples_split': 2, 'rf__n_estimators': 200}
Melhores parâmetros: {'rf__class_weight': 'balanced_subsample', 'rf__criterion': 'entropy', 'rf__max_depth': None, 'rf__max_features': 'sqrt', 'rf__max_samples': None, 'rf__min_samples_leaf': 3, 'rf__min_samples_split': 2, 'rf__n_estimators': 200}
Melhores parâmetros: {'rf__class_weight': 'balanced_subsample', 'rf__criterion': 'gini', 'rf__max_depth': None, 'rf__max_features': 'sqrt', 'rf__max_samples': None, 'rf__min_samples_leaf': 3, 'rf__min_samples_split': 2, 'rf__n_estimators': 100}
Melhores parâmetros: {'rf__class_weight': 'balanced_subsample', 'rf__criterion': 'entropy', 'rf__max_depth': None, 'rf__max_features': 'sqrt', 'rf__max_samples': None, 'rf__min_samples_leaf': 3, 'rf__min_samples_split': 2, 'rf__n_estimators': 100}
--------------------------------------------------

🎉 Treinamento de especialistas RF-LBP concluído!
   ✅ 4 especialistas treinados com sucesso
   📦 Array retornado: raw_probabilities[i] = probabilidades do especialista da classe i
============================================================
----------------------------------------
Métricas RF LBP:
   📊 Acurácia: 82.7500%
   📊 F1: 82.6097%
   📊 Recall: 82.7500%
   📊 Precision: 83.2916%
----------------------------------------
📊 Exportando resultados para CSV: RF_LBP
   📁 Arquivo: results/csv_exports/rf_lbp_results.csv
   🎯 Imagens: 400 amostras
--------------------------------------------------
   ✅ 400 linhas escritas com sucesso
   💾 Arquivo salvo: results/csv_exports/rf_lbp_results.csv
==================================================

📊 Calculando relevância GLCM...
🚀 Iniciando treinamento de especialistas RF-GLCM
   📋 4 especialistas para treinar
   🔄 Validação cruzada: 5 folds
------------------------------------------------------------

🎯 Treinando especialista 1/4: dogs
=== Iniciando treinamento assistido: RF-GLCM-Specialist-dogs ===
Validação cruzada: 5 folds
--------------------------------------------------
Melhores parâmetros: {'rf__class_weight': None, 'rf__criterion': 'gini', 'rf__max_depth': None, 'rf__max_features': 'sqrt', 'rf__max_samples': None, 'rf__min_samples_leaf': 30, 'rf__min_samples_split': 2, 'rf__n_estimators': 200}
Melhores parâmetros: {'rf__class_weight': 'balanced_subsample', 'rf__criterion': 'entropy', 'rf__max_depth': None, 'rf__max_features': 'sqrt', 'rf__max_samples': None, 'rf__min_samples_leaf': 3, 'rf__min_samples_split': 16, 'rf__n_estimators': 200}
Melhores parâmetros: {'rf__class_weight': None, 'rf__criterion': 'entropy', 'rf__max_depth': None, 'rf__max_features': 'sqrt', 'rf__max_samples': None, 'rf__min_samples_leaf': 3, 'rf__min_samples_split': 40, 'rf__n_estimators': 200}
Melhores parâmetros: {'rf__class_weight': None, 'rf__criterion': 'gini', 'rf__max_depth': None, 'rf__max_features': 'sqrt', 'rf__max_samples': None, 'rf__min_samples_leaf': 3, 'rf__min_samples_split': 16, 'rf__n_estimators': 100}
Melhores parâmetros: {'rf__class_weight': None, 'rf__criterion': 'entropy', 'rf__max_depth': None, 'rf__max_features': 'sqrt', 'rf__max_samples': None, 'rf__min_samples_leaf': 3, 'rf__min_samples_split': 16, 'rf__n_estimators': 100}
--------------------------------------------------

🎯 Treinando especialista 2/4: cats
=== Iniciando treinamento assistido: RF-GLCM-Specialist-cats ===
Validação cruzada: 5 folds
--------------------------------------------------
Melhores parâmetros: {'rf__class_weight': None, 'rf__criterion': 'entropy', 'rf__max_depth': None, 'rf__max_features': 'sqrt', 'rf__max_samples': None, 'rf__min_samples_leaf': 3, 'rf__min_samples_split': 2, 'rf__n_estimators': 200}
Melhores parâmetros: {'rf__class_weight': None, 'rf__criterion': 'entropy', 'rf__max_depth': None, 'rf__max_features': 'sqrt', 'rf__max_samples': None, 'rf__min_samples_leaf': 3, 'rf__min_samples_split': 2, 'rf__n_estimators': 200}
Melhores parâmetros: {'rf__class_weight': None, 'rf__criterion': 'entropy', 'rf__max_depth': None, 'rf__max_features': 'sqrt', 'rf__max_samples': None, 'rf__min_samples_leaf': 3, 'rf__min_samples_split': 2, 'rf__n_estimators': 100}
Melhores parâmetros: {'rf__class_weight': None, 'rf__criterion': 'entropy', 'rf__max_depth': None, 'rf__max_features': 'sqrt', 'rf__max_samples': None, 'rf__min_samples_leaf': 3, 'rf__min_samples_split': 16, 'rf__n_estimators': 200}
Melhores parâmetros: {'rf__class_weight': None, 'rf__criterion': 'gini', 'rf__max_depth': None, 'rf__max_features': 'sqrt', 'rf__max_samples': None, 'rf__min_samples_leaf': 3, 'rf__min_samples_split': 16, 'rf__n_estimators': 100}
--------------------------------------------------

🎯 Treinando especialista 3/4: lions
=== Iniciando treinamento assistido: RF-GLCM-Specialist-lions ===
Validação cruzada: 5 folds
--------------------------------------------------
Melhores parâmetros: {'rf__class_weight': 'balanced_subsample', 'rf__criterion': 'entropy', 'rf__max_depth': None, 'rf__max_features': 'sqrt', 'rf__max_samples': None, 'rf__min_samples_leaf': 3, 'rf__min_samples_split': 2, 'rf__n_estimators': 200}
Melhores parâmetros: {'rf__class_weight': None, 'rf__criterion': 'entropy', 'rf__max_depth': None, 'rf__max_features': 'sqrt', 'rf__max_samples': None, 'rf__min_samples_leaf': 3, 'rf__min_samples_split': 2, 'rf__n_estimators': 100}
Melhores parâmetros: {'rf__class_weight': 'balanced_subsample', 'rf__criterion': 'entropy', 'rf__max_depth': None, 'rf__max_features': 'sqrt', 'rf__max_samples': None, 'rf__min_samples_leaf': 3, 'rf__min_samples_split': 2, 'rf__n_estimators': 200}
Melhores parâmetros: {'rf__class_weight': 'balanced_subsample', 'rf__criterion': 'entropy', 'rf__max_depth': None, 'rf__max_features': 'sqrt', 'rf__max_samples': None, 'rf__min_samples_leaf': 3, 'rf__min_samples_split': 2, 'rf__n_estimators': 200}
Melhores parâmetros: {'rf__class_weight': None, 'rf__criterion': 'entropy', 'rf__max_depth': None, 'rf__max_features': 'sqrt', 'rf__max_samples': None, 'rf__min_samples_leaf': 3, 'rf__min_samples_split': 16, 'rf__n_estimators': 200}
--------------------------------------------------

🎯 Treinando especialista 4/4: horses
=== Iniciando treinamento assistido: RF-GLCM-Specialist-horses ===
Validação cruzada: 5 folds
--------------------------------------------------
Melhores parâmetros: {'rf__class_weight': None, 'rf__criterion': 'entropy', 'rf__max_depth': None, 'rf__max_features': 'sqrt', 'rf__max_samples': None, 'rf__min_samples_leaf': 3, 'rf__min_samples_split': 16, 'rf__n_estimators': 200}
Melhores parâmetros: {'rf__class_weight': 'balanced_subsample', 'rf__criterion': 'gini', 'rf__max_depth': 8, 'rf__max_features': 'sqrt', 'rf__max_samples': None, 'rf__min_samples_leaf': 3, 'rf__min_samples_split': 2, 'rf__n_estimators': 100}
Melhores parâmetros: {'rf__class_weight': None, 'rf__criterion': 'gini', 'rf__max_depth': None, 'rf__max_features': 'sqrt', 'rf__max_samples': None, 'rf__min_samples_leaf': 3, 'rf__min_samples_split': 2, 'rf__n_estimators': 100}
Melhores parâmetros: {'rf__class_weight': 'balanced_subsample', 'rf__criterion': 'entropy', 'rf__max_depth': None, 'rf__max_features': 'sqrt', 'rf__max_samples': None, 'rf__min_samples_leaf': 3, 'rf__min_samples_split': 2, 'rf__n_estimators': 200}
Melhores parâmetros: {'rf__class_weight': 'balanced_subsample', 'rf__criterion': 'entropy', 'rf__max_depth': None, 'rf__max_features': 'sqrt', 'rf__max_samples': None, 'rf__min_samples_leaf': 3, 'rf__min_samples_split': 2, 'rf__n_estimators': 100}
--------------------------------------------------

🎉 Treinamento de especialistas RF-GLCM concluído!
   ✅ 4 especialistas treinados com sucesso
   📦 Array retornado: raw_probabilities[i] = probabilidades do especialista da classe i
============================================================
----------------------------------------
Métricas RF GLCM:
   📊 Acurácia: 81.0000%
   📊 F1: 80.7475%
   📊 Recall: 81.0000%
   📊 Precision: 81.6772%
----------------------------------------
📊 Exportando resultados para CSV: RF_GLCM
   📁 Arquivo: results/csv_exports/rf_glcm_results.csv
   🎯 Imagens: 400 amostras
--------------------------------------------------
   ✅ 400 linhas escritas com sucesso
   💾 Arquivo salvo: results/csv_exports/rf_glcm_results.csv
==================================================

📊 Calculando relevância LPQ...
🚀 Iniciando treinamento de especialistas RF-LPQ
   📋 4 especialistas para treinar
   🔄 Validação cruzada: 5 folds
------------------------------------------------------------

🎯 Treinando especialista 1/4: dogs
=== Iniciando treinamento assistido: RF-LPQ-Specialist-dogs ===
Validação cruzada: 5 folds
--------------------------------------------------
Melhores parâmetros: {'rf__class_weight': 'balanced_subsample', 'rf__criterion': 'entropy', 'rf__max_depth': None, 'rf__max_features': 'sqrt', 'rf__max_samples': None, 'rf__min_samples_leaf': 3, 'rf__min_samples_split': 2, 'rf__n_estimators': 200}
Melhores parâmetros: {'rf__class_weight': 'balanced_subsample', 'rf__criterion': 'entropy', 'rf__max_depth': None, 'rf__max_features': 'sqrt', 'rf__max_samples': None, 'rf__min_samples_leaf': 3, 'rf__min_samples_split': 2, 'rf__n_estimators': 200}
Melhores parâmetros: {'rf__class_weight': 'balanced_subsample', 'rf__criterion': 'gini', 'rf__max_depth': None, 'rf__max_features': 'sqrt', 'rf__max_samples': None, 'rf__min_samples_leaf': 3, 'rf__min_samples_split': 2, 'rf__n_estimators': 200}
Melhores parâmetros: {'rf__class_weight': 'balanced_subsample', 'rf__criterion': 'entropy', 'rf__max_depth': None, 'rf__max_features': 'sqrt', 'rf__max_samples': None, 'rf__min_samples_leaf': 3, 'rf__min_samples_split': 16, 'rf__n_estimators': 200}
Melhores parâmetros: {'rf__class_weight': 'balanced_subsample', 'rf__criterion': 'entropy', 'rf__max_depth': None, 'rf__max_features': 'sqrt', 'rf__max_samples': None, 'rf__min_samples_leaf': 3, 'rf__min_samples_split': 2, 'rf__n_estimators': 100}
--------------------------------------------------

🎯 Treinando especialista 2/4: cats
=== Iniciando treinamento assistido: RF-LPQ-Specialist-cats ===
Validação cruzada: 5 folds
--------------------------------------------------
Melhores parâmetros: {'rf__class_weight': 'balanced_subsample', 'rf__criterion': 'gini', 'rf__max_depth': None, 'rf__max_features': 'sqrt', 'rf__max_samples': None, 'rf__min_samples_leaf': 3, 'rf__min_samples_split': 16, 'rf__n_estimators': 100}
Melhores parâmetros: {'rf__class_weight': 'balanced_subsample', 'rf__criterion': 'gini', 'rf__max_depth': None, 'rf__max_features': 'sqrt', 'rf__max_samples': None, 'rf__min_samples_leaf': 3, 'rf__min_samples_split': 16, 'rf__n_estimators': 200}
Melhores parâmetros: {'rf__class_weight': 'balanced_subsample', 'rf__criterion': 'entropy', 'rf__max_depth': None, 'rf__max_features': 'sqrt', 'rf__max_samples': None, 'rf__min_samples_leaf': 3, 'rf__min_samples_split': 16, 'rf__n_estimators': 200}
Melhores parâmetros: {'rf__class_weight': 'balanced_subsample', 'rf__criterion': 'entropy', 'rf__max_depth': None, 'rf__max_features': 'sqrt', 'rf__max_samples': None, 'rf__min_samples_leaf': 3, 'rf__min_samples_split': 16, 'rf__n_estimators': 200}
Melhores parâmetros: {'rf__class_weight': 'balanced_subsample', 'rf__criterion': 'gini', 'rf__max_depth': None, 'rf__max_features': 'sqrt', 'rf__max_samples': None, 'rf__min_samples_leaf': 3, 'rf__min_samples_split': 2, 'rf__n_estimators': 200}
--------------------------------------------------

🎯 Treinando especialista 3/4: lions
=== Iniciando treinamento assistido: RF-LPQ-Specialist-lions ===
Validação cruzada: 5 folds
--------------------------------------------------
Melhores parâmetros: {'rf__class_weight': None, 'rf__criterion': 'gini', 'rf__max_depth': None, 'rf__max_features': 'sqrt', 'rf__max_samples': None, 'rf__min_samples_leaf': 3, 'rf__min_samples_split': 16, 'rf__n_estimators': 200}
Melhores parâmetros: {'rf__class_weight': 'balanced_subsample', 'rf__criterion': 'gini', 'rf__max_depth': None, 'rf__max_features': 'sqrt', 'rf__max_samples': None, 'rf__min_samples_leaf': 3, 'rf__min_samples_split': 2, 'rf__n_estimators': 100}
Melhores parâmetros: {'rf__class_weight': 'balanced_subsample', 'rf__criterion': 'gini', 'rf__max_depth': None, 'rf__max_features': 'sqrt', 'rf__max_samples': None, 'rf__min_samples_leaf': 3, 'rf__min_samples_split': 2, 'rf__n_estimators': 200}
Melhores parâmetros: {'rf__class_weight': 'balanced_subsample', 'rf__criterion': 'gini', 'rf__max_depth': None, 'rf__max_features': 'sqrt', 'rf__max_samples': None, 'rf__min_samples_leaf': 3, 'rf__min_samples_split': 2, 'rf__n_estimators': 100}
Melhores parâmetros: {'rf__class_weight': 'balanced_subsample', 'rf__criterion': 'gini', 'rf__max_depth': None, 'rf__max_features': 'sqrt', 'rf__max_samples': None, 'rf__min_samples_leaf': 3, 'rf__min_samples_split': 16, 'rf__n_estimators': 100}
--------------------------------------------------

🎯 Treinando especialista 4/4: horses
=== Iniciando treinamento assistido: RF-LPQ-Specialist-horses ===
Validação cruzada: 5 folds
--------------------------------------------------
Melhores parâmetros: {'rf__class_weight': 'balanced_subsample', 'rf__criterion': 'entropy', 'rf__max_depth': None, 'rf__max_features': 'sqrt', 'rf__max_samples': None, 'rf__min_samples_leaf': 3, 'rf__min_samples_split': 2, 'rf__n_estimators': 200}
Melhores parâmetros: {'rf__class_weight': 'balanced_subsample', 'rf__criterion': 'entropy', 'rf__max_depth': None, 'rf__max_features': 'sqrt', 'rf__max_samples': None, 'rf__min_samples_leaf': 3, 'rf__min_samples_split': 2, 'rf__n_estimators': 200}
Melhores parâmetros: {'rf__class_weight': None, 'rf__criterion': 'gini', 'rf__max_depth': None, 'rf__max_features': 'sqrt', 'rf__max_samples': None, 'rf__min_samples_leaf': 3, 'rf__min_samples_split': 2, 'rf__n_estimators': 200}
Melhores parâmetros: {'rf__class_weight': 'balanced_subsample', 'rf__criterion': 'gini', 'rf__max_depth': None, 'rf__max_features': 'sqrt', 'rf__max_samples': None, 'rf__min_samples_leaf': 3, 'rf__min_samples_split': 2, 'rf__n_estimators': 200}
Melhores parâmetros: {'rf__class_weight': 'balanced_subsample', 'rf__criterion': 'gini', 'rf__max_depth': None, 'rf__max_features': 'sqrt', 'rf__max_samples': None, 'rf__min_samples_leaf': 3, 'rf__min_samples_split': 16, 'rf__n_estimators': 100}
--------------------------------------------------

🎉 Treinamento de especialistas RF-LPQ concluído!
   ✅ 4 especialistas treinados com sucesso
   📦 Array retornado: raw_probabilities[i] = probabilidades do especialista da classe i
============================================================
----------------------------------------
Métricas RF LPQ:
   📊 Acurácia: 85.5000%
   📊 F1: 85.4097%
   📊 Recall: 85.5000%
   📊 Precision: 86.6057%
----------------------------------------
📊 Exportando resultados para CSV: RF_LPQ
   📁 Arquivo: results/csv_exports/rf_lpq_results.csv
   🎯 Imagens: 400 amostras
--------------------------------------------------
   ✅ 400 linhas escritas com sucesso
   💾 Arquivo salvo: results/csv_exports/rf_lpq_results.csv
==================================================

📊 Calculando relevância LBP+GLCM...
🚀 Iniciando treinamento de especialistas RF-LBP+GLCM
   📋 4 especialistas para treinar
   🔄 Validação cruzada: 5 folds
------------------------------------------------------------

🎯 Treinando especialista 1/4: dogs
=== Iniciando treinamento assistido: RF-LBP+GLCM-Specialist-dogs ===
Validação cruzada: 5 folds
--------------------------------------------------
Melhores parâmetros: {'rf__class_weight': 'balanced_subsample', 'rf__criterion': 'entropy', 'rf__max_depth': None, 'rf__max_features': 'sqrt', 'rf__max_samples': None, 'rf__min_samples_leaf': 3, 'rf__min_samples_split': 2, 'rf__n_estimators': 200}
Melhores parâmetros: {'rf__class_weight': 'balanced_subsample', 'rf__criterion': 'entropy', 'rf__max_depth': None, 'rf__max_features': 'sqrt', 'rf__max_samples': None, 'rf__min_samples_leaf': 3, 'rf__min_samples_split': 2, 'rf__n_estimators': 100}
Melhores parâmetros: {'rf__class_weight': None, 'rf__criterion': 'gini', 'rf__max_depth': None, 'rf__max_features': 'sqrt', 'rf__max_samples': None, 'rf__min_samples_leaf': 3, 'rf__min_samples_split': 2, 'rf__n_estimators': 100}
Melhores parâmetros: {'rf__class_weight': None, 'rf__criterion': 'entropy', 'rf__max_depth': None, 'rf__max_features': 'sqrt', 'rf__max_samples': None, 'rf__min_samples_leaf': 3, 'rf__min_samples_split': 16, 'rf__n_estimators': 200}
Melhores parâmetros: {'rf__class_weight': 'balanced_subsample', 'rf__criterion': 'gini', 'rf__max_depth': None, 'rf__max_features': 'sqrt', 'rf__max_samples': None, 'rf__min_samples_leaf': 3, 'rf__min_samples_split': 2, 'rf__n_estimators': 200}
--------------------------------------------------

🎯 Treinando especialista 2/4: cats
=== Iniciando treinamento assistido: RF-LBP+GLCM-Specialist-cats ===
Validação cruzada: 5 folds
--------------------------------------------------
Melhores parâmetros: {'rf__class_weight': None, 'rf__criterion': 'gini', 'rf__max_depth': None, 'rf__max_features': 'sqrt', 'rf__max_samples': None, 'rf__min_samples_leaf': 3, 'rf__min_samples_split': 2, 'rf__n_estimators': 200}
Melhores parâmetros: {'rf__class_weight': 'balanced_subsample', 'rf__criterion': 'entropy', 'rf__max_depth': None, 'rf__max_features': 'sqrt', 'rf__max_samples': None, 'rf__min_samples_leaf': 3, 'rf__min_samples_split': 2, 'rf__n_estimators': 100}
Melhores parâmetros: {'rf__class_weight': 'balanced_subsample', 'rf__criterion': 'entropy', 'rf__max_depth': None, 'rf__max_features': 'sqrt', 'rf__max_samples': None, 'rf__min_samples_leaf': 3, 'rf__min_samples_split': 2, 'rf__n_estimators': 100}
Melhores parâmetros: {'rf__class_weight': None, 'rf__criterion': 'entropy', 'rf__max_depth': None, 'rf__max_features': 'sqrt', 'rf__max_samples': None, 'rf__min_samples_leaf': 3, 'rf__min_samples_split': 2, 'rf__n_estimators': 200}
Melhores parâmetros: {'rf__class_weight': 'balanced_subsample', 'rf__criterion': 'entropy', 'rf__max_depth': None, 'rf__max_features': 'sqrt', 'rf__max_samples': None, 'rf__min_samples_leaf': 3, 'rf__min_samples_split': 2, 'rf__n_estimators': 200}
--------------------------------------------------

🎯 Treinando especialista 3/4: lions
=== Iniciando treinamento assistido: RF-LBP+GLCM-Specialist-lions ===
Validação cruzada: 5 folds
--------------------------------------------------
Melhores parâmetros: {'rf__class_weight': 'balanced_subsample', 'rf__criterion': 'entropy', 'rf__max_depth': None, 'rf__max_features': 'sqrt', 'rf__max_samples': None, 'rf__min_samples_leaf': 3, 'rf__min_samples_split': 2, 'rf__n_estimators': 200}
Melhores parâmetros: {'rf__class_weight': None, 'rf__criterion': 'entropy', 'rf__max_depth': None, 'rf__max_features': 'sqrt', 'rf__max_samples': None, 'rf__min_samples_leaf': 3, 'rf__min_samples_split': 2, 'rf__n_estimators': 100}
Melhores parâmetros: {'rf__class_weight': 'balanced_subsample', 'rf__criterion': 'entropy', 'rf__max_depth': None, 'rf__max_features': 'sqrt', 'rf__max_samples': None, 'rf__min_samples_leaf': 3, 'rf__min_samples_split': 2, 'rf__n_estimators': 100}
Melhores parâmetros: {'rf__class_weight': 'balanced_subsample', 'rf__criterion': 'entropy', 'rf__max_depth': 8, 'rf__max_features': 'sqrt', 'rf__max_samples': None, 'rf__min_samples_leaf': 3, 'rf__min_samples_split': 16, 'rf__n_estimators': 200}
Melhores parâmetros: {'rf__class_weight': 'balanced_subsample', 'rf__criterion': 'entropy', 'rf__max_depth': None, 'rf__max_features': 'sqrt', 'rf__max_samples': None, 'rf__min_samples_leaf': 3, 'rf__min_samples_split': 2, 'rf__n_estimators': 200}
--------------------------------------------------

🎯 Treinando especialista 4/4: horses
=== Iniciando treinamento assistido: RF-LBP+GLCM-Specialist-horses ===
Validação cruzada: 5 folds
--------------------------------------------------
Melhores parâmetros: {'rf__class_weight': 'balanced_subsample', 'rf__criterion': 'entropy', 'rf__max_depth': None, 'rf__max_features': 'sqrt', 'rf__max_samples': None, 'rf__min_samples_leaf': 3, 'rf__min_samples_split': 2, 'rf__n_estimators': 100}
Melhores parâmetros: {'rf__class_weight': 'balanced_subsample', 'rf__criterion': 'gini', 'rf__max_depth': 8, 'rf__max_features': 'sqrt', 'rf__max_samples': None, 'rf__min_samples_leaf': 3, 'rf__min_samples_split': 2, 'rf__n_estimators': 100}
Melhores parâmetros: {'rf__class_weight': None, 'rf__criterion': 'entropy', 'rf__max_depth': None, 'rf__max_features': 'sqrt', 'rf__max_samples': None, 'rf__min_samples_leaf': 3, 'rf__min_samples_split': 2, 'rf__n_estimators': 200}
Melhores parâmetros: {'rf__class_weight': 'balanced_subsample', 'rf__criterion': 'gini', 'rf__max_depth': None, 'rf__max_features': 'sqrt', 'rf__max_samples': None, 'rf__min_samples_leaf': 3, 'rf__min_samples_split': 2, 'rf__n_estimators': 200}
Melhores parâmetros: {'rf__class_weight': 'balanced_subsample', 'rf__criterion': 'gini', 'rf__max_depth': 8, 'rf__max_features': 'sqrt', 'rf__max_samples': None, 'rf__min_samples_leaf': 3, 'rf__min_samples_split': 2, 'rf__n_estimators': 100}
--------------------------------------------------

🎉 Treinamento de especialistas RF-LBP+GLCM concluído!
   ✅ 4 especialistas treinados com sucesso
   📦 Array retornado: raw_probabilities[i] = probabilidades do especialista da classe i
============================================================
----------------------------------------
Métricas RF LBP+GLCM:
   📊 Acurácia: 85.2500%
   📊 F1: 85.2400%
   📊 Recall: 85.2500%
   📊 Precision: 85.2429%
----------------------------------------
📊 Exportando resultados para CSV: RF_LBP_GLCM
   📁 Arquivo: results/csv_exports/rf_lbp_glcm_results.csv
   🎯 Imagens: 400 amostras
--------------------------------------------------
   ✅ 400 linhas escritas com sucesso
   💾 Arquivo salvo: results/csv_exports/rf_lbp_glcm_results.csv
==================================================

📊 Calculando relevância LBP+LPQ...
🚀 Iniciando treinamento de especialistas RF-LBP+LPQ
   📋 4 especialistas para treinar
   🔄 Validação cruzada: 5 folds
------------------------------------------------------------

🎯 Treinando especialista 1/4: dogs
=== Iniciando treinamento assistido: RF-LBP+LPQ-Specialist-dogs ===
Validação cruzada: 5 folds
--------------------------------------------------
Melhores parâmetros: {'rf__class_weight': 'balanced_subsample', 'rf__criterion': 'entropy', 'rf__max_depth': None, 'rf__max_features': 'sqrt', 'rf__max_samples': None, 'rf__min_samples_leaf': 3, 'rf__min_samples_split': 2, 'rf__n_estimators': 100}
Melhores parâmetros: {'rf__class_weight': 'balanced_subsample', 'rf__criterion': 'gini', 'rf__max_depth': None, 'rf__max_features': 'sqrt', 'rf__max_samples': None, 'rf__min_samples_leaf': 3, 'rf__min_samples_split': 2, 'rf__n_estimators': 100}
Melhores parâmetros: {'rf__class_weight': 'balanced_subsample', 'rf__criterion': 'gini', 'rf__max_depth': None, 'rf__max_features': 'sqrt', 'rf__max_samples': None, 'rf__min_samples_leaf': 3, 'rf__min_samples_split': 2, 'rf__n_estimators': 200}
Melhores parâmetros: {'rf__class_weight': 'balanced_subsample', 'rf__criterion': 'entropy', 'rf__max_depth': None, 'rf__max_features': 'sqrt', 'rf__max_samples': None, 'rf__min_samples_leaf': 3, 'rf__min_samples_split': 2, 'rf__n_estimators': 200}
Melhores parâmetros: {'rf__class_weight': 'balanced_subsample', 'rf__criterion': 'entropy', 'rf__max_depth': None, 'rf__max_features': 'sqrt', 'rf__max_samples': None, 'rf__min_samples_leaf': 3, 'rf__min_samples_split': 2, 'rf__n_estimators': 200}
--------------------------------------------------

🎯 Treinando especialista 2/4: cats
=== Iniciando treinamento assistido: RF-LBP+LPQ-Specialist-cats ===
Validação cruzada: 5 folds
--------------------------------------------------
Melhores parâmetros: {'rf__class_weight': 'balanced_subsample', 'rf__criterion': 'entropy', 'rf__max_depth': None, 'rf__max_features': 'sqrt', 'rf__max_samples': None, 'rf__min_samples_leaf': 3, 'rf__min_samples_split': 16, 'rf__n_estimators': 200}
Melhores parâmetros: {'rf__class_weight': 'balanced_subsample', 'rf__criterion': 'entropy', 'rf__max_depth': None, 'rf__max_features': 'sqrt', 'rf__max_samples': None, 'rf__min_samples_leaf': 3, 'rf__min_samples_split': 16, 'rf__n_estimators': 100}
Melhores parâmetros: {'rf__class_weight': 'balanced_subsample', 'rf__criterion': 'gini', 'rf__max_depth': None, 'rf__max_features': 'sqrt', 'rf__max_samples': None, 'rf__min_samples_leaf': 3, 'rf__min_samples_split': 2, 'rf__n_estimators': 200}
Melhores parâmetros: {'rf__class_weight': 'balanced_subsample', 'rf__criterion': 'entropy', 'rf__max_depth': None, 'rf__max_features': 'sqrt', 'rf__max_samples': None, 'rf__min_samples_leaf': 3, 'rf__min_samples_split': 16, 'rf__n_estimators': 200}
Melhores parâmetros: {'rf__class_weight': 'balanced_subsample', 'rf__criterion': 'gini', 'rf__max_depth': None, 'rf__max_features': 'sqrt', 'rf__max_samples': None, 'rf__min_samples_leaf': 3, 'rf__min_samples_split': 2, 'rf__n_estimators': 100}
--------------------------------------------------

🎯 Treinando especialista 3/4: lions
=== Iniciando treinamento assistido: RF-LBP+LPQ-Specialist-lions ===
Validação cruzada: 5 folds
--------------------------------------------------
Melhores parâmetros: {'rf__class_weight': 'balanced_subsample', 'rf__criterion': 'gini', 'rf__max_depth': None, 'rf__max_features': 'sqrt', 'rf__max_samples': None, 'rf__min_samples_leaf': 3, 'rf__min_samples_split': 16, 'rf__n_estimators': 100}
Melhores parâmetros: {'rf__class_weight': 'balanced_subsample', 'rf__criterion': 'gini', 'rf__max_depth': 8, 'rf__max_features': 'sqrt', 'rf__max_samples': None, 'rf__min_samples_leaf': 3, 'rf__min_samples_split': 16, 'rf__n_estimators': 200}
Melhores parâmetros: {'rf__class_weight': 'balanced_subsample', 'rf__criterion': 'entropy', 'rf__max_depth': 8, 'rf__max_features': 'sqrt', 'rf__max_samples': None, 'rf__min_samples_leaf': 3, 'rf__min_samples_split': 2, 'rf__n_estimators': 100}
Melhores parâmetros: {'rf__class_weight': 'balanced_subsample', 'rf__criterion': 'gini', 'rf__max_depth': None, 'rf__max_features': 'sqrt', 'rf__max_samples': None, 'rf__min_samples_leaf': 3, 'rf__min_samples_split': 16, 'rf__n_estimators': 100}
Melhores parâmetros: {'rf__class_weight': 'balanced_subsample', 'rf__criterion': 'gini', 'rf__max_depth': 8, 'rf__max_features': 'sqrt', 'rf__max_samples': None, 'rf__min_samples_leaf': 3, 'rf__min_samples_split': 2, 'rf__n_estimators': 100}
--------------------------------------------------

🎯 Treinando especialista 4/4: horses
=== Iniciando treinamento assistido: RF-LBP+LPQ-Specialist-horses ===
Validação cruzada: 5 folds
--------------------------------------------------
Melhores parâmetros: {'rf__class_weight': 'balanced_subsample', 'rf__criterion': 'entropy', 'rf__max_depth': None, 'rf__max_features': 'sqrt', 'rf__max_samples': None, 'rf__min_samples_leaf': 10, 'rf__min_samples_split': 2, 'rf__n_estimators': 200}
Melhores parâmetros: {'rf__class_weight': 'balanced_subsample', 'rf__criterion': 'entropy', 'rf__max_depth': None, 'rf__max_features': 'sqrt', 'rf__max_samples': None, 'rf__min_samples_leaf': 3, 'rf__min_samples_split': 2, 'rf__n_estimators': 200}
Melhores parâmetros: {'rf__class_weight': 'balanced_subsample', 'rf__criterion': 'entropy', 'rf__max_depth': None, 'rf__max_features': 'sqrt', 'rf__max_samples': None, 'rf__min_samples_leaf': 3, 'rf__min_samples_split': 16, 'rf__n_estimators': 200}
Melhores parâmetros: {'rf__class_weight': 'balanced_subsample', 'rf__criterion': 'gini', 'rf__max_depth': None, 'rf__max_features': 'sqrt', 'rf__max_samples': None, 'rf__min_samples_leaf': 3, 'rf__min_samples_split': 16, 'rf__n_estimators': 200}
Melhores parâmetros: {'rf__class_weight': 'balanced_subsample', 'rf__criterion': 'entropy', 'rf__max_depth': None, 'rf__max_features': 'sqrt', 'rf__max_samples': None, 'rf__min_samples_leaf': 3, 'rf__min_samples_split': 16, 'rf__n_estimators': 200}
--------------------------------------------------

🎉 Treinamento de especialistas RF-LBP+LPQ concluído!
   ✅ 4 especialistas treinados com sucesso
   📦 Array retornado: raw_probabilities[i] = probabilidades do especialista da classe i
============================================================
----------------------------------------
Métricas RF LBP+LPQ:
   📊 Acurácia: 85.5000%
   📊 F1: 85.3638%
   📊 Recall: 85.5000%
   📊 Precision: 86.4600%
----------------------------------------
📊 Exportando resultados para CSV: RF_LBP_LPQ
   📁 Arquivo: results/csv_exports/rf_lbp_lpq_results.csv
   🎯 Imagens: 400 amostras
--------------------------------------------------
   ✅ 400 linhas escritas com sucesso
   💾 Arquivo salvo: results/csv_exports/rf_lbp_lpq_results.csv
==================================================

📊 Calculando relevância GLCM+LPQ...
🚀 Iniciando treinamento de especialistas RF-GLCM+LPQ
   📋 4 especialistas para treinar
   🔄 Validação cruzada: 5 folds
------------------------------------------------------------

🎯 Treinando especialista 1/4: dogs
=== Iniciando treinamento assistido: RF-GLCM+LPQ-Specialist-dogs ===
Validação cruzada: 5 folds
--------------------------------------------------
Melhores parâmetros: {'rf__class_weight': 'balanced_subsample', 'rf__criterion': 'entropy', 'rf__max_depth': None, 'rf__max_features': 'sqrt', 'rf__max_samples': None, 'rf__min_samples_leaf': 3, 'rf__min_samples_split': 2, 'rf__n_estimators': 100}
Melhores parâmetros: {'rf__class_weight': 'balanced_subsample', 'rf__criterion': 'entropy', 'rf__max_depth': None, 'rf__max_features': 'sqrt', 'rf__max_samples': None, 'rf__min_samples_leaf': 3, 'rf__min_samples_split': 2, 'rf__n_estimators': 200}
Melhores parâmetros: {'rf__class_weight': 'balanced_subsample', 'rf__criterion': 'entropy', 'rf__max_depth': None, 'rf__max_features': 'sqrt', 'rf__max_samples': None, 'rf__min_samples_leaf': 3, 'rf__min_samples_split': 2, 'rf__n_estimators': 200}
Melhores parâmetros: {'rf__class_weight': 'balanced_subsample', 'rf__criterion': 'entropy', 'rf__max_depth': None, 'rf__max_features': 'sqrt', 'rf__max_samples': None, 'rf__min_samples_leaf': 3, 'rf__min_samples_split': 2, 'rf__n_estimators': 200}
Melhores parâmetros: {'rf__class_weight': None, 'rf__criterion': 'entropy', 'rf__max_depth': None, 'rf__max_features': 'sqrt', 'rf__max_samples': None, 'rf__min_samples_leaf': 10, 'rf__min_samples_split': 2, 'rf__n_estimators': 200}
--------------------------------------------------

🎯 Treinando especialista 2/4: cats
=== Iniciando treinamento assistido: RF-GLCM+LPQ-Specialist-cats ===
Validação cruzada: 5 folds
--------------------------------------------------
Melhores parâmetros:/home/alunos/a2020815/tcc_image_classification_by_relevance_of_regions/tools/relevance.py:582: RuntimeWarning: More than 20 figures have been opened. Figures created through the pyplot interface (`matplotlib.pyplot.figure`) are retained until explicitly closed and may consume too much memory. (To control this warning, see the rcParam `figure.max_open_warning`). Consider using `matplotlib.pyplot.close()`.
  plt.figure(figsize=(10, 10), dpi=100)
/home/alunos/a2020815/tcc_image_classification_by_relevance_of_regions/tools/relevance.py:582: RuntimeWarning: More than 20 figures have been opened. Figures created through the pyplot interface (`matplotlib.pyplot.figure`) are retained until explicitly closed and may consume too much memory. (To control this warning, see the rcParam `figure.max_open_warning`). Consider using `matplotlib.pyplot.close()`.
  plt.figure(figsize=(10, 10), dpi=100)
/home/alunos/a2020815/tcc_image_classification_by_relevance_of_regions/tools/relevance.py:582: RuntimeWarning: More than 20 figures have been opened. Figures created through the pyplot interface (`matplotlib.pyplot.figure`) are retained until explicitly closed and may consume too much memory. (To control this warning, see the rcParam `figure.max_open_warning`). Consider using `matplotlib.pyplot.close()`.
  plt.figure(figsize=(10, 10), dpi=100)
/home/alunos/a2020815/tcc_image_classification_by_relevance_of_regions/tools/relevance.py:582: RuntimeWarning: More than 20 figures have been opened. Figures created through the pyplot interface (`matplotlib.pyplot.figure`) are retained until explicitly closed and may consume too much memory. (To control this warning, see the rcParam `figure.max_open_warning`). Consider using `matplotlib.pyplot.close()`.
  plt.figure(figsize=(10, 10), dpi=100)
/home/alunos/a2020815/tcc_image_classification_by_relevance_of_regions/tools/relevance.py:582: RuntimeWarning: More than 20 figures have been opened. Figures created through the pyplot interface (`matplotlib.pyplot.figure`) are retained until explicitly closed and may consume too much memory. (To control this warning, see the rcParam `figure.max_open_warning`). Consider using `matplotlib.pyplot.close()`.
  plt.figure(figsize=(10, 10), dpi=100)
/home/alunos/a2020815/tcc_image_classification_by_relevance_of_regions/tools/relevance.py:582: RuntimeWarning: More than 20 figures have been opened. Figures created through the pyplot interface (`matplotlib.pyplot.figure`) are retained until explicitly closed and may consume too much memory. (To control this warning, see the rcParam `figure.max_open_warning`). Consider using `matplotlib.pyplot.close()`.
  plt.figure(figsize=(10, 10), dpi=100)
/home/alunos/a2020815/tcc_image_classification_by_relevance_of_regions/tools/relevance.py:582: RuntimeWarning: More than 20 figures have been opened. Figures created through the pyplot interface (`matplotlib.pyplot.figure`) are retained until explicitly closed and may consume too much memory. (To control this warning, see the rcParam `figure.max_open_warning`). Consider using `matplotlib.pyplot.close()`.
  plt.figure(figsize=(10, 10), dpi=100)
/home/alunos/a2020815/tcc_image_classification_by_relevance_of_regions/tools/relevance.py:582: RuntimeWarning: More than 20 figures have been opened. Figures created through the pyplot interface (`matplotlib.pyplot.figure`) are retained until explicitly closed and may consume too much memory. (To control this warning, see the rcParam `figure.max_open_warning`). Consider using `matplotlib.pyplot.close()`.
  plt.figure(figsize=(10, 10), dpi=100)
/home/alunos/a2020815/tcc_image_classification_by_relevance_of_regions/tools/relevance.py:582: RuntimeWarning: More than 20 figures have been opened. Figures created through the pyplot interface (`matplotlib.pyplot.figure`) are retained until explicitly closed and may consume too much memory. (To control this warning, see the rcParam `figure.max_open_warning`). Consider using `matplotlib.pyplot.close()`.
  plt.figure(figsize=(10, 10), dpi=100)
/home/alunos/a2020815/tcc_image_classification_by_relevance_of_regions/tools/relevance.py:582: RuntimeWarning: More than 20 figures have been opened. Figures created through the pyplot interface (`matplotlib.pyplot.figure`) are retained until explicitly closed and may consume too much memory. (To control this warning, see the rcParam `figure.max_open_warning`). Consider using `matplotlib.pyplot.close()`.
  plt.figure(figsize=(10, 10), dpi=100)
/home/alunos/a2020815/tcc_image_classification_by_relevance_of_regions/tools/relevance.py:582: RuntimeWarning: More than 20 figures have been opened. Figures created through the pyplot interface (`matplotlib.pyplot.figure`) are retained until explicitly closed and may consume too much memory. (To control this warning, see the rcParam `figure.max_open_warning`). Consider using `matplotlib.pyplot.close()`.
  plt.figure(figsize=(10, 10), dpi=100)
/home/alunos/a2020815/tcc_image_classification_by_relevance_of_regions/tools/relevance.py:582: RuntimeWarning: More than 20 figures have been opened. Figures created through the pyplot interface (`matplotlib.pyplot.figure`) are retained until explicitly closed and may consume too much memory. (To control this warning, see the rcParam `figure.max_open_warning`). Consider using `matplotlib.pyplot.close()`.
  plt.figure(figsize=(10, 10), dpi=100)
/home/alunos/a2020815/tcc_image_classification_by_relevance_of_regions/tools/relevance.py:582: RuntimeWarning: More than 20 figures have been opened. Figures created through the pyplot interface (`matplotlib.pyplot.figure`) are retained until explicitly closed and may consume too much memory. (To control this warning, see the rcParam `figure.max_open_warning`). Consider using `matplotlib.pyplot.close()`.
  plt.figure(figsize=(10, 10), dpi=100)
/home/alunos/a2020815/tcc_image_classification_by_relevance_of_regions/tools/relevance.py:582: RuntimeWarning: More than 20 figures have been opened. Figures created through the pyplot interface (`matplotlib.pyplot.figure`) are retained until explicitly closed and may consume too much memory. (To control this warning, see the rcParam `figure.max_open_warning`). Consider using `matplotlib.pyplot.close()`.
  plt.figure(figsize=(10, 10), dpi=100)
/home/alunos/a2020815/tcc_image_classification_by_relevance_of_regions/tools/relevance.py:582: RuntimeWarning: More than 20 figures have been opened. Figures created through the pyplot interface (`matplotlib.pyplot.figure`) are retained until explicitly closed and may consume too much memory. (To control this warning, see the rcParam `figure.max_open_warning`). Consider using `matplotlib.pyplot.close()`.
  plt.figure(figsize=(10, 10), dpi=100)
/home/alunos/a2020815/tcc_image_classification_by_relevance_of_regions/tools/relevance.py:582: RuntimeWarning: More than 20 figures have been opened. Figures created through the pyplot interface (`matplotlib.pyplot.figure`) are retained until explicitly closed and may consume too much memory. (To control this warning, see the rcParam `figure.max_open_warning`). Consider using `matplotlib.pyplot.close()`.
  plt.figure(figsize=(10, 10), dpi=100)
/home/alunos/a2020815/tcc_image_classification_by_relevance_of_regions/tools/relevance.py:582: RuntimeWarning: More than 20 figures have been opened. Figures created through the pyplot interface (`matplotlib.pyplot.figure`) are retained until explicitly closed and may consume too much memory. (To control this warning, see the rcParam `figure.max_open_warning`). Consider using `matplotlib.pyplot.close()`.
  plt.figure(figsize=(10, 10), dpi=100)
/home/alunos/a2020815/tcc_image_classification_by_relevance_of_regions/tools/relevance.py:582: RuntimeWarning: More than 20 figures have been opened. Figures created through the pyplot interface (`matplotlib.pyplot.figure`) are retained until explicitly closed and may consume too much memory. (To control this warning, see the rcParam `figure.max_open_warning`). Consider using `matplotlib.pyplot.close()`.
  plt.figure(figsize=(10, 10), dpi=100)
/home/alunos/a2020815/tcc_image_classification_by_relevance_of_regions/tools/relevance.py:582: RuntimeWarning: More than 20 figures have been opened. Figures created through the pyplot interface (`matplotlib.pyplot.figure`) are retained until explicitly closed and may consume too much memory. (To control this warning, see the rcParam `figure.max_open_warning`). Consider using `matplotlib.pyplot.close()`.
  plt.figure(figsize=(10, 10), dpi=100)
/home/alunos/a2020815/tcc_image_classification_by_relevance_of_regions/tools/relevance.py:582: RuntimeWarning: More than 20 figures have been opened. Figures created through the pyplot interface (`matplotlib.pyplot.figure`) are retained until explicitly closed and may consume too much memory. (To control this warning, see the rcParam `figure.max_open_warning`). Consider using `matplotlib.pyplot.close()`.
  plt.figure(figsize=(10, 10), dpi=100)
/home/alunos/a2020815/tcc_image_classification_by_relevance_of_regions/tools/relevance.py:582: RuntimeWarning: More than 20 figures have been opened. Figures created through the pyplot interface (`matplotlib.pyplot.figure`) are retained until explicitly closed and may consume too much memory. (To control this warning, see the rcParam `figure.max_open_warning`). Consider using `matplotlib.pyplot.close()`.
  plt.figure(figsize=(10, 10), dpi=100)
/home/alunos/a2020815/tcc_image_classification_by_relevance_of_regions/tools/relevance.py:582: RuntimeWarning: More than 20 figures have been opened. Figures created through the pyplot interface (`matplotlib.pyplot.figure`) are retained until explicitly closed and may consume too much memory. (To control this warning, see the rcParam `figure.max_open_warning`). Consider using `matplotlib.pyplot.close()`.
  plt.figure(figsize=(10, 10), dpi=100)
/home/alunos/a2020815/tcc_image_classification_by_relevance_of_regions/tools/relevance.py:582: RuntimeWarning: More than 20 figures have been opened. Figures created through the pyplot interface (`matplotlib.pyplot.figure`) are retained until explicitly closed and may consume too much memory. (To control this warning, see the rcParam `figure.max_open_warning`). Consider using `matplotlib.pyplot.close()`.
  plt.figure(figsize=(10, 10), dpi=100)
/home/alunos/a2020815/tcc_image_classification_by_relevance_of_regions/tools/relevance.py:582: RuntimeWarning: More than 20 figures have been opened. Figures created through the pyplot interface (`matplotlib.pyplot.figure`) are retained until explicitly closed and may consume too much memory. (To control this warning, see the rcParam `figure.max_open_warning`). Consider using `matplotlib.pyplot.close()`.
  plt.figure(figsize=(10, 10), dpi=100)
/home/alunos/a2020815/tcc_image_classification_by_relevance_of_regions/tools/relevance.py:582: RuntimeWarning: More than 20 figures have been opened. Figures created through the pyplot interface (`matplotlib.pyplot.figure`) are retained until explicitly closed and may consume too much memory. (To control this warning, see the rcParam `figure.max_open_warning`). Consider using `matplotlib.pyplot.close()`.
  plt.figure(figsize=(10, 10), dpi=100)
/home/alunos/a2020815/tcc_image_classification_by_relevance_of_regions/tools/relevance.py:582: RuntimeWarning: More than 20 figures have been opened. Figures created through the pyplot interface (`matplotlib.pyplot.figure`) are retained until explicitly closed and may consume too much memory. (To control this warning, see the rcParam `figure.max_open_warning`). Consider using `matplotlib.pyplot.close()`.
  plt.figure(figsize=(10, 10), dpi=100)
/home/alunos/a2020815/tcc_image_classification_by_relevance_of_regions/tools/relevance.py:582: RuntimeWarning: More than 20 figures have been opened. Figures created through the pyplot interface (`matplotlib.pyplot.figure`) are retained until explicitly closed and may consume too much memory. (To control this warning, see the rcParam `figure.max_open_warning`). Consider using `matplotlib.pyplot.close()`.
  plt.figure(figsize=(10, 10), dpi=100)
/home/alunos/a2020815/tcc_image_classification_by_relevance_of_regions/tools/relevance.py:582: RuntimeWarning: More than 20 figures have been opened. Figures created through the pyplot interface (`matplotlib.pyplot.figure`) are retained until explicitly closed and may consume too much memory. (To control this warning, see the rcParam `figure.max_open_warning`). Consider using `matplotlib.pyplot.close()`.
  plt.figure(figsize=(10, 10), dpi=100)
/home/alunos/a2020815/tcc_image_classification_by_relevance_of_regions/tools/relevance.py:582: RuntimeWarning: More than 20 figures have been opened. Figures created through the pyplot interface (`matplotlib.pyplot.figure`) are retained until explicitly closed and may consume too much memory. (To control this warning, see the rcParam `figure.max_open_warning`). Consider using `matplotlib.pyplot.close()`.
  plt.figure(figsize=(10, 10), dpi=100)
/home/alunos/a2020815/tcc_image_classification_by_relevance_of_regions/tools/relevance.py:582: RuntimeWarning: More than 20 figures have been opened. Figures created through the pyplot interface (`matplotlib.pyplot.figure`) are retained until explicitly closed and may consume too much memory. (To control this warning, see the rcParam `figure.max_open_warning`). Consider using `matplotlib.pyplot.close()`.
  plt.figure(figsize=(10, 10), dpi=100)
/home/alunos/a2020815/tcc_image_classification_by_relevance_of_regions/tools/relevance.py:582: RuntimeWarning: More than 20 figures have been opened. Figures created through the pyplot interface (`matplotlib.pyplot.figure`) are retained until explicitly closed and may consume too much memory. (To control this warning, see the rcParam `figure.max_open_warning`). Consider using `matplotlib.pyplot.close()`.
  plt.figure(figsize=(10, 10), dpi=100)
/home/alunos/a2020815/tcc_image_classification_by_relevance_of_regions/tools/relevance.py:582: RuntimeWarning: More than 20 figures have been opened. Figures created through the pyplot interface (`matplotlib.pyplot.figure`) are retained until explicitly closed and may consume too much memory. (To control this warning, see the rcParam `figure.max_open_warning`). Consider using `matplotlib.pyplot.close()`.
  plt.figure(figsize=(10, 10), dpi=100)
/home/alunos/a2020815/tcc_image_classification_by_relevance_of_regions/tools/relevance.py:582: RuntimeWarning: More than 20 figures have been opened. Figures created through the pyplot interface (`matplotlib.pyplot.figure`) are retained until explicitly closed and may consume too much memory. (To control this warning, see the rcParam `figure.max_open_warning`). Consider using `matplotlib.pyplot.close()`.
  plt.figure(figsize=(10, 10), dpi=100)
/home/alunos/a2020815/tcc_image_classification_by_relevance_of_regions/tools/relevance.py:582: RuntimeWarning: More than 20 figures have been opened. Figures created through the pyplot interface (`matplotlib.pyplot.figure`) are retained until explicitly closed and may consume too much memory. (To control this warning, see the rcParam `figure.max_open_warning`). Consider using `matplotlib.pyplot.close()`.
  plt.figure(figsize=(10, 10), dpi=100)
/home/alunos/a2020815/tcc_image_classification_by_relevance_of_regions/tools/relevance.py:582: RuntimeWarning: More than 20 figures have been opened. Figures created through the pyplot interface (`matplotlib.pyplot.figure`) are retained until explicitly closed and may consume too much memory. (To control this warning, see the rcParam `figure.max_open_warning`). Consider using `matplotlib.pyplot.close()`.
  plt.figure(figsize=(10, 10), dpi=100)
/home/alunos/a2020815/tcc_image_classification_by_relevance_of_regions/tools/relevance.py:582: RuntimeWarning: More than 20 figures have been opened. Figures created through the pyplot interface (`matplotlib.pyplot.figure`) are retained until explicitly closed and may consume too much memory. (To control this warning, see the rcParam `figure.max_open_warning`). Consider using `matplotlib.pyplot.close()`.
  plt.figure(figsize=(10, 10), dpi=100)
/home/alunos/a2020815/tcc_image_classification_by_relevance_of_regions/tools/relevance.py:582: RuntimeWarning: More than 20 figures have been opened. Figures created through the pyplot interface (`matplotlib.pyplot.figure`) are retained until explicitly closed and may consume too much memory. (To control this warning, see the rcParam `figure.max_open_warning`). Consider using `matplotlib.pyplot.close()`.
  plt.figure(figsize=(10, 10), dpi=100)
/home/alunos/a2020815/tcc_image_classification_by_relevance_of_regions/tools/relevance.py:582: RuntimeWarning: More than 20 figures have been opened. Figures created through the pyplot interface (`matplotlib.pyplot.figure`) are retained until explicitly closed and may consume too much memory. (To control this warning, see the rcParam `figure.max_open_warning`). Consider using `matplotlib.pyplot.close()`.
  plt.figure(figsize=(10, 10), dpi=100)
/home/alunos/a2020815/tcc_image_classification_by_relevance_of_regions/tools/relevance.py:582: RuntimeWarning: More than 20 figures have been opened. Figures created through the pyplot interface (`matplotlib.pyplot.figure`) are retained until explicitly closed and may consume too much memory. (To control this warning, see the rcParam `figure.max_open_warning`). Consider using `matplotlib.pyplot.close()`.
  plt.figure(figsize=(10, 10), dpi=100)
/home/alunos/a2020815/tcc_image_classification_by_relevance_of_regions/tools/relevance.py:582: RuntimeWarning: More than 20 figures have been opened. Figures created through the pyplot interface (`matplotlib.pyplot.figure`) are retained until explicitly closed and may consume too much memory. (To control this warning, see the rcParam `figure.max_open_warning`). Consider using `matplotlib.pyplot.close()`.
  plt.figure(figsize=(10, 10), dpi=100)
/home/alunos/a2020815/tcc_image_classification_by_relevance_of_regions/tools/relevance.py:582: RuntimeWarning: More than 20 figures have been opened. Figures created through the pyplot interface (`matplotlib.pyplot.figure`) are retained until explicitly closed and may consume too much memory. (To control this warning, see the rcParam `figure.max_open_warning`). Consider using `matplotlib.pyplot.close()`.
  plt.figure(figsize=(10, 10), dpi=100)
/home/alunos/a2020815/tcc_image_classification_by_relevance_of_regions/tools/relevance.py:582: RuntimeWarning: More than 20 figures have been opened. Figures created through the pyplot interface (`matplotlib.pyplot.figure`) are retained until explicitly closed and may consume too much memory. (To control this warning, see the rcParam `figure.max_open_warning`). Consider using `matplotlib.pyplot.close()`.
  plt.figure(figsize=(10, 10), dpi=100)
/home/alunos/a2020815/tcc_image_classification_by_relevance_of_regions/tools/relevance.py:582: RuntimeWarning: More than 20 figures have been opened. Figures created through the pyplot interface (`matplotlib.pyplot.figure`) are retained until explicitly closed and may consume too much memory. (To control this warning, see the rcParam `figure.max_open_warning`). Consider using `matplotlib.pyplot.close()`.
  plt.figure(figsize=(10, 10), dpi=100)
/home/alunos/a2020815/tcc_image_classification_by_relevance_of_regions/tools/relevance.py:582: RuntimeWarning: More than 20 figures have been opened. Figures created through the pyplot interface (`matplotlib.pyplot.figure`) are retained until explicitly closed and may consume too much memory. (To control this warning, see the rcParam `figure.max_open_warning`). Consider using `matplotlib.pyplot.close()`.
  plt.figure(figsize=(10, 10), dpi=100)
/home/alunos/a2020815/tcc_image_classification_by_relevance_of_regions/tools/relevance.py:582: RuntimeWarning: More than 20 figures have been opened. Figures created through the pyplot interface (`matplotlib.pyplot.figure`) are retained until explicitly closed and may consume too much memory. (To control this warning, see the rcParam `figure.max_open_warning`). Consider using `matplotlib.pyplot.close()`.
  plt.figure(figsize=(10, 10), dpi=100)
/home/alunos/a2020815/tcc_image_classification_by_relevance_of_regions/tools/relevance.py:582: RuntimeWarning: More than 20 figures have been opened. Figures created through the pyplot interface (`matplotlib.pyplot.figure`) are retained until explicitly closed and may consume too much memory. (To control this warning, see the rcParam `figure.max_open_warning`). Consider using `matplotlib.pyplot.close()`.
  plt.figure(figsize=(10, 10), dpi=100)
/home/alunos/a2020815/tcc_image_classification_by_relevance_of_regions/tools/relevance.py:582: RuntimeWarning: More than 20 figures have been opened. Figures created through the pyplot interface (`matplotlib.pyplot.figure`) are retained until explicitly closed and may consume too much memory. (To control this warning, see the rcParam `figure.max_open_warning`). Consider using `matplotlib.pyplot.close()`.
  plt.figure(figsize=(10, 10), dpi=100)
/home/alunos/a2020815/tcc_image_classification_by_relevance_of_regions/tools/relevance.py:582: RuntimeWarning: More than 20 figures have been opened. Figures created through the pyplot interface (`matplotlib.pyplot.figure`) are retained until explicitly closed and may consume too much memory. (To control this warning, see the rcParam `figure.max_open_warning`). Consider using `matplotlib.pyplot.close()`.
  plt.figure(figsize=(10, 10), dpi=100)
/home/alunos/a2020815/tcc_image_classification_by_relevance_of_regions/tools/relevance.py:582: RuntimeWarning: More than 20 figures have been opened. Figures created through the pyplot interface (`matplotlib.pyplot.figure`) are retained until explicitly closed and may consume too much memory. (To control this warning, see the rcParam `figure.max_open_warning`). Consider using `matplotlib.pyplot.close()`.
  plt.figure(figsize=(10, 10), dpi=100)
/home/alunos/a2020815/tcc_image_classification_by_relevance_of_regions/tools/relevance.py:582: RuntimeWarning: More than 20 figures have been opened. Figures created through the pyplot interface (`matplotlib.pyplot.figure`) are retained until explicitly closed and may consume too much memory. (To control this warning, see the rcParam `figure.max_open_warning`). Consider using `matplotlib.pyplot.close()`.
  plt.figure(figsize=(10, 10), dpi=100)
/home/alunos/a2020815/tcc_image_classification_by_relevance_of_regions/tools/relevance.py:582: RuntimeWarning: More than 20 figures have been opened. Figures created through the pyplot interface (`matplotlib.pyplot.figure`) are retained until explicitly closed and may consume too much memory. (To control this warning, see the rcParam `figure.max_open_warning`). Consider using `matplotlib.pyplot.close()`.
  plt.figure(figsize=(10, 10), dpi=100)
/home/alunos/a2020815/tcc_image_classification_by_relevance_of_regions/tools/relevance.py:582: RuntimeWarning: More than 20 figures have been opened. Figures created through the pyplot interface (`matplotlib.pyplot.figure`) are retained until explicitly closed and may consume too much memory. (To control this warning, see the rcParam `figure.max_open_warning`). Consider using `matplotlib.pyplot.close()`.
  plt.figure(figsize=(10, 10), dpi=100)
/home/alunos/a2020815/tcc_image_classification_by_relevance_of_regions/tools/relevance.py:582: RuntimeWarning: More than 20 figures have been opened. Figures created through the pyplot interface (`matplotlib.pyplot.figure`) are retained until explicitly closed and may consume too much memory. (To control this warning, see the rcParam `figure.max_open_warning`). Consider using `matplotlib.pyplot.close()`.
  plt.figure(figsize=(10, 10), dpi=100)
/home/alunos/a2020815/tcc_image_classification_by_relevance_of_regions/tools/relevance.py:582: RuntimeWarning: More than 20 figures have been opened. Figures created through the pyplot interface (`matplotlib.pyplot.figure`) are retained until explicitly closed and may consume too much memory. (To control this warning, see the rcParam `figure.max_open_warning`). Consider using `matplotlib.pyplot.close()`.
  plt.figure(figsize=(10, 10), dpi=100)
/home/alunos/a2020815/tcc_image_classification_by_relevance_of_regions/tools/relevance.py:582: RuntimeWarning: More than 20 figures have been opened. Figures created through the pyplot interface (`matplotlib.pyplot.figure`) are retained until explicitly closed and may consume too much memory. (To control this warning, see the rcParam `figure.max_open_warning`). Consider using `matplotlib.pyplot.close()`.
  plt.figure(figsize=(10, 10), dpi=100)
/home/alunos/a2020815/tcc_image_classification_by_relevance_of_regions/tools/relevance.py:582: RuntimeWarning: More than 20 figures have been opened. Figures created through the pyplot interface (`matplotlib.pyplot.figure`) are retained until explicitly closed and may consume too much memory. (To control this warning, see the rcParam `figure.max_open_warning`). Consider using `matplotlib.pyplot.close()`.
  plt.figure(figsize=(10, 10), dpi=100)
/home/alunos/a2020815/tcc_image_classification_by_relevance_of_regions/tools/relevance.py:582: RuntimeWarning: More than 20 figures have been opened. Figures created through the pyplot interface (`matplotlib.pyplot.figure`) are retained until explicitly closed and may consume too much memory. (To control this warning, see the rcParam `figure.max_open_warning`). Consider using `matplotlib.pyplot.close()`.
  plt.figure(figsize=(10, 10), dpi=100)
/home/alunos/a2020815/tcc_image_classification_by_relevance_of_regions/tools/relevance.py:582: RuntimeWarning: More than 20 figures have been opened. Figures created through the pyplot interface (`matplotlib.pyplot.figure`) are retained until explicitly closed and may consume too much memory. (To control this warning, see the rcParam `figure.max_open_warning`). Consider using `matplotlib.pyplot.close()`.
  plt.figure(figsize=(10, 10), dpi=100)
/home/alunos/a2020815/tcc_image_classification_by_relevance_of_regions/tools/relevance.py:582: RuntimeWarning: More than 20 figures have been opened. Figures created through the pyplot interface (`matplotlib.pyplot.figure`) are retained until explicitly closed and may consume too much memory. (To control this warning, see the rcParam `figure.max_open_warning`). Consider using `matplotlib.pyplot.close()`.
  plt.figure(figsize=(10, 10), dpi=100)
/home/alunos/a2020815/tcc_image_classification_by_relevance_of_regions/tools/relevance.py:582: RuntimeWarning: More than 20 figures have been opened. Figures created through the pyplot interface (`matplotlib.pyplot.figure`) are retained until explicitly closed and may consume too much memory. (To control this warning, see the rcParam `figure.max_open_warning`). Consider using `matplotlib.pyplot.close()`.
  plt.figure(figsize=(10, 10), dpi=100)
/home/alunos/a2020815/tcc_image_classification_by_relevance_of_regions/tools/relevance.py:582: RuntimeWarning: More than 20 figures have been opened. Figures created through the pyplot interface (`matplotlib.pyplot.figure`) are retained until explicitly closed and may consume too much memory. (To control this warning, see the rcParam `figure.max_open_warning`). Consider using `matplotlib.pyplot.close()`.
  plt.figure(figsize=(10, 10), dpi=100)
/home/alunos/a2020815/tcc_image_classification_by_relevance_of_regions/tools/relevance.py:582: RuntimeWarning: More than 20 figures have been opened. Figures created through the pyplot interface (`matplotlib.pyplot.figure`) are retained until explicitly closed and may consume too much memory. (To control this warning, see the rcParam `figure.max_open_warning`). Consider using `matplotlib.pyplot.close()`.
  plt.figure(figsize=(10, 10), dpi=100)
/home/alunos/a2020815/tcc_image_classification_by_relevance_of_regions/tools/relevance.py:582: RuntimeWarning: More than 20 figures have been opened. Figures created through the pyplot interface (`matplotlib.pyplot.figure`) are retained until explicitly closed and may consume too much memory. (To control this warning, see the rcParam `figure.max_open_warning`). Consider using `matplotlib.pyplot.close()`.
  plt.figure(figsize=(10, 10), dpi=100)
/home/alunos/a2020815/tcc_image_classification_by_relevance_of_regions/tools/relevance.py:582: RuntimeWarning: More than 20 figures have been opened. Figures created through the pyplot interface (`matplotlib.pyplot.figure`) are retained until explicitly closed and may consume too much memory. (To control this warning, see the rcParam `figure.max_open_warning`). Consider using `matplotlib.pyplot.close()`.
  plt.figure(figsize=(10, 10), dpi=100)
/home/alunos/a2020815/tcc_image_classification_by_relevance_of_regions/tools/relevance.py:582: RuntimeWarning: More than 20 figures have been opened. Figures created through the pyplot interface (`matplotlib.pyplot.figure`) are retained until explicitly closed and may consume too much memory. (To control this warning, see the rcParam `figure.max_open_warning`). Consider using `matplotlib.pyplot.close()`.
  plt.figure(figsize=(10, 10), dpi=100)
/home/alunos/a2020815/tcc_image_classification_by_relevance_of_regions/tools/relevance.py:582: RuntimeWarning: More than 20 figures have been opened. Figures created through the pyplot interface (`matplotlib.pyplot.figure`) are retained until explicitly closed and may consume too much memory. (To control this warning, see the rcParam `figure.max_open_warning`). Consider using `matplotlib.pyplot.close()`.
  plt.figure(figsize=(10, 10), dpi=100)
/home/alunos/a2020815/tcc_image_classification_by_relevance_of_regions/tools/relevance.py:582: RuntimeWarning: More than 20 figures have been opened. Figures created through the pyplot interface (`matplotlib.pyplot.figure`) are retained until explicitly closed and may consume too much memory. (To control this warning, see the rcParam `figure.max_open_warning`). Consider using `matplotlib.pyplot.close()`.
  plt.figure(figsize=(10, 10), dpi=100)
/home/alunos/a2020815/tcc_image_classification_by_relevance_of_regions/tools/relevance.py:582: RuntimeWarning: More than 20 figures have been opened. Figures created through the pyplot interface (`matplotlib.pyplot.figure`) are retained until explicitly closed and may consume too much memory. (To control this warning, see the rcParam `figure.max_open_warning`). Consider using `matplotlib.pyplot.close()`.
  plt.figure(figsize=(10, 10), dpi=100)
/home/alunos/a2020815/tcc_image_classification_by_relevance_of_regions/tools/relevance.py:582: RuntimeWarning: More than 20 figures have been opened. Figures created through the pyplot interface (`matplotlib.pyplot.figure`) are retained until explicitly closed and may consume too much memory. (To control this warning, see the rcParam `figure.max_open_warning`). Consider using `matplotlib.pyplot.close()`.
  plt.figure(figsize=(10, 10), dpi=100)
/home/alunos/a2020815/tcc_image_classification_by_relevance_of_regions/tools/relevance.py:582: RuntimeWarning: More than 20 figures have been opened. Figures created through the pyplot interface (`matplotlib.pyplot.figure`) are retained until explicitly closed and may consume too much memory. (To control this warning, see the rcParam `figure.max_open_warning`). Consider using `matplotlib.pyplot.close()`.
  plt.figure(figsize=(10, 10), dpi=100)
/home/alunos/a2020815/tcc_image_classification_by_relevance_of_regions/tools/relevance.py:582: RuntimeWarning: More than 20 figures have been opened. Figures created through the pyplot interface (`matplotlib.pyplot.figure`) are retained until explicitly closed and may consume too much memory. (To control this warning, see the rcParam `figure.max_open_warning`). Consider using `matplotlib.pyplot.close()`.
  plt.figure(figsize=(10, 10), dpi=100)
/home/alunos/a2020815/tcc_image_classification_by_relevance_of_regions/tools/relevance.py:582: RuntimeWarning: More than 20 figures have been opened. Figures created through the pyplot interface (`matplotlib.pyplot.figure`) are retained until explicitly closed and may consume too much memory. (To control this warning, see the rcParam `figure.max_open_warning`). Consider using `matplotlib.pyplot.close()`.
  plt.figure(figsize=(10, 10), dpi=100)
/home/alunos/a2020815/tcc_image_classification_by_relevance_of_regions/tools/relevance.py:582: RuntimeWarning: More than 20 figures have been opened. Figures created through the pyplot interface (`matplotlib.pyplot.figure`) are retained until explicitly closed and may consume too much memory. (To control this warning, see the rcParam `figure.max_open_warning`). Consider using `matplotlib.pyplot.close()`.
  plt.figure(figsize=(10, 10), dpi=100)
/home/alunos/a2020815/tcc_image_classification_by_relevance_of_regions/tools/relevance.py:582: RuntimeWarning: More than 20 figures have been opened. Figures created through the pyplot interface (`matplotlib.pyplot.figure`) are retained until explicitly closed and may consume too much memory. (To control this warning, see the rcParam `figure.max_open_warning`). Consider using `matplotlib.pyplot.close()`.
  plt.figure(figsize=(10, 10), dpi=100)
/home/alunos/a2020815/tcc_image_classification_by_relevance_of_regions/tools/relevance.py:582: RuntimeWarning: More than 20 figures have been opened. Figures created through the pyplot interface (`matplotlib.pyplot.figure`) are retained until explicitly closed and may consume too much memory. (To control this warning, see the rcParam `figure.max_open_warning`). Consider using `matplotlib.pyplot.close()`.
  plt.figure(figsize=(10, 10), dpi=100)
/home/alunos/a2020815/tcc_image_classification_by_relevance_of_regions/tools/relevance.py:582: RuntimeWarning: More than 20 figures have been opened. Figures created through the pyplot interface (`matplotlib.pyplot.figure`) are retained until explicitly closed and may consume too much memory. (To control this warning, see the rcParam `figure.max_open_warning`). Consider using `matplotlib.pyplot.close()`.
  plt.figure(figsize=(10, 10), dpi=100)
/home/alunos/a2020815/tcc_image_classification_by_relevance_of_regions/tools/relevance.py:582: RuntimeWarning: More than 20 figures have been opened. Figures created through the pyplot interface (`matplotlib.pyplot.figure`) are retained until explicitly closed and may consume too much memory. (To control this warning, see the rcParam `figure.max_open_warning`). Consider using `matplotlib.pyplot.close()`.
  plt.figure(figsize=(10, 10), dpi=100)
/home/alunos/a2020815/tcc_image_classification_by_relevance_of_regions/tools/relevance.py:582: RuntimeWarning: More than 20 figures have been opened. Figures created through the pyplot interface (`matplotlib.pyplot.figure`) are retained until explicitly closed and may consume too much memory. (To control this warning, see the rcParam `figure.max_open_warning`). Consider using `matplotlib.pyplot.close()`.
  plt.figure(figsize=(10, 10), dpi=100)
/home/alunos/a2020815/tcc_image_classification_by_relevance_of_regions/tools/relevance.py:582: RuntimeWarning: More than 20 figures have been opened. Figures created through the pyplot interface (`matplotlib.pyplot.figure`) are retained until explicitly closed and may consume too much memory. (To control this warning, see the rcParam `figure.max_open_warning`). Consider using `matplotlib.pyplot.close()`.
  plt.figure(figsize=(10, 10), dpi=100)
/home/alunos/a2020815/tcc_image_classification_by_relevance_of_regions/tools/relevance.py:582: RuntimeWarning: More than 20 figures have been opened. Figures created through the pyplot interface (`matplotlib.pyplot.figure`) are retained until explicitly closed and may consume too much memory. (To control this warning, see the rcParam `figure.max_open_warning`). Consider using `matplotlib.pyplot.close()`.
  plt.figure(figsize=(10, 10), dpi=100)
/home/alunos/a2020815/tcc_image_classification_by_relevance_of_regions/tools/relevance.py:582: RuntimeWarning: More than 20 figures have been opened. Figures created through the pyplot interface (`matplotlib.pyplot.figure`) are retained until explicitly closed and may consume too much memory. (To control this warning, see the rcParam `figure.max_open_warning`). Consider using `matplotlib.pyplot.close()`.
  plt.figure(figsize=(10, 10), dpi=100)
/home/alunos/a2020815/tcc_image_classification_by_relevance_of_regions/tools/relevance.py:582: RuntimeWarning: More than 20 figures have been opened. Figures created through the pyplot interface (`matplotlib.pyplot.figure`) are retained until explicitly closed and may consume too much memory. (To control this warning, see the rcParam `figure.max_open_warning`). Consider using `matplotlib.pyplot.close()`.
  plt.figure(figsize=(10, 10), dpi=100)
/home/alunos/a2020815/tcc_image_classification_by_relevance_of_regions/tools/relevance.py:582: RuntimeWarning: More than 20 figures have been opened. Figures created through the pyplot interface (`matplotlib.pyplot.figure`) are retained until explicitly closed and may consume too much memory. (To control this warning, see the rcParam `figure.max_open_warning`). Consider using `matplotlib.pyplot.close()`.
  plt.figure(figsize=(10, 10), dpi=100)
/home/alunos/a2020815/tcc_image_classification_by_relevance_of_regions/tools/relevance.py:582: RuntimeWarning: More than 20 figures have been opened. Figures created through the pyplot interface (`matplotlib.pyplot.figure`) are retained until explicitly closed and may consume too much memory. (To control this warning, see the rcParam `figure.max_open_warning`). Consider using `matplotlib.pyplot.close()`.
  plt.figure(figsize=(10, 10), dpi=100)
/home/alunos/a2020815/tcc_image_classification_by_relevance_of_regions/tools/relevance.py:582: RuntimeWarning: More than 20 figures have been opened. Figures created through the pyplot interface (`matplotlib.pyplot.figure`) are retained until explicitly closed and may consume too much memory. (To control this warning, see the rcParam `figure.max_open_warning`). Consider using `matplotlib.pyplot.close()`.
  plt.figure(figsize=(10, 10), dpi=100)
/home/alunos/a2020815/tcc_image_classification_by_relevance_of_regions/tools/relevance.py:582: RuntimeWarning: More than 20 figures have been opened. Figures created through the pyplot interface (`matplotlib.pyplot.figure`) are retained until explicitly closed and may consume too much memory. (To control this warning, see the rcParam `figure.max_open_warning`). Consider using `matplotlib.pyplot.close()`.
  plt.figure(figsize=(10, 10), dpi=100)
/home/alunos/a2020815/tcc_image_classification_by_relevance_of_regions/tools/relevance.py:582: RuntimeWarning: More than 20 figures have been opened. Figures created through the pyplot interface (`matplotlib.pyplot.figure`) are retained until explicitly closed and may consume too much memory. (To control this warning, see the rcParam `figure.max_open_warning`). Consider using `matplotlib.pyplot.close()`.
  plt.figure(figsize=(10, 10), dpi=100)
/home/alunos/a2020815/tcc_image_classification_by_relevance_of_regions/tools/relevance.py:582: RuntimeWarning: More than 20 figures have been opened. Figures created through the pyplot interface (`matplotlib.pyplot.figure`) are retained until explicitly closed and may consume too much memory. (To control this warning, see the rcParam `figure.max_open_warning`). Consider using `matplotlib.pyplot.close()`.
  plt.figure(figsize=(10, 10), dpi=100)
/home/alunos/a2020815/tcc_image_classification_by_relevance_of_regions/tools/relevance.py:582: RuntimeWarning: More than 20 figures have been opened. Figures created through the pyplot interface (`matplotlib.pyplot.figure`) are retained until explicitly closed and may consume too much memory. (To control this warning, see the rcParam `figure.max_open_warning`). Consider using `matplotlib.pyplot.close()`.
  plt.figure(figsize=(10, 10), dpi=100)
/home/alunos/a2020815/tcc_image_classification_by_relevance_of_regions/tools/relevance.py:582: RuntimeWarning: More than 20 figures have been opened. Figures created through the pyplot interface (`matplotlib.pyplot.figure`) are retained until explicitly closed and may consume too much memory. (To control this warning, see the rcParam `figure.max_open_warning`). Consider using `matplotlib.pyplot.close()`.
  plt.figure(figsize=(10, 10), dpi=100)
/home/alunos/a2020815/tcc_image_classification_by_relevance_of_regions/tools/relevance.py:582: RuntimeWarning: More than 20 figures have been opened. Figures created through the pyplot interface (`matplotlib.pyplot.figure`) are retained until explicitly closed and may consume too much memory. (To control this warning, see the rcParam `figure.max_open_warning`). Consider using `matplotlib.pyplot.close()`.
  plt.figure(figsize=(10, 10), dpi=100)
/home/alunos/a2020815/tcc_image_classification_by_relevance_of_regions/tools/relevance.py:582: RuntimeWarning: More than 20 figures have been opened. Figures created through the pyplot interface (`matplotlib.pyplot.figure`) are retained until explicitly closed and may consume too much memory. (To control this warning, see the rcParam `figure.max_open_warning`). Consider using `matplotlib.pyplot.close()`.
  plt.figure(figsize=(10, 10), dpi=100)
/home/alunos/a2020815/tcc_image_classification_by_relevance_of_regions/tools/relevance.py:582: RuntimeWarning: More than 20 figures have been opened. Figures created through the pyplot interface (`matplotlib.pyplot.figure`) are retained until explicitly closed and may consume too much memory. (To control this warning, see the rcParam `figure.max_open_warning`). Consider using `matplotlib.pyplot.close()`.
  plt.figure(figsize=(10, 10), dpi=100)
/home/alunos/a2020815/tcc_image_classification_by_relevance_of_regions/tools/relevance.py:582: RuntimeWarning: More than 20 figures have been opened. Figures created through the pyplot interface (`matplotlib.pyplot.figure`) are retained until explicitly closed and may consume too much memory. (To control this warning, see the rcParam `figure.max_open_warning`). Consider using `matplotlib.pyplot.close()`.
  plt.figure(figsize=(10, 10), dpi=100)
/home/alunos/a2020815/tcc_image_classification_by_relevance_of_regions/tools/relevance.py:582: RuntimeWarning: More than 20 figures have been opened. Figures created through the pyplot interface (`matplotlib.pyplot.figure`) are retained until explicitly closed and may consume too much memory. (To control this warning, see the rcParam `figure.max_open_warning`). Consider using `matplotlib.pyplot.close()`.
  plt.figure(figsize=(10, 10), dpi=100)
/home/alunos/a2020815/tcc_image_classification_by_relevance_of_regions/tools/relevance.py:582: RuntimeWarning: More than 20 figures have been opened. Figures created through the pyplot interface (`matplotlib.pyplot.figure`) are retained until explicitly closed and may consume too much memory. (To control this warning, see the rcParam `figure.max_open_warning`). Consider using `matplotlib.pyplot.close()`.
  plt.figure(figsize=(10, 10), dpi=100)
/home/alunos/a2020815/tcc_image_classification_by_relevance_of_regions/tools/relevance.py:582: RuntimeWarning: More than 20 figures have been opened. Figures created through the pyplot interface (`matplotlib.pyplot.figure`) are retained until explicitly closed and may consume too much memory. (To control this warning, see the rcParam `figure.max_open_warning`). Consider using `matplotlib.pyplot.close()`.
  plt.figure(figsize=(10, 10), dpi=100)
/home/alunos/a2020815/tcc_image_classification_by_relevance_of_regions/tools/relevance.py:582: RuntimeWarning: More than 20 figures have been opened. Figures created through the pyplot interface (`matplotlib.pyplot.figure`) are retained until explicitly closed and may consume too much memory. (To control this warning, see the rcParam `figure.max_open_warning`). Consider using `matplotlib.pyplot.close()`.
  plt.figure(figsize=(10, 10), dpi=100)
/home/alunos/a2020815/tcc_image_classification_by_relevance_of_regions/tools/relevance.py:582: RuntimeWarning: More than 20 figures have been opened. Figures created through the pyplot interface (`matplotlib.pyplot.figure`) are retained until explicitly closed and may consume too much memory. (To control this warning, see the rcParam `figure.max_open_warning`). Consider using `matplotlib.pyplot.close()`.
  plt.figure(figsize=(10, 10), dpi=100)
/home/alunos/a2020815/tcc_image_classification_by_relevance_of_regions/tools/relevance.py:582: RuntimeWarning: More than 20 figures have been opened. Figures created through the pyplot interface (`matplotlib.pyplot.figure`) are retained until explicitly closed and may consume too much memory. (To control this warning, see the rcParam `figure.max_open_warning`). Consider using `matplotlib.pyplot.close()`.
  plt.figure(figsize=(10, 10), dpi=100)
/home/alunos/a2020815/tcc_image_classification_by_relevance_of_regions/tools/relevance.py:582: RuntimeWarning: More than 20 figures have been opened. Figures created through the pyplot interface (`matplotlib.pyplot.figure`) are retained until explicitly closed and may consume too much memory. (To control this warning, see the rcParam `figure.max_open_warning`). Consider using `matplotlib.pyplot.close()`.
  plt.figure(figsize=(10, 10), dpi=100)
/home/alunos/a2020815/tcc_image_classification_by_relevance_of_regions/tools/relevance.py:582: RuntimeWarning: More than 20 figures have been opened. Figures created through the pyplot interface (`matplotlib.pyplot.figure`) are retained until explicitly closed and may consume too much memory. (To control this warning, see the rcParam `figure.max_open_warning`). Consider using `matplotlib.pyplot.close()`.
  plt.figure(figsize=(10, 10), dpi=100)
/home/alunos/a2020815/tcc_image_classification_by_relevance_of_regions/tools/relevance.py:582: RuntimeWarning: More than 20 figures have been opened. Figures created through the pyplot interface (`matplotlib.pyplot.figure`) are retained until explicitly closed and may consume too much memory. (To control this warning, see the rcParam `figure.max_open_warning`). Consider using `matplotlib.pyplot.close()`.
  plt.figure(figsize=(10, 10), dpi=100)
/home/alunos/a2020815/tcc_image_classification_by_relevance_of_regions/tools/relevance.py:582: RuntimeWarning: More than 20 figures have been opened. Figures created through the pyplot interface (`matplotlib.pyplot.figure`) are retained until explicitly closed and may consume too much memory. (To control this warning, see the rcParam `figure.max_open_warning`). Consider using `matplotlib.pyplot.close()`.
  plt.figure(figsize=(10, 10), dpi=100)
/home/alunos/a2020815/tcc_image_classification_by_relevance_of_regions/tools/relevance.py:582: RuntimeWarning: More than 20 figures have been opened. Figures created through the pyplot interface (`matplotlib.pyplot.figure`) are retained until explicitly closed and may consume too much memory. (To control this warning, see the rcParam `figure.max_open_warning`). Consider using `matplotlib.pyplot.close()`.
  plt.figure(figsize=(10, 10), dpi=100)
/home/alunos/a2020815/tcc_image_classification_by_relevance_of_regions/tools/relevance.py:582: RuntimeWarning: More than 20 figures have been opened. Figures created through the pyplot interface (`matplotlib.pyplot.figure`) are retained until explicitly closed and may consume too much memory. (To control this warning, see the rcParam `figure.max_open_warning`). Consider using `matplotlib.pyplot.close()`.
  plt.figure(figsize=(10, 10), dpi=100)
/home/alunos/a2020815/tcc_image_classification_by_relevance_of_regions/tools/relevance.py:582: RuntimeWarning: More than 20 figures have been opened. Figures created through the pyplot interface (`matplotlib.pyplot.figure`) are retained until explicitly closed and may consume too much memory. (To control this warning, see the rcParam `figure.max_open_warning`). Consider using `matplotlib.pyplot.close()`.
  plt.figure(figsize=(10, 10), dpi=100)
/home/alunos/a2020815/tcc_image_classification_by_relevance_of_regions/tools/relevance.py:582: RuntimeWarning: More than 20 figures have been opened. Figures created through the pyplot interface (`matplotlib.pyplot.figure`) are retained until explicitly closed and may consume too much memory. (To control this warning, see the rcParam `figure.max_open_warning`). Consider using `matplotlib.pyplot.close()`.
  plt.figure(figsize=(10, 10), dpi=100)
/home/alunos/a2020815/tcc_image_classification_by_relevance_of_regions/tools/relevance.py:582: RuntimeWarning: More than 20 figures have been opened. Figures created through the pyplot interface (`matplotlib.pyplot.figure`) are retained until explicitly closed and may consume too much memory. (To control this warning, see the rcParam `figure.max_open_warning`). Consider using `matplotlib.pyplot.close()`.
  plt.figure(figsize=(10, 10), dpi=100)
/home/alunos/a2020815/tcc_image_classification_by_relevance_of_regions/tools/relevance.py:582: RuntimeWarning: More than 20 figures have been opened. Figures created through the pyplot interface (`matplotlib.pyplot.figure`) are retained until explicitly closed and may consume too much memory. (To control this warning, see the rcParam `figure.max_open_warning`). Consider using `matplotlib.pyplot.close()`.
  plt.figure(figsize=(10, 10), dpi=100)
/home/alunos/a2020815/tcc_image_classification_by_relevance_of_regions/tools/relevance.py:582: RuntimeWarning: More than 20 figures have been opened. Figures created through the pyplot interface (`matplotlib.pyplot.figure`) are retained until explicitly closed and may consume too much memory. (To control this warning, see the rcParam `figure.max_open_warning`). Consider using `matplotlib.pyplot.close()`.
  plt.figure(figsize=(10, 10), dpi=100)
/home/alunos/a2020815/tcc_image_classification_by_relevance_of_regions/tools/relevance.py:582: RuntimeWarning: More than 20 figures have been opened. Figures created through the pyplot interface (`matplotlib.pyplot.figure`) are retained until explicitly closed and may consume too much memory. (To control this warning, see the rcParam `figure.max_open_warning`). Consider using `matplotlib.pyplot.close()`.
  plt.figure(figsize=(10, 10), dpi=100)
/home/alunos/a2020815/tcc_image_classification_by_relevance_of_regions/tools/relevance.py:582: RuntimeWarning: More than 20 figures have been opened. Figures created through the pyplot interface (`matplotlib.pyplot.figure`) are retained until explicitly closed and may consume too much memory. (To control this warning, see the rcParam `figure.max_open_warning`). Consider using `matplotlib.pyplot.close()`.
  plt.figure(figsize=(10, 10), dpi=100)
/home/alunos/a2020815/tcc_image_classification_by_relevance_of_regions/tools/relevance.py:582: RuntimeWarning: More than 20 figures have been opened. Figures created through the pyplot interface (`matplotlib.pyplot.figure`) are retained until explicitly closed and may consume too much memory. (To control this warning, see the rcParam `figure.max_open_warning`). Consider using `matplotlib.pyplot.close()`.
  plt.figure(figsize=(10, 10), dpi=100)
/home/alunos/a2020815/tcc_image_classification_by_relevance_of_regions/tools/relevance.py:582: RuntimeWarning: More than 20 figures have been opened. Figures created through the pyplot interface (`matplotlib.pyplot.figure`) are retained until explicitly closed and may consume too much memory. (To control this warning, see the rcParam `figure.max_open_warning`). Consider using `matplotlib.pyplot.close()`.
  plt.figure(figsize=(10, 10), dpi=100)
/home/alunos/a2020815/tcc_image_classification_by_relevance_of_regions/tools/relevance.py:582: RuntimeWarning: More than 20 figures have been opened. Figures created through the pyplot interface (`matplotlib.pyplot.figure`) are retained until explicitly closed and may consume too much memory. (To control this warning, see the rcParam `figure.max_open_warning`). Consider using `matplotlib.pyplot.close()`.
  plt.figure(figsize=(10, 10), dpi=100)
/home/alunos/a2020815/tcc_image_classification_by_relevance_of_regions/tools/relevance.py:582: RuntimeWarning: More than 20 figures have been opened. Figures created through the pyplot interface (`matplotlib.pyplot.figure`) are retained until explicitly closed and may consume too much memory. (To control this warning, see the rcParam `figure.max_open_warning`). Consider using `matplotlib.pyplot.close()`.
  plt.figure(figsize=(10, 10), dpi=100)
/home/alunos/a2020815/tcc_image_classification_by_relevance_of_regions/tools/relevance.py:582: RuntimeWarning: More than 20 figures have been opened. Figures created through the pyplot interface (`matplotlib.pyplot.figure`) are retained until explicitly closed and may consume too much memory. (To control this warning, see the rcParam `figure.max_open_warning`). Consider using `matplotlib.pyplot.close()`.
  plt.figure(figsize=(10, 10), dpi=100)
/home/alunos/a2020815/tcc_image_classification_by_relevance_of_regions/tools/relevance.py:582: RuntimeWarning: More than 20 figures have been opened. Figures created through the pyplot interface (`matplotlib.pyplot.figure`) are retained until explicitly closed and may consume too much memory. (To control this warning, see the rcParam `figure.max_open_warning`). Consider using `matplotlib.pyplot.close()`.
  plt.figure(figsize=(10, 10), dpi=100)
/home/alunos/a2020815/tcc_image_classification_by_relevance_of_regions/tools/relevance.py:582: RuntimeWarning: More than 20 figures have been opened. Figures created through the pyplot interface (`matplotlib.pyplot.figure`) are retained until explicitly closed and may consume too much memory. (To control this warning, see the rcParam `figure.max_open_warning`). Consider using `matplotlib.pyplot.close()`.
  plt.figure(figsize=(10, 10), dpi=100)
/home/alunos/a2020815/tcc_image_classification_by_relevance_of_regions/tools/relevance.py:582: RuntimeWarning: More than 20 figures have been opened. Figures created through the pyplot interface (`matplotlib.pyplot.figure`) are retained until explicitly closed and may consume too much memory. (To control this warning, see the rcParam `figure.max_open_warning`). Consider using `matplotlib.pyplot.close()`.
  plt.figure(figsize=(10, 10), dpi=100)
/home/alunos/a2020815/tcc_image_classification_by_relevance_of_regions/tools/relevance.py:582: RuntimeWarning: More than 20 figures have been opened. Figures created through the pyplot interface (`matplotlib.pyplot.figure`) are retained until explicitly closed and may consume too much memory. (To control this warning, see the rcParam `figure.max_open_warning`). Consider using `matplotlib.pyplot.close()`.
  plt.figure(figsize=(10, 10), dpi=100)
/home/alunos/a2020815/tcc_image_classification_by_relevance_of_regions/tools/relevance.py:582: RuntimeWarning: More than 20 figures have been opened. Figures created through the pyplot interface (`matplotlib.pyplot.figure`) are retained until explicitly closed and may consume too much memory. (To control this warning, see the rcParam `figure.max_open_warning`). Consider using `matplotlib.pyplot.close()`.
  plt.figure(figsize=(10, 10), dpi=100)
/home/alunos/a2020815/tcc_image_classification_by_relevance_of_regions/tools/relevance.py:582: RuntimeWarning: More than 20 figures have been opened. Figures created through the pyplot interface (`matplotlib.pyplot.figure`) are retained until explicitly closed and may consume too much memory. (To control this warning, see the rcParam `figure.max_open_warning`). Consider using `matplotlib.pyplot.close()`.
  plt.figure(figsize=(10, 10), dpi=100)
/home/alunos/a2020815/tcc_image_classification_by_relevance_of_regions/tools/relevance.py:582: RuntimeWarning: More than 20 figures have been opened. Figures created through the pyplot interface (`matplotlib.pyplot.figure`) are retained until explicitly closed and may consume too much memory. (To control this warning, see the rcParam `figure.max_open_warning`). Consider using `matplotlib.pyplot.close()`.
  plt.figure(figsize=(10, 10), dpi=100)
/home/alunos/a2020815/tcc_image_classification_by_relevance_of_regions/tools/relevance.py:582: RuntimeWarning: More than 20 figures have been opened. Figures created through the pyplot interface (`matplotlib.pyplot.figure`) are retained until explicitly closed and may consume too much memory. (To control this warning, see the rcParam `figure.max_open_warning`). Consider using `matplotlib.pyplot.close()`.
  plt.figure(figsize=(10, 10), dpi=100)
/home/alunos/a2020815/tcc_image_classification_by_relevance_of_regions/tools/relevance.py:582: RuntimeWarning: More than 20 figures have been opened. Figures created through the pyplot interface (`matplotlib.pyplot.figure`) are retained until explicitly closed and may consume too much memory. (To control this warning, see the rcParam `figure.max_open_warning`). Consider using `matplotlib.pyplot.close()`.
  plt.figure(figsize=(10, 10), dpi=100)
/home/alunos/a2020815/tcc_image_classification_by_relevance_of_regions/tools/relevance.py:582: RuntimeWarning: More than 20 figures have been opened. Figures created through the pyplot interface (`matplotlib.pyplot.figure`) are retained until explicitly closed and may consume too much memory. (To control this warning, see the rcParam `figure.max_open_warning`). Consider using `matplotlib.pyplot.close()`.
  plt.figure(figsize=(10, 10), dpi=100)
/home/alunos/a2020815/tcc_image_classification_by_relevance_of_regions/tools/relevance.py:582: RuntimeWarning: More than 20 figures have been opened. Figures created through the pyplot interface (`matplotlib.pyplot.figure`) are retained until explicitly closed and may consume too much memory. (To control this warning, see the rcParam `figure.max_open_warning`). Consider using `matplotlib.pyplot.close()`.
  plt.figure(figsize=(10, 10), dpi=100)
/home/alunos/a2020815/tcc_image_classification_by_relevance_of_regions/tools/relevance.py:582: RuntimeWarning: More than 20 figures have been opened. Figures created through the pyplot interface (`matplotlib.pyplot.figure`) are retained until explicitly closed and may consume too much memory. (To control this warning, see the rcParam `figure.max_open_warning`). Consider using `matplotlib.pyplot.close()`.
  plt.figure(figsize=(10, 10), dpi=100)
/home/alunos/a2020815/tcc_image_classification_by_relevance_of_regions/tools/relevance.py:582: RuntimeWarning: More than 20 figures have been opened. Figures created through the pyplot interface (`matplotlib.pyplot.figure`) are retained until explicitly closed and may consume too much memory. (To control this warning, see the rcParam `figure.max_open_warning`). Consider using `matplotlib.pyplot.close()`.
  plt.figure(figsize=(10, 10), dpi=100)
/home/alunos/a2020815/tcc_image_classification_by_relevance_of_regions/tools/relevance.py:582: RuntimeWarning: More than 20 figures have been opened. Figures created through the pyplot interface (`matplotlib.pyplot.figure`) are retained until explicitly closed and may consume too much memory. (To control this warning, see the rcParam `figure.max_open_warning`). Consider using `matplotlib.pyplot.close()`.
  plt.figure(figsize=(10, 10), dpi=100)
/home/alunos/a2020815/tcc_image_classification_by_relevance_of_regions/tools/relevance.py:582: RuntimeWarning: More than 20 figures have been opened. Figures created through the pyplot interface (`matplotlib.pyplot.figure`) are retained until explicitly closed and may consume too much memory. (To control this warning, see the rcParam `figure.max_open_warning`). Consider using `matplotlib.pyplot.close()`.
  plt.figure(figsize=(10, 10), dpi=100)
/home/alunos/a2020815/tcc_image_classification_by_relevance_of_regions/tools/relevance.py:582: RuntimeWarning: More than 20 figures have been opened. Figures created through the pyplot interface (`matplotlib.pyplot.figure`) are retained until explicitly closed and may consume too much memory. (To control this warning, see the rcParam `figure.max_open_warning`). Consider using `matplotlib.pyplot.close()`.
  plt.figure(figsize=(10, 10), dpi=100)
/home/alunos/a2020815/tcc_image_classification_by_relevance_of_regions/tools/relevance.py:582: RuntimeWarning: More than 20 figures have been opened. Figures created through the pyplot interface (`matplotlib.pyplot.figure`) are retained until explicitly closed and may consume too much memory. (To control this warning, see the rcParam `figure.max_open_warning`). Consider using `matplotlib.pyplot.close()`.
  plt.figure(figsize=(10, 10), dpi=100)
/home/alunos/a2020815/tcc_image_classification_by_relevance_of_regions/tools/relevance.py:582: RuntimeWarning: More than 20 figures have been opened. Figures created through the pyplot interface (`matplotlib.pyplot.figure`) are retained until explicitly closed and may consume too much memory. (To control this warning, see the rcParam `figure.max_open_warning`). Consider using `matplotlib.pyplot.close()`.
  plt.figure(figsize=(10, 10), dpi=100)
/home/alunos/a2020815/tcc_image_classification_by_relevance_of_regions/tools/relevance.py:582: RuntimeWarning: More than 20 figures have been opened. Figures created through the pyplot interface (`matplotlib.pyplot.figure`) are retained until explicitly closed and may consume too much memory. (To control this warning, see the rcParam `figure.max_open_warning`). Consider using `matplotlib.pyplot.close()`.
  plt.figure(figsize=(10, 10), dpi=100)
/home/alunos/a2020815/tcc_image_classification_by_relevance_of_regions/tools/relevance.py:582: RuntimeWarning: More than 20 figures have been opened. Figures created through the pyplot interface (`matplotlib.pyplot.figure`) are retained until explicitly closed and may consume too much memory. (To control this warning, see the rcParam `figure.max_open_warning`). Consider using `matplotlib.pyplot.close()`.
  plt.figure(figsize=(10, 10), dpi=100)
/home/alunos/a2020815/tcc_image_classification_by_relevance_of_regions/tools/relevance.py:582: RuntimeWarning: More than 20 figures have been opened. Figures created through the pyplot interface (`matplotlib.pyplot.figure`) are retained until explicitly closed and may consume too much memory. (To control this warning, see the rcParam `figure.max_open_warning`). Consider using `matplotlib.pyplot.close()`.
  plt.figure(figsize=(10, 10), dpi=100)
/home/alunos/a2020815/tcc_image_classification_by_relevance_of_regions/tools/relevance.py:582: RuntimeWarning: More than 20 figures have been opened. Figures created through the pyplot interface (`matplotlib.pyplot.figure`) are retained until explicitly closed and may consume too much memory. (To control this warning, see the rcParam `figure.max_open_warning`). Consider using `matplotlib.pyplot.close()`.
  plt.figure(figsize=(10, 10), dpi=100)
/home/alunos/a2020815/tcc_image_classification_by_relevance_of_regions/tools/relevance.py:582: RuntimeWarning: More than 20 figures have been opened. Figures created through the pyplot interface (`matplotlib.pyplot.figure`) are retained until explicitly closed and may consume too much memory. (To control this warning, see the rcParam `figure.max_open_warning`). Consider using `matplotlib.pyplot.close()`.
  plt.figure(figsize=(10, 10), dpi=100)
/home/alunos/a2020815/tcc_image_classification_by_relevance_of_regions/tools/relevance.py:582: RuntimeWarning: More than 20 figures have been opened. Figures created through the pyplot interface (`matplotlib.pyplot.figure`) are retained until explicitly closed and may consume too much memory. (To control this warning, see the rcParam `figure.max_open_warning`). Consider using `matplotlib.pyplot.close()`.
  plt.figure(figsize=(10, 10), dpi=100)
/home/alunos/a2020815/tcc_image_classification_by_relevance_of_regions/tools/relevance.py:582: RuntimeWarning: More than 20 figures have been opened. Figures created through the pyplot interface (`matplotlib.pyplot.figure`) are retained until explicitly closed and may consume too much memory. (To control this warning, see the rcParam `figure.max_open_warning`). Consider using `matplotlib.pyplot.close()`.
  plt.figure(figsize=(10, 10), dpi=100)
/home/alunos/a2020815/tcc_image_classification_by_relevance_of_regions/tools/relevance.py:582: RuntimeWarning: More than 20 figures have been opened. Figures created through the pyplot interface (`matplotlib.pyplot.figure`) are retained until explicitly closed and may consume too much memory. (To control this warning, see the rcParam `figure.max_open_warning`). Consider using `matplotlib.pyplot.close()`.
  plt.figure(figsize=(10, 10), dpi=100)
/home/alunos/a2020815/tcc_image_classification_by_relevance_of_regions/tools/relevance.py:582: RuntimeWarning: More than 20 figures have been opened. Figures created through the pyplot interface (`matplotlib.pyplot.figure`) are retained until explicitly closed and may consume too much memory. (To control this warning, see the rcParam `figure.max_open_warning`). Consider using `matplotlib.pyplot.close()`.
  plt.figure(figsize=(10, 10), dpi=100)
/home/alunos/a2020815/tcc_image_classification_by_relevance_of_regions/tools/relevance.py:582: RuntimeWarning: More than 20 figures have been opened. Figures created through the pyplot interface (`matplotlib.pyplot.figure`) are retained until explicitly closed and may consume too much memory. (To control this warning, see the rcParam `figure.max_open_warning`). Consider using `matplotlib.pyplot.close()`.
  plt.figure(figsize=(10, 10), dpi=100)
/home/alunos/a2020815/tcc_image_classification_by_relevance_of_regions/tools/relevance.py:582: RuntimeWarning: More than 20 figures have been opened. Figures created through the pyplot interface (`matplotlib.pyplot.figure`) are retained until explicitly closed and may consume too much memory. (To control this warning, see the rcParam `figure.max_open_warning`). Consider using `matplotlib.pyplot.close()`.
  plt.figure(figsize=(10, 10), dpi=100)
/home/alunos/a2020815/tcc_image_classification_by_relevance_of_regions/tools/relevance.py:582: RuntimeWarning: More than 20 figures have been opened. Figures created through the pyplot interface (`matplotlib.pyplot.figure`) are retained until explicitly closed and may consume too much memory. (To control this warning, see the rcParam `figure.max_open_warning`). Consider using `matplotlib.pyplot.close()`.
  plt.figure(figsize=(10, 10), dpi=100)
/home/alunos/a2020815/tcc_image_classification_by_relevance_of_regions/tools/relevance.py:582: RuntimeWarning: More than 20 figures have been opened. Figures created through the pyplot interface (`matplotlib.pyplot.figure`) are retained until explicitly closed and may consume too much memory. (To control this warning, see the rcParam `figure.max_open_warning`). Consider using `matplotlib.pyplot.close()`.
  plt.figure(figsize=(10, 10), dpi=100)
/home/alunos/a2020815/tcc_image_classification_by_relevance_of_regions/tools/relevance.py:582: RuntimeWarning: More than 20 figures have been opened. Figures created through the pyplot interface (`matplotlib.pyplot.figure`) are retained until explicitly closed and may consume too much memory. (To control this warning, see the rcParam `figure.max_open_warning`). Consider using `matplotlib.pyplot.close()`.
  plt.figure(figsize=(10, 10), dpi=100)
/home/alunos/a2020815/tcc_image_classification_by_relevance_of_regions/tools/relevance.py:582: RuntimeWarning: More than 20 figures have been opened. Figures created through the pyplot interface (`matplotlib.pyplot.figure`) are retained until explicitly closed and may consume too much memory. (To control this warning, see the rcParam `figure.max_open_warning`). Consider using `matplotlib.pyplot.close()`.
  plt.figure(figsize=(10, 10), dpi=100)
/home/alunos/a2020815/tcc_image_classification_by_relevance_of_regions/tools/relevance.py:582: RuntimeWarning: More than 20 figures have been opened. Figures created through the pyplot interface (`matplotlib.pyplot.figure`) are retained until explicitly closed and may consume too much memory. (To control this warning, see the rcParam `figure.max_open_warning`). Consider using `matplotlib.pyplot.close()`.
  plt.figure(figsize=(10, 10), dpi=100)
/home/alunos/a2020815/tcc_image_classification_by_relevance_of_regions/tools/relevance.py:582: RuntimeWarning: More than 20 figures have been opened. Figures created through the pyplot interface (`matplotlib.pyplot.figure`) are retained until explicitly closed and may consume too much memory. (To control this warning, see the rcParam `figure.max_open_warning`). Consider using `matplotlib.pyplot.close()`.
  plt.figure(figsize=(10, 10), dpi=100)
/home/alunos/a2020815/tcc_image_classification_by_relevance_of_regions/tools/relevance.py:582: RuntimeWarning: More than 20 figures have been opened. Figures created through the pyplot interface (`matplotlib.pyplot.figure`) are retained until explicitly closed and may consume too much memory. (To control this warning, see the rcParam `figure.max_open_warning`). Consider using `matplotlib.pyplot.close()`.
  plt.figure(figsize=(10, 10), dpi=100)
/home/alunos/a2020815/tcc_image_classification_by_relevance_of_regions/tools/relevance.py:582: RuntimeWarning: More than 20 figures have been opened. Figures created through the pyplot interface (`matplotlib.pyplot.figure`) are retained until explicitly closed and may consume too much memory. (To control this warning, see the rcParam `figure.max_open_warning`). Consider using `matplotlib.pyplot.close()`.
  plt.figure(figsize=(10, 10), dpi=100)
/home/alunos/a2020815/tcc_image_classification_by_relevance_of_regions/tools/relevance.py:582: RuntimeWarning: More than 20 figures have been opened. Figures created through the pyplot interface (`matplotlib.pyplot.figure`) are retained until explicitly closed and may consume too much memory. (To control this warning, see the rcParam `figure.max_open_warning`). Consider using `matplotlib.pyplot.close()`.
  plt.figure(figsize=(10, 10), dpi=100)
/home/alunos/a2020815/tcc_image_classification_by_relevance_of_regions/tools/relevance.py:582: RuntimeWarning: More than 20 figures have been opened. Figures created through the pyplot interface (`matplotlib.pyplot.figure`) are retained until explicitly closed and may consume too much memory. (To control this warning, see the rcParam `figure.max_open_warning`). Consider using `matplotlib.pyplot.close()`.
  plt.figure(figsize=(10, 10), dpi=100)
/home/alunos/a2020815/tcc_image_classification_by_relevance_of_regions/tools/relevance.py:582: RuntimeWarning: More than 20 figures have been opened. Figures created through the pyplot interface (`matplotlib.pyplot.figure`) are retained until explicitly closed and may consume too much memory. (To control this warning, see the rcParam `figure.max_open_warning`). Consider using `matplotlib.pyplot.close()`.
  plt.figure(figsize=(10, 10), dpi=100)
/home/alunos/a2020815/tcc_image_classification_by_relevance_of_regions/tools/relevance.py:582: RuntimeWarning: More than 20 figures have been opened. Figures created through the pyplot interface (`matplotlib.pyplot.figure`) are retained until explicitly closed and may consume too much memory. (To control this warning, see the rcParam `figure.max_open_warning`). Consider using `matplotlib.pyplot.close()`.
  plt.figure(figsize=(10, 10), dpi=100)
/home/alunos/a2020815/tcc_image_classification_by_relevance_of_regions/tools/relevance.py:582: RuntimeWarning: More than 20 figures have been opened. Figures created through the pyplot interface (`matplotlib.pyplot.figure`) are retained until explicitly closed and may consume too much memory. (To control this warning, see the rcParam `figure.max_open_warning`). Consider using `matplotlib.pyplot.close()`.
  plt.figure(figsize=(10, 10), dpi=100)
/home/alunos/a2020815/tcc_image_classification_by_relevance_of_regions/tools/relevance.py:582: RuntimeWarning: More than 20 figures have been opened. Figures created through the pyplot interface (`matplotlib.pyplot.figure`) are retained until explicitly closed and may consume too much memory. (To control this warning, see the rcParam `figure.max_open_warning`). Consider using `matplotlib.pyplot.close()`.
  plt.figure(figsize=(10, 10), dpi=100)
/home/alunos/a2020815/tcc_image_classification_by_relevance_of_regions/tools/relevance.py:582: RuntimeWarning: More than 20 figures have been opened. Figures created through the pyplot interface (`matplotlib.pyplot.figure`) are retained until explicitly closed and may consume too much memory. (To control this warning, see the rcParam `figure.max_open_warning`). Consider using `matplotlib.pyplot.close()`.
  plt.figure(figsize=(10, 10), dpi=100)
/home/alunos/a2020815/tcc_image_classification_by_relevance_of_regions/tools/relevance.py:582: RuntimeWarning: More than 20 figures have been opened. Figures created through the pyplot interface (`matplotlib.pyplot.figure`) are retained until explicitly closed and may consume too much memory. (To control this warning, see the rcParam `figure.max_open_warning`). Consider using `matplotlib.pyplot.close()`.
  plt.figure(figsize=(10, 10), dpi=100)
/home/alunos/a2020815/tcc_image_classification_by_relevance_of_regions/tools/relevance.py:582: RuntimeWarning: More than 20 figures have been opened. Figures created through the pyplot interface (`matplotlib.pyplot.figure`) are retained until explicitly closed and may consume too much memory. (To control this warning, see the rcParam `figure.max_open_warning`). Consider using `matplotlib.pyplot.close()`.
  plt.figure(figsize=(10, 10), dpi=100)
/home/alunos/a2020815/tcc_image_classification_by_relevance_of_regions/tools/relevance.py:582: RuntimeWarning: More than 20 figures have been opened. Figures created through the pyplot interface (`matplotlib.pyplot.figure`) are retained until explicitly closed and may consume too much memory. (To control this warning, see the rcParam `figure.max_open_warning`). Consider using `matplotlib.pyplot.close()`.
  plt.figure(figsize=(10, 10), dpi=100)
/home/alunos/a2020815/tcc_image_classification_by_relevance_of_regions/tools/relevance.py:582: RuntimeWarning: More than 20 figures have been opened. Figures created through the pyplot interface (`matplotlib.pyplot.figure`) are retained until explicitly closed and may consume too much memory. (To control this warning, see the rcParam `figure.max_open_warning`). Consider using `matplotlib.pyplot.close()`.
  plt.figure(figsize=(10, 10), dpi=100)
/home/alunos/a2020815/tcc_image_classification_by_relevance_of_regions/tools/relevance.py:582: RuntimeWarning: More than 20 figures have been opened. Figures created through the pyplot interface (`matplotlib.pyplot.figure`) are retained until explicitly closed and may consume too much memory. (To control this warning, see the rcParam `figure.max_open_warning`). Consider using `matplotlib.pyplot.close()`.
  plt.figure(figsize=(10, 10), dpi=100)
/home/alunos/a2020815/tcc_image_classification_by_relevance_of_regions/tools/relevance.py:582: RuntimeWarning: More than 20 figures have been opened. Figures created through the pyplot interface (`matplotlib.pyplot.figure`) are retained until explicitly closed and may consume too much memory. (To control this warning, see the rcParam `figure.max_open_warning`). Consider using `matplotlib.pyplot.close()`.
  plt.figure(figsize=(10, 10), dpi=100)
/home/alunos/a2020815/tcc_image_classification_by_relevance_of_regions/tools/relevance.py:582: RuntimeWarning: More than 20 figures have been opened. Figures created through the pyplot interface (`matplotlib.pyplot.figure`) are retained until explicitly closed and may consume too much memory. (To control this warning, see the rcParam `figure.max_open_warning`). Consider using `matplotlib.pyplot.close()`.
  plt.figure(figsize=(10, 10), dpi=100)
/home/alunos/a2020815/tcc_image_classification_by_relevance_of_regions/tools/relevance.py:582: RuntimeWarning: More than 20 figures have been opened. Figures created through the pyplot interface (`matplotlib.pyplot.figure`) are retained until explicitly closed and may consume too much memory. (To control this warning, see the rcParam `figure.max_open_warning`). Consider using `matplotlib.pyplot.close()`.
  plt.figure(figsize=(10, 10), dpi=100)
/home/alunos/a2020815/tcc_image_classification_by_relevance_of_regions/tools/relevance.py:582: RuntimeWarning: More than 20 figures have been opened. Figures created through the pyplot interface (`matplotlib.pyplot.figure`) are retained until explicitly closed and may consume too much memory. (To control this warning, see the rcParam `figure.max_open_warning`). Consider using `matplotlib.pyplot.close()`.
  plt.figure(figsize=(10, 10), dpi=100)
/home/alunos/a2020815/tcc_image_classification_by_relevance_of_regions/tools/relevance.py:582: RuntimeWarning: More than 20 figures have been opened. Figures created through the pyplot interface (`matplotlib.pyplot.figure`) are retained until explicitly closed and may consume too much memory. (To control this warning, see the rcParam `figure.max_open_warning`). Consider using `matplotlib.pyplot.close()`.
  plt.figure(figsize=(10, 10), dpi=100)
/home/alunos/a2020815/tcc_image_classification_by_relevance_of_regions/tools/relevance.py:582: RuntimeWarning: More than 20 figures have been opened. Figures created through the pyplot interface (`matplotlib.pyplot.figure`) are retained until explicitly closed and may consume too much memory. (To control this warning, see the rcParam `figure.max_open_warning`). Consider using `matplotlib.pyplot.close()`.
  plt.figure(figsize=(10, 10), dpi=100)
/home/alunos/a2020815/tcc_image_classification_by_relevance_of_regions/tools/relevance.py:582: RuntimeWarning: More than 20 figures have been opened. Figures created through the pyplot interface (`matplotlib.pyplot.figure`) are retained until explicitly closed and may consume too much memory. (To control this warning, see the rcParam `figure.max_open_warning`). Consider using `matplotlib.pyplot.close()`.
  plt.figure(figsize=(10, 10), dpi=100)
/home/alunos/a2020815/tcc_image_classification_by_relevance_of_regions/tools/relevance.py:582: RuntimeWarning: More than 20 figures have been opened. Figures created through the pyplot interface (`matplotlib.pyplot.figure`) are retained until explicitly closed and may consume too much memory. (To control this warning, see the rcParam `figure.max_open_warning`). Consider using `matplotlib.pyplot.close()`.
  plt.figure(figsize=(10, 10), dpi=100)
/home/alunos/a2020815/tcc_image_classification_by_relevance_of_regions/tools/relevance.py:582: RuntimeWarning: More than 20 figures have been opened. Figures created through the pyplot interface (`matplotlib.pyplot.figure`) are retained until explicitly closed and may consume too much memory. (To control this warning, see the rcParam `figure.max_open_warning`). Consider using `matplotlib.pyplot.close()`.
  plt.figure(figsize=(10, 10), dpi=100)
/home/alunos/a2020815/tcc_image_classification_by_relevance_of_regions/tools/relevance.py:582: RuntimeWarning: More than 20 figures have been opened. Figures created through the pyplot interface (`matplotlib.pyplot.figure`) are retained until explicitly closed and may consume too much memory. (To control this warning, see the rcParam `figure.max_open_warning`). Consider using `matplotlib.pyplot.close()`.
  plt.figure(figsize=(10, 10), dpi=100)
/home/alunos/a2020815/tcc_image_classification_by_relevance_of_regions/tools/relevance.py:582: RuntimeWarning: More than 20 figures have been opened. Figures created through the pyplot interface (`matplotlib.pyplot.figure`) are retained until explicitly closed and may consume too much memory. (To control this warning, see the rcParam `figure.max_open_warning`). Consider using `matplotlib.pyplot.close()`.
  plt.figure(figsize=(10, 10), dpi=100)
/home/alunos/a2020815/tcc_image_classification_by_relevance_of_regions/tools/relevance.py:582: RuntimeWarning: More than 20 figures have been opened. Figures created through the pyplot interface (`matplotlib.pyplot.figure`) are retained until explicitly closed and may consume too much memory. (To control this warning, see the rcParam `figure.max_open_warning`). Consider using `matplotlib.pyplot.close()`.
  plt.figure(figsize=(10, 10), dpi=100)
/home/alunos/a2020815/tcc_image_classification_by_relevance_of_regions/tools/relevance.py:582: RuntimeWarning: More than 20 figures have been opened. Figures created through the pyplot interface (`matplotlib.pyplot.figure`) are retained until explicitly closed and may consume too much memory. (To control this warning, see the rcParam `figure.max_open_warning`). Consider using `matplotlib.pyplot.close()`.
  plt.figure(figsize=(10, 10), dpi=100)
/home/alunos/a2020815/tcc_image_classification_by_relevance_of_regions/tools/relevance.py:582: RuntimeWarning: More than 20 figures have been opened. Figures created through the pyplot interface (`matplotlib.pyplot.figure`) are retained until explicitly closed and may consume too much memory. (To control this warning, see the rcParam `figure.max_open_warning`). Consider using `matplotlib.pyplot.close()`.
  plt.figure(figsize=(10, 10), dpi=100)
/home/alunos/a2020815/tcc_image_classification_by_relevance_of_regions/tools/relevance.py:582: RuntimeWarning: More than 20 figures have been opened. Figures created through the pyplot interface (`matplotlib.pyplot.figure`) are retained until explicitly closed and may consume too much memory. (To control this warning, see the rcParam `figure.max_open_warning`). Consider using `matplotlib.pyplot.close()`.
  plt.figure(figsize=(10, 10), dpi=100)
/home/alunos/a2020815/tcc_image_classification_by_relevance_of_regions/tools/relevance.py:582: RuntimeWarning: More than 20 figures have been opened. Figures created through the pyplot interface (`matplotlib.pyplot.figure`) are retained until explicitly closed and may consume too much memory. (To control this warning, see the rcParam `figure.max_open_warning`). Consider using `matplotlib.pyplot.close()`.
  plt.figure(figsize=(10, 10), dpi=100)
/home/alunos/a2020815/tcc_image_classification_by_relevance_of_regions/tools/relevance.py:582: RuntimeWarning: More than 20 figures have been opened. Figures created through the pyplot interface (`matplotlib.pyplot.figure`) are retained until explicitly closed and may consume too much memory. (To control this warning, see the rcParam `figure.max_open_warning`). Consider using `matplotlib.pyplot.close()`.
  plt.figure(figsize=(10, 10), dpi=100)
/home/alunos/a2020815/tcc_image_classification_by_relevance_of_regions/tools/relevance.py:582: RuntimeWarning: More than 20 figures have been opened. Figures created through the pyplot interface (`matplotlib.pyplot.figure`) are retained until explicitly closed and may consume too much memory. (To control this warning, see the rcParam `figure.max_open_warning`). Consider using `matplotlib.pyplot.close()`.
  plt.figure(figsize=(10, 10), dpi=100)
/home/alunos/a2020815/tcc_image_classification_by_relevance_of_regions/tools/relevance.py:582: RuntimeWarning: More than 20 figures have been opened. Figures created through the pyplot interface (`matplotlib.pyplot.figure`) are retained until explicitly closed and may consume too much memory. (To control this warning, see the rcParam `figure.max_open_warning`). Consider using `matplotlib.pyplot.close()`.
  plt.figure(figsize=(10, 10), dpi=100)
/home/alunos/a2020815/tcc_image_classification_by_relevance_of_regions/tools/relevance.py:582: RuntimeWarning: More than 20 figures have been opened. Figures created through the pyplot interface (`matplotlib.pyplot.figure`) are retained until explicitly closed and may consume too much memory. (To control this warning, see the rcParam `figure.max_open_warning`). Consider using `matplotlib.pyplot.close()`.
  plt.figure(figsize=(10, 10), dpi=100)
/home/alunos/a2020815/tcc_image_classification_by_relevance_of_regions/tools/relevance.py:582: RuntimeWarning: More than 20 figures have been opened. Figures created through the pyplot interface (`matplotlib.pyplot.figure`) are retained until explicitly closed and may consume too much memory. (To control this warning, see the rcParam `figure.max_open_warning`). Consider using `matplotlib.pyplot.close()`.
  plt.figure(figsize=(10, 10), dpi=100)
/home/alunos/a2020815/tcc_image_classification_by_relevance_of_regions/tools/relevance.py:582: RuntimeWarning: More than 20 figures have been opened. Figures created through the pyplot interface (`matplotlib.pyplot.figure`) are retained until explicitly closed and may consume too much memory. (To control this warning, see the rcParam `figure.max_open_warning`). Consider using `matplotlib.pyplot.close()`.
  plt.figure(figsize=(10, 10), dpi=100)
/home/alunos/a2020815/tcc_image_classification_by_relevance_of_regions/tools/relevance.py:582: RuntimeWarning: More than 20 figures have been opened. Figures created through the pyplot interface (`matplotlib.pyplot.figure`) are retained until explicitly closed and may consume too much memory. (To control this warning, see the rcParam `figure.max_open_warning`). Consider using `matplotlib.pyplot.close()`.
  plt.figure(figsize=(10, 10), dpi=100)
/home/alunos/a2020815/tcc_image_classification_by_relevance_of_regions/tools/relevance.py:582: RuntimeWarning: More than 20 figures have been opened. Figures created through the pyplot interface (`matplotlib.pyplot.figure`) are retained until explicitly closed and may consume too much memory. (To control this warning, see the rcParam `figure.max_open_warning`). Consider using `matplotlib.pyplot.close()`.
  plt.figure(figsize=(10, 10), dpi=100)
/home/alunos/a2020815/tcc_image_classification_by_relevance_of_regions/tools/relevance.py:582: RuntimeWarning: More than 20 figures have been opened. Figures created through the pyplot interface (`matplotlib.pyplot.figure`) are retained until explicitly closed and may consume too much memory. (To control this warning, see the rcParam `figure.max_open_warning`). Consider using `matplotlib.pyplot.close()`.
  plt.figure(figsize=(10, 10), dpi=100)
/home/alunos/a2020815/tcc_image_classification_by_relevance_of_regions/tools/relevance.py:582: RuntimeWarning: More than 20 figures have been opened. Figures created through the pyplot interface (`matplotlib.pyplot.figure`) are retained until explicitly closed and may consume too much memory. (To control this warning, see the rcParam `figure.max_open_warning`). Consider using `matplotlib.pyplot.close()`.
  plt.figure(figsize=(10, 10), dpi=100)
/home/alunos/a2020815/tcc_image_classification_by_relevance_of_regions/tools/relevance.py:582: RuntimeWarning: More than 20 figures have been opened. Figures created through the pyplot interface (`matplotlib.pyplot.figure`) are retained until explicitly closed and may consume too much memory. (To control this warning, see the rcParam `figure.max_open_warning`). Consider using `matplotlib.pyplot.close()`.
  plt.figure(figsize=(10, 10), dpi=100)
/home/alunos/a2020815/tcc_image_classification_by_relevance_of_regions/tools/relevance.py:582: RuntimeWarning: More than 20 figures have been opened. Figures created through the pyplot interface (`matplotlib.pyplot.figure`) are retained until explicitly closed and may consume too much memory. (To control this warning, see the rcParam `figure.max_open_warning`). Consider using `matplotlib.pyplot.close()`.
  plt.figure(figsize=(10, 10), dpi=100)
/home/alunos/a2020815/tcc_image_classification_by_relevance_of_regions/tools/relevance.py:582: RuntimeWarning: More than 20 figures have been opened. Figures created through the pyplot interface (`matplotlib.pyplot.figure`) are retained until explicitly closed and may consume too much memory. (To control this warning, see the rcParam `figure.max_open_warning`). Consider using `matplotlib.pyplot.close()`.
  plt.figure(figsize=(10, 10), dpi=100)
/home/alunos/a2020815/tcc_image_classification_by_relevance_of_regions/tools/relevance.py:582: RuntimeWarning: More than 20 figures have been opened. Figures created through the pyplot interface (`matplotlib.pyplot.figure`) are retained until explicitly closed and may consume too much memory. (To control this warning, see the rcParam `figure.max_open_warning`). Consider using `matplotlib.pyplot.close()`.
  plt.figure(figsize=(10, 10), dpi=100)
/home/alunos/a2020815/tcc_image_classification_by_relevance_of_regions/tools/relevance.py:582: RuntimeWarning: More than 20 figures have been opened. Figures created through the pyplot interface (`matplotlib.pyplot.figure`) are retained until explicitly closed and may consume too much memory. (To control this warning, see the rcParam `figure.max_open_warning`). Consider using `matplotlib.pyplot.close()`.
  plt.figure(figsize=(10, 10), dpi=100)
/home/alunos/a2020815/tcc_image_classification_by_relevance_of_regions/tools/relevance.py:582: RuntimeWarning: More than 20 figures have been opened. Figures created through the pyplot interface (`matplotlib.pyplot.figure`) are retained until explicitly closed and may consume too much memory. (To control this warning, see the rcParam `figure.max_open_warning`). Consider using `matplotlib.pyplot.close()`.
  plt.figure(figsize=(10, 10), dpi=100)
/home/alunos/a2020815/tcc_image_classification_by_relevance_of_regions/tools/relevance.py:582: RuntimeWarning: More than 20 figures have been opened. Figures created through the pyplot interface (`matplotlib.pyplot.figure`) are retained until explicitly closed and may consume too much memory. (To control this warning, see the rcParam `figure.max_open_warning`). Consider using `matplotlib.pyplot.close()`.
  plt.figure(figsize=(10, 10), dpi=100)
/home/alunos/a2020815/tcc_image_classification_by_relevance_of_regions/tools/relevance.py:582: RuntimeWarning: More than 20 figures have been opened. Figures created through the pyplot interface (`matplotlib.pyplot.figure`) are retained until explicitly closed and may consume too much memory. (To control this warning, see the rcParam `figure.max_open_warning`). Consider using `matplotlib.pyplot.close()`.
  plt.figure(figsize=(10, 10), dpi=100)
/home/alunos/a2020815/tcc_image_classification_by_relevance_of_regions/tools/relevance.py:582: RuntimeWarning: More than 20 figures have been opened. Figures created through the pyplot interface (`matplotlib.pyplot.figure`) are retained until explicitly closed and may consume too much memory. (To control this warning, see the rcParam `figure.max_open_warning`). Consider using `matplotlib.pyplot.close()`.
  plt.figure(figsize=(10, 10), dpi=100)
/home/alunos/a2020815/tcc_image_classification_by_relevance_of_regions/tools/relevance.py:582: RuntimeWarning: More than 20 figures have been opened. Figures created through the pyplot interface (`matplotlib.pyplot.figure`) are retained until explicitly closed and may consume too much memory. (To control this warning, see the rcParam `figure.max_open_warning`). Consider using `matplotlib.pyplot.close()`.
  plt.figure(figsize=(10, 10), dpi=100)
/home/alunos/a2020815/tcc_image_classification_by_relevance_of_regions/tools/relevance.py:582: RuntimeWarning: More than 20 figures have been opened. Figures created through the pyplot interface (`matplotlib.pyplot.figure`) are retained until explicitly closed and may consume too much memory. (To control this warning, see the rcParam `figure.max_open_warning`). Consider using `matplotlib.pyplot.close()`.
  plt.figure(figsize=(10, 10), dpi=100)
/home/alunos/a2020815/tcc_image_classification_by_relevance_of_regions/tools/relevance.py:582: RuntimeWarning: More than 20 figures have been opened. Figures created through the pyplot interface (`matplotlib.pyplot.figure`) are retained until explicitly closed and may consume too much memory. (To control this warning, see the rcParam `figure.max_open_warning`). Consider using `matplotlib.pyplot.close()`.
  plt.figure(figsize=(10, 10), dpi=100)
/home/alunos/a2020815/tcc_image_classification_by_relevance_of_regions/tools/relevance.py:582: RuntimeWarning: More than 20 figures have been opened. Figures created through the pyplot interface (`matplotlib.pyplot.figure`) are retained until explicitly closed and may consume too much memory. (To control this warning, see the rcParam `figure.max_open_warning`). Consider using `matplotlib.pyplot.close()`.
  plt.figure(figsize=(10, 10), dpi=100)
/home/alunos/a2020815/tcc_image_classification_by_relevance_of_regions/tools/relevance.py:582: RuntimeWarning: More than 20 figures have been opened. Figures created through the pyplot interface (`matplotlib.pyplot.figure`) are retained until explicitly closed and may consume too much memory. (To control this warning, see the rcParam `figure.max_open_warning`). Consider using `matplotlib.pyplot.close()`.
  plt.figure(figsize=(10, 10), dpi=100)
/home/alunos/a2020815/tcc_image_classification_by_relevance_of_regions/tools/relevance.py:582: RuntimeWarning: More than 20 figures have been opened. Figures created through the pyplot interface (`matplotlib.pyplot.figure`) are retained until explicitly closed and may consume too much memory. (To control this warning, see the rcParam `figure.max_open_warning`). Consider using `matplotlib.pyplot.close()`.
  plt.figure(figsize=(10, 10), dpi=100)
/home/alunos/a2020815/tcc_image_classification_by_relevance_of_regions/tools/relevance.py:582: RuntimeWarning: More than 20 figures have been opened. Figures created through the pyplot interface (`matplotlib.pyplot.figure`) are retained until explicitly closed and may consume too much memory. (To control this warning, see the rcParam `figure.max_open_warning`). Consider using `matplotlib.pyplot.close()`.
  plt.figure(figsize=(10, 10), dpi=100)
/home/alunos/a2020815/tcc_image_classification_by_relevance_of_regions/tools/relevance.py:582: RuntimeWarning: More than 20 figures have been opened. Figures created through the pyplot interface (`matplotlib.pyplot.figure`) are retained until explicitly closed and may consume too much memory. (To control this warning, see the rcParam `figure.max_open_warning`). Consider using `matplotlib.pyplot.close()`.
  plt.figure(figsize=(10, 10), dpi=100)
/home/alunos/a2020815/tcc_image_classification_by_relevance_of_regions/tools/relevance.py:582: RuntimeWarning: More than 20 figures have been opened. Figures created through the pyplot interface (`matplotlib.pyplot.figure`) are retained until explicitly closed and may consume too much memory. (To control this warning, see the rcParam `figure.max_open_warning`). Consider using `matplotlib.pyplot.close()`.
  plt.figure(figsize=(10, 10), dpi=100)
/home/alunos/a2020815/tcc_image_classification_by_relevance_of_regions/tools/relevance.py:582: RuntimeWarning: More than 20 figures have been opened. Figures created through the pyplot interface (`matplotlib.pyplot.figure`) are retained until explicitly closed and may consume too much memory. (To control this warning, see the rcParam `figure.max_open_warning`). Consider using `matplotlib.pyplot.close()`.
  plt.figure(figsize=(10, 10), dpi=100)
/home/alunos/a2020815/tcc_image_classification_by_relevance_of_regions/tools/relevance.py:582: RuntimeWarning: More than 20 figures have been opened. Figures created through the pyplot interface (`matplotlib.pyplot.figure`) are retained until explicitly closed and may consume too much memory. (To control this warning, see the rcParam `figure.max_open_warning`). Consider using `matplotlib.pyplot.close()`.
  plt.figure(figsize=(10, 10), dpi=100)
/home/alunos/a2020815/tcc_image_classification_by_relevance_of_regions/tools/relevance.py:582: RuntimeWarning: More than 20 figures have been opened. Figures created through the pyplot interface (`matplotlib.pyplot.figure`) are retained until explicitly closed and may consume too much memory. (To control this warning, see the rcParam `figure.max_open_warning`). Consider using `matplotlib.pyplot.close()`.
  plt.figure(figsize=(10, 10), dpi=100)
/home/alunos/a2020815/tcc_image_classification_by_relevance_of_regions/tools/relevance.py:582: RuntimeWarning: More than 20 figures have been opened. Figures created through the pyplot interface (`matplotlib.pyplot.figure`) are retained until explicitly closed and may consume too much memory. (To control this warning, see the rcParam `figure.max_open_warning`). Consider using `matplotlib.pyplot.close()`.
  plt.figure(figsize=(10, 10), dpi=100)
/home/alunos/a2020815/tcc_image_classification_by_relevance_of_regions/tools/relevance.py:582: RuntimeWarning: More than 20 figures have been opened. Figures created through the pyplot interface (`matplotlib.pyplot.figure`) are retained until explicitly closed and may consume too much memory. (To control this warning, see the rcParam `figure.max_open_warning`). Consider using `matplotlib.pyplot.close()`.
  plt.figure(figsize=(10, 10), dpi=100)
/home/alunos/a2020815/tcc_image_classification_by_relevance_of_regions/tools/relevance.py:582: RuntimeWarning: More than 20 figures have been opened. Figures created through the pyplot interface (`matplotlib.pyplot.figure`) are retained until explicitly closed and may consume too much memory. (To control this warning, see the rcParam `figure.max_open_warning`). Consider using `matplotlib.pyplot.close()`.
  plt.figure(figsize=(10, 10), dpi=100)
/home/alunos/a2020815/tcc_image_classification_by_relevance_of_regions/tools/relevance.py:582: RuntimeWarning: More than 20 figures have been opened. Figures created through the pyplot interface (`matplotlib.pyplot.figure`) are retained until explicitly closed and may consume too much memory. (To control this warning, see the rcParam `figure.max_open_warning`). Consider using `matplotlib.pyplot.close()`.
  plt.figure(figsize=(10, 10), dpi=100)
/home/alunos/a2020815/tcc_image_classification_by_relevance_of_regions/tools/relevance.py:582: RuntimeWarning: More than 20 figures have been opened. Figures created through the pyplot interface (`matplotlib.pyplot.figure`) are retained until explicitly closed and may consume too much memory. (To control this warning, see the rcParam `figure.max_open_warning`). Consider using `matplotlib.pyplot.close()`.
  plt.figure(figsize=(10, 10), dpi=100)
/home/alunos/a2020815/tcc_image_classification_by_relevance_of_regions/tools/relevance.py:582: RuntimeWarning: More than 20 figures have been opened. Figures created through the pyplot interface (`matplotlib.pyplot.figure`) are retained until explicitly closed and may consume too much memory. (To control this warning, see the rcParam `figure.max_open_warning`). Consider using `matplotlib.pyplot.close()`.
  plt.figure(figsize=(10, 10), dpi=100)
/home/alunos/a2020815/tcc_image_classification_by_relevance_of_regions/tools/relevance.py:582: RuntimeWarning: More than 20 figures have been opened. Figures created through the pyplot interface (`matplotlib.pyplot.figure`) are retained until explicitly closed and may consume too much memory. (To control this warning, see the rcParam `figure.max_open_warning`). Consider using `matplotlib.pyplot.close()`.
  plt.figure(figsize=(10, 10), dpi=100)
/home/alunos/a2020815/tcc_image_classification_by_relevance_of_regions/tools/relevance.py:582: RuntimeWarning: More than 20 figures have been opened. Figures created through the pyplot interface (`matplotlib.pyplot.figure`) are retained until explicitly closed and may consume too much memory. (To control this warning, see the rcParam `figure.max_open_warning`). Consider using `matplotlib.pyplot.close()`.
  plt.figure(figsize=(10, 10), dpi=100)
/home/alunos/a2020815/tcc_image_classification_by_relevance_of_regions/tools/relevance.py:582: RuntimeWarning: More than 20 figures have been opened. Figures created through the pyplot interface (`matplotlib.pyplot.figure`) are retained until explicitly closed and may consume too much memory. (To control this warning, see the rcParam `figure.max_open_warning`). Consider using `matplotlib.pyplot.close()`.
  plt.figure(figsize=(10, 10), dpi=100)
/home/alunos/a2020815/tcc_image_classification_by_relevance_of_regions/tools/relevance.py:582: RuntimeWarning: More than 20 figures have been opened. Figures created through the pyplot interface (`matplotlib.pyplot.figure`) are retained until explicitly closed and may consume too much memory. (To control this warning, see the rcParam `figure.max_open_warning`). Consider using `matplotlib.pyplot.close()`.
  plt.figure(figsize=(10, 10), dpi=100)
/home/alunos/a2020815/tcc_image_classification_by_relevance_of_regions/tools/relevance.py:582: RuntimeWarning: More than 20 figures have been opened. Figures created through the pyplot interface (`matplotlib.pyplot.figure`) are retained until explicitly closed and may consume too much memory. (To control this warning, see the rcParam `figure.max_open_warning`). Consider using `matplotlib.pyplot.close()`.
  plt.figure(figsize=(10, 10), dpi=100)
/home/alunos/a2020815/tcc_image_classification_by_relevance_of_regions/tools/relevance.py:582: RuntimeWarning: More than 20 figures have been opened. Figures created through the pyplot interface (`matplotlib.pyplot.figure`) are retained until explicitly closed and may consume too much memory. (To control this warning, see the rcParam `figure.max_open_warning`). Consider using `matplotlib.pyplot.close()`.
  plt.figure(figsize=(10, 10), dpi=100)
/home/alunos/a2020815/tcc_image_classification_by_relevance_of_regions/tools/relevance.py:582: RuntimeWarning: More than 20 figures have been opened. Figures created through the pyplot interface (`matplotlib.pyplot.figure`) are retained until explicitly closed and may consume too much memory. (To control this warning, see the rcParam `figure.max_open_warning`). Consider using `matplotlib.pyplot.close()`.
  plt.figure(figsize=(10, 10), dpi=100)
/home/alunos/a2020815/tcc_image_classification_by_relevance_of_regions/tools/relevance.py:582: RuntimeWarning: More than 20 figures have been opened. Figures created through the pyplot interface (`matplotlib.pyplot.figure`) are retained until explicitly closed and may consume too much memory. (To control this warning, see the rcParam `figure.max_open_warning`). Consider using `matplotlib.pyplot.close()`.
  plt.figure(figsize=(10, 10), dpi=100)
/home/alunos/a2020815/tcc_image_classification_by_relevance_of_regions/tools/relevance.py:582: RuntimeWarning: More than 20 figures have been opened. Figures created through the pyplot interface (`matplotlib.pyplot.figure`) are retained until explicitly closed and may consume too much memory. (To control this warning, see the rcParam `figure.max_open_warning`). Consider using `matplotlib.pyplot.close()`.
  plt.figure(figsize=(10, 10), dpi=100)
/home/alunos/a2020815/tcc_image_classification_by_relevance_of_regions/tools/relevance.py:582: RuntimeWarning: More than 20 figures have been opened. Figures created through the pyplot interface (`matplotlib.pyplot.figure`) are retained until explicitly closed and may consume too much memory. (To control this warning, see the rcParam `figure.max_open_warning`). Consider using `matplotlib.pyplot.close()`.
  plt.figure(figsize=(10, 10), dpi=100)
/home/alunos/a2020815/tcc_image_classification_by_relevance_of_regions/tools/relevance.py:582: RuntimeWarning: More than 20 figures have been opened. Figures created through the pyplot interface (`matplotlib.pyplot.figure`) are retained until explicitly closed and may consume too much memory. (To control this warning, see the rcParam `figure.max_open_warning`). Consider using `matplotlib.pyplot.close()`.
  plt.figure(figsize=(10, 10), dpi=100)
/home/alunos/a2020815/tcc_image_classification_by_relevance_of_regions/tools/relevance.py:582: RuntimeWarning: More than 20 figures have been opened. Figures created through the pyplot interface (`matplotlib.pyplot.figure`) are retained until explicitly closed and may consume too much memory. (To control this warning, see the rcParam `figure.max_open_warning`). Consider using `matplotlib.pyplot.close()`.
  plt.figure(figsize=(10, 10), dpi=100)
/home/alunos/a2020815/tcc_image_classification_by_relevance_of_regions/tools/relevance.py:582: RuntimeWarning: More than 20 figures have been opened. Figures created through the pyplot interface (`matplotlib.pyplot.figure`) are retained until explicitly closed and may consume too much memory. (To control this warning, see the rcParam `figure.max_open_warning`). Consider using `matplotlib.pyplot.close()`.
  plt.figure(figsize=(10, 10), dpi=100)
/home/alunos/a2020815/tcc_image_classification_by_relevance_of_regions/tools/relevance.py:582: RuntimeWarning: More than 20 figures have been opened. Figures created through the pyplot interface (`matplotlib.pyplot.figure`) are retained until explicitly closed and may consume too much memory. (To control this warning, see the rcParam `figure.max_open_warning`). Consider using `matplotlib.pyplot.close()`.
  plt.figure(figsize=(10, 10), dpi=100)
/home/alunos/a2020815/tcc_image_classification_by_relevance_of_regions/tools/relevance.py:582: RuntimeWarning: More than 20 figures have been opened. Figures created through the pyplot interface (`matplotlib.pyplot.figure`) are retained until explicitly closed and may consume too much memory. (To control this warning, see the rcParam `figure.max_open_warning`). Consider using `matplotlib.pyplot.close()`.
  plt.figure(figsize=(10, 10), dpi=100)
/home/alunos/a2020815/tcc_image_classification_by_relevance_of_regions/tools/relevance.py:582: RuntimeWarning: More than 20 figures have been opened. Figures created through the pyplot interface (`matplotlib.pyplot.figure`) are retained until explicitly closed and may consume too much memory. (To control this warning, see the rcParam `figure.max_open_warning`). Consider using `matplotlib.pyplot.close()`.
  plt.figure(figsize=(10, 10), dpi=100)
/home/alunos/a2020815/tcc_image_classification_by_relevance_of_regions/tools/relevance.py:582: RuntimeWarning: More than 20 figures have been opened. Figures created through the pyplot interface (`matplotlib.pyplot.figure`) are retained until explicitly closed and may consume too much memory. (To control this warning, see the rcParam `figure.max_open_warning`). Consider using `matplotlib.pyplot.close()`.
  plt.figure(figsize=(10, 10), dpi=100)
/home/alunos/a2020815/tcc_image_classification_by_relevance_of_regions/tools/relevance.py:582: RuntimeWarning: More than 20 figures have been opened. Figures created through the pyplot interface (`matplotlib.pyplot.figure`) are retained until explicitly closed and may consume too much memory. (To control this warning, see the rcParam `figure.max_open_warning`). Consider using `matplotlib.pyplot.close()`.
  plt.figure(figsize=(10, 10), dpi=100)
/home/alunos/a2020815/tcc_image_classification_by_relevance_of_regions/tools/relevance.py:582: RuntimeWarning: More than 20 figures have been opened. Figures created through the pyplot interface (`matplotlib.pyplot.figure`) are retained until explicitly closed and may consume too much memory. (To control this warning, see the rcParam `figure.max_open_warning`). Consider using `matplotlib.pyplot.close()`.
  plt.figure(figsize=(10, 10), dpi=100)
/home/alunos/a2020815/tcc_image_classification_by_relevance_of_regions/tools/relevance.py:582: RuntimeWarning: More than 20 figures have been opened. Figures created through the pyplot interface (`matplotlib.pyplot.figure`) are retained until explicitly closed and may consume too much memory. (To control this warning, see the rcParam `figure.max_open_warning`). Consider using `matplotlib.pyplot.close()`.
  plt.figure(figsize=(10, 10), dpi=100)
/home/alunos/a2020815/tcc_image_classification_by_relevance_of_regions/tools/relevance.py:582: RuntimeWarning: More than 20 figures have been opened. Figures created through the pyplot interface (`matplotlib.pyplot.figure`) are retained until explicitly closed and may consume too much memory. (To control this warning, see the rcParam `figure.max_open_warning`). Consider using `matplotlib.pyplot.close()`.
  plt.figure(figsize=(10, 10), dpi=100)
/home/alunos/a2020815/tcc_image_classification_by_relevance_of_regions/tools/relevance.py:582: RuntimeWarning: More than 20 figures have been opened. Figures created through the pyplot interface (`matplotlib.pyplot.figure`) are retained until explicitly closed and may consume too much memory. (To control this warning, see the rcParam `figure.max_open_warning`). Consider using `matplotlib.pyplot.close()`.
  plt.figure(figsize=(10, 10), dpi=100)
/home/alunos/a2020815/tcc_image_classification_by_relevance_of_regions/tools/relevance.py:582: RuntimeWarning: More than 20 figures have been opened. Figures created through the pyplot interface (`matplotlib.pyplot.figure`) are retained until explicitly closed and may consume too much memory. (To control this warning, see the rcParam `figure.max_open_warning`). Consider using `matplotlib.pyplot.close()`.
  plt.figure(figsize=(10, 10), dpi=100)
/home/alunos/a2020815/tcc_image_classification_by_relevance_of_regions/tools/relevance.py:582: RuntimeWarning: More than 20 figures have been opened. Figures created through the pyplot interface (`matplotlib.pyplot.figure`) are retained until explicitly closed and may consume too much memory. (To control this warning, see the rcParam `figure.max_open_warning`). Consider using `matplotlib.pyplot.close()`.
  plt.figure(figsize=(10, 10), dpi=100)
/home/alunos/a2020815/tcc_image_classification_by_relevance_of_regions/tools/relevance.py:582: RuntimeWarning: More than 20 figures have been opened. Figures created through the pyplot interface (`matplotlib.pyplot.figure`) are retained until explicitly closed and may consume too much memory. (To control this warning, see the rcParam `figure.max_open_warning`). Consider using `matplotlib.pyplot.close()`.
  plt.figure(figsize=(10, 10), dpi=100)
/home/alunos/a2020815/tcc_image_classification_by_relevance_of_regions/tools/relevance.py:582: RuntimeWarning: More than 20 figures have been opened. Figures created through the pyplot interface (`matplotlib.pyplot.figure`) are retained until explicitly closed and may consume too much memory. (To control this warning, see the rcParam `figure.max_open_warning`). Consider using `matplotlib.pyplot.close()`.
  plt.figure(figsize=(10, 10), dpi=100)
/home/alunos/a2020815/tcc_image_classification_by_relevance_of_regions/tools/relevance.py:582: RuntimeWarning: More than 20 figures have been opened. Figures created through the pyplot interface (`matplotlib.pyplot.figure`) are retained until explicitly closed and may consume too much memory. (To control this warning, see the rcParam `figure.max_open_warning`). Consider using `matplotlib.pyplot.close()`.
  plt.figure(figsize=(10, 10), dpi=100)
/home/alunos/a2020815/tcc_image_classification_by_relevance_of_regions/tools/relevance.py:582: RuntimeWarning: More than 20 figures have been opened. Figures created through the pyplot interface (`matplotlib.pyplot.figure`) are retained until explicitly closed and may consume too much memory. (To control this warning, see the rcParam `figure.max_open_warning`). Consider using `matplotlib.pyplot.close()`.
  plt.figure(figsize=(10, 10), dpi=100)
/home/alunos/a2020815/tcc_image_classification_by_relevance_of_regions/tools/relevance.py:582: RuntimeWarning: More than 20 figures have been opened. Figures created through the pyplot interface (`matplotlib.pyplot.figure`) are retained until explicitly closed and may consume too much memory. (To control this warning, see the rcParam `figure.max_open_warning`). Consider using `matplotlib.pyplot.close()`.
  plt.figure(figsize=(10, 10), dpi=100)
/home/alunos/a2020815/tcc_image_classification_by_relevance_of_regions/tools/relevance.py:582: RuntimeWarning: More than 20 figures have been opened. Figures created through the pyplot interface (`matplotlib.pyplot.figure`) are retained until explicitly closed and may consume too much memory. (To control this warning, see the rcParam `figure.max_open_warning`). Consider using `matplotlib.pyplot.close()`.
  plt.figure(figsize=(10, 10), dpi=100)
/home/alunos/a2020815/tcc_image_classification_by_relevance_of_regions/tools/relevance.py:582: RuntimeWarning: More than 20 figures have been opened. Figures created through the pyplot interface (`matplotlib.pyplot.figure`) are retained until explicitly closed and may consume too much memory. (To control this warning, see the rcParam `figure.max_open_warning`). Consider using `matplotlib.pyplot.close()`.
  plt.figure(figsize=(10, 10), dpi=100)
/home/alunos/a2020815/tcc_image_classification_by_relevance_of_regions/tools/relevance.py:582: RuntimeWarning: More than 20 figures have been opened. Figures created through the pyplot interface (`matplotlib.pyplot.figure`) are retained until explicitly closed and may consume too much memory. (To control this warning, see the rcParam `figure.max_open_warning`). Consider using `matplotlib.pyplot.close()`.
  plt.figure(figsize=(10, 10), dpi=100)
/home/alunos/a2020815/tcc_image_classification_by_relevance_of_regions/tools/relevance.py:582: RuntimeWarning: More than 20 figures have been opened. Figures created through the pyplot interface (`matplotlib.pyplot.figure`) are retained until explicitly closed and may consume too much memory. (To control this warning, see the rcParam `figure.max_open_warning`). Consider using `matplotlib.pyplot.close()`.
  plt.figure(figsize=(10, 10), dpi=100)
/home/alunos/a2020815/tcc_image_classification_by_relevance_of_regions/tools/relevance.py:582: RuntimeWarning: More than 20 figures have been opened. Figures created through the pyplot interface (`matplotlib.pyplot.figure`) are retained until explicitly closed and may consume too much memory. (To control this warning, see the rcParam `figure.max_open_warning`). Consider using `matplotlib.pyplot.close()`.
  plt.figure(figsize=(10, 10), dpi=100)
/home/alunos/a2020815/tcc_image_classification_by_relevance_of_regions/tools/relevance.py:582: RuntimeWarning: More than 20 figures have been opened. Figures created through the pyplot interface (`matplotlib.pyplot.figure`) are retained until explicitly closed and may consume too much memory. (To control this warning, see the rcParam `figure.max_open_warning`). Consider using `matplotlib.pyplot.close()`.
  plt.figure(figsize=(10, 10), dpi=100)
/home/alunos/a2020815/tcc_image_classification_by_relevance_of_regions/tools/relevance.py:582: RuntimeWarning: More than 20 figures have been opened. Figures created through the pyplot interface (`matplotlib.pyplot.figure`) are retained until explicitly closed and may consume too much memory. (To control this warning, see the rcParam `figure.max_open_warning`). Consider using `matplotlib.pyplot.close()`.
  plt.figure(figsize=(10, 10), dpi=100)
/home/alunos/a2020815/tcc_image_classification_by_relevance_of_regions/tools/relevance.py:582: RuntimeWarning: More than 20 figures have been opened. Figures created through the pyplot interface (`matplotlib.pyplot.figure`) are retained until explicitly closed and may consume too much memory. (To control this warning, see the rcParam `figure.max_open_warning`). Consider using `matplotlib.pyplot.close()`.
  plt.figure(figsize=(10, 10), dpi=100)
/home/alunos/a2020815/tcc_image_classification_by_relevance_of_regions/tools/relevance.py:582: RuntimeWarning: More than 20 figures have been opened. Figures created through the pyplot interface (`matplotlib.pyplot.figure`) are retained until explicitly closed and may consume too much memory. (To control this warning, see the rcParam `figure.max_open_warning`). Consider using `matplotlib.pyplot.close()`.
  plt.figure(figsize=(10, 10), dpi=100)
/home/alunos/a2020815/tcc_image_classification_by_relevance_of_regions/tools/relevance.py:582: RuntimeWarning: More than 20 figures have been opened. Figures created through the pyplot interface (`matplotlib.pyplot.figure`) are retained until explicitly closed and may consume too much memory. (To control this warning, see the rcParam `figure.max_open_warning`). Consider using `matplotlib.pyplot.close()`.
  plt.figure(figsize=(10, 10), dpi=100)
/home/alunos/a2020815/tcc_image_classification_by_relevance_of_regions/tools/relevance.py:582: RuntimeWarning: More than 20 figures have been opened. Figures created through the pyplot interface (`matplotlib.pyplot.figure`) are retained until explicitly closed and may consume too much memory. (To control this warning, see the rcParam `figure.max_open_warning`). Consider using `matplotlib.pyplot.close()`.
  plt.figure(figsize=(10, 10), dpi=100)
/home/alunos/a2020815/tcc_image_classification_by_relevance_of_regions/tools/relevance.py:582: RuntimeWarning: More than 20 figures have been opened. Figures created through the pyplot interface (`matplotlib.pyplot.figure`) are retained until explicitly closed and may consume too much memory. (To control this warning, see the rcParam `figure.max_open_warning`). Consider using `matplotlib.pyplot.close()`.
  plt.figure(figsize=(10, 10), dpi=100)
/home/alunos/a2020815/tcc_image_classification_by_relevance_of_regions/tools/relevance.py:582: RuntimeWarning: More than 20 figures have been opened. Figures created through the pyplot interface (`matplotlib.pyplot.figure`) are retained until explicitly closed and may consume too much memory. (To control this warning, see the rcParam `figure.max_open_warning`). Consider using `matplotlib.pyplot.close()`.
  plt.figure(figsize=(10, 10), dpi=100)
/home/alunos/a2020815/tcc_image_classification_by_relevance_of_regions/tools/relevance.py:582: RuntimeWarning: More than 20 figures have been opened. Figures created through the pyplot interface (`matplotlib.pyplot.figure`) are retained until explicitly closed and may consume too much memory. (To control this warning, see the rcParam `figure.max_open_warning`). Consider using `matplotlib.pyplot.close()`.
  plt.figure(figsize=(10, 10), dpi=100)
/home/alunos/a2020815/tcc_image_classification_by_relevance_of_regions/tools/relevance.py:582: RuntimeWarning: More than 20 figures have been opened. Figures created through the pyplot interface (`matplotlib.pyplot.figure`) are retained until explicitly closed and may consume too much memory. (To control this warning, see the rcParam `figure.max_open_warning`). Consider using `matplotlib.pyplot.close()`.
  plt.figure(figsize=(10, 10), dpi=100)
/home/alunos/a2020815/tcc_image_classification_by_relevance_of_regions/tools/relevance.py:582: RuntimeWarning: More than 20 figures have been opened. Figures created through the pyplot interface (`matplotlib.pyplot.figure`) are retained until explicitly closed and may consume too much memory. (To control this warning, see the rcParam `figure.max_open_warning`). Consider using `matplotlib.pyplot.close()`.
  plt.figure(figsize=(10, 10), dpi=100)
/home/alunos/a2020815/tcc_image_classification_by_relevance_of_regions/tools/relevance.py:582: RuntimeWarning: More than 20 figures have been opened. Figures created through the pyplot interface (`matplotlib.pyplot.figure`) are retained until explicitly closed and may consume too much memory. (To control this warning, see the rcParam `figure.max_open_warning`). Consider using `matplotlib.pyplot.close()`.
  plt.figure(figsize=(10, 10), dpi=100)
/home/alunos/a2020815/tcc_image_classification_by_relevance_of_regions/tools/relevance.py:582: RuntimeWarning: More than 20 figures have been opened. Figures created through the pyplot interface (`matplotlib.pyplot.figure`) are retained until explicitly closed and may consume too much memory. (To control this warning, see the rcParam `figure.max_open_warning`). Consider using `matplotlib.pyplot.close()`.
  plt.figure(figsize=(10, 10), dpi=100)
/home/alunos/a2020815/tcc_image_classification_by_relevance_of_regions/tools/relevance.py:582: RuntimeWarning: More than 20 figures have been opened. Figures created through the pyplot interface (`matplotlib.pyplot.figure`) are retained until explicitly closed and may consume too much memory. (To control this warning, see the rcParam `figure.max_open_warning`). Consider using `matplotlib.pyplot.close()`.
  plt.figure(figsize=(10, 10), dpi=100)
/home/alunos/a2020815/tcc_image_classification_by_relevance_of_regions/tools/relevance.py:582: RuntimeWarning: More than 20 figures have been opened. Figures created through the pyplot interface (`matplotlib.pyplot.figure`) are retained until explicitly closed and may consume too much memory. (To control this warning, see the rcParam `figure.max_open_warning`). Consider using `matplotlib.pyplot.close()`.
  plt.figure(figsize=(10, 10), dpi=100)
/home/alunos/a2020815/tcc_image_classification_by_relevance_of_regions/tools/relevance.py:582: RuntimeWarning: More than 20 figures have been opened. Figures created through the pyplot interface (`matplotlib.pyplot.figure`) are retained until explicitly closed and may consume too much memory. (To control this warning, see the rcParam `figure.max_open_warning`). Consider using `matplotlib.pyplot.close()`.
  plt.figure(figsize=(10, 10), dpi=100)
/home/alunos/a2020815/tcc_image_classification_by_relevance_of_regions/tools/relevance.py:582: RuntimeWarning: More than 20 figures have been opened. Figures created through the pyplot interface (`matplotlib.pyplot.figure`) are retained until explicitly closed and may consume too much memory. (To control this warning, see the rcParam `figure.max_open_warning`). Consider using `matplotlib.pyplot.close()`.
  plt.figure(figsize=(10, 10), dpi=100)
/home/alunos/a2020815/tcc_image_classification_by_relevance_of_regions/tools/relevance.py:582: RuntimeWarning: More than 20 figures have been opened. Figures created through the pyplot interface (`matplotlib.pyplot.figure`) are retained until explicitly closed and may consume too much memory. (To control this warning, see the rcParam `figure.max_open_warning`). Consider using `matplotlib.pyplot.close()`.
  plt.figure(figsize=(10, 10), dpi=100)
/home/alunos/a2020815/tcc_image_classification_by_relevance_of_regions/tools/relevance.py:582: RuntimeWarning: More than 20 figures have been opened. Figures created through the pyplot interface (`matplotlib.pyplot.figure`) are retained until explicitly closed and may consume too much memory. (To control this warning, see the rcParam `figure.max_open_warning`). Consider using `matplotlib.pyplot.close()`.
  plt.figure(figsize=(10, 10), dpi=100)
/home/alunos/a2020815/tcc_image_classification_by_relevance_of_regions/tools/relevance.py:582: RuntimeWarning: More than 20 figures have been opened. Figures created through the pyplot interface (`matplotlib.pyplot.figure`) are retained until explicitly closed and may consume too much memory. (To control this warning, see the rcParam `figure.max_open_warning`). Consider using `matplotlib.pyplot.close()`.
  plt.figure(figsize=(10, 10), dpi=100)
/home/alunos/a2020815/tcc_image_classification_by_relevance_of_regions/tools/relevance.py:582: RuntimeWarning: More than 20 figures have been opened. Figures created through the pyplot interface (`matplotlib.pyplot.figure`) are retained until explicitly closed and may consume too much memory. (To control this warning, see the rcParam `figure.max_open_warning`). Consider using `matplotlib.pyplot.close()`.
  plt.figure(figsize=(10, 10), dpi=100)
/home/alunos/a2020815/tcc_image_classification_by_relevance_of_regions/tools/relevance.py:582: RuntimeWarning: More than 20 figures have been opened. Figures created through the pyplot interface (`matplotlib.pyplot.figure`) are retained until explicitly closed and may consume too much memory. (To control this warning, see the rcParam `figure.max_open_warning`). Consider using `matplotlib.pyplot.close()`.
  plt.figure(figsize=(10, 10), dpi=100)
/home/alunos/a2020815/tcc_image_classification_by_relevance_of_regions/tools/relevance.py:582: RuntimeWarning: More than 20 figures have been opened. Figures created through the pyplot interface (`matplotlib.pyplot.figure`) are retained until explicitly closed and may consume too much memory. (To control this warning, see the rcParam `figure.max_open_warning`). Consider using `matplotlib.pyplot.close()`.
  plt.figure(figsize=(10, 10), dpi=100)
/home/alunos/a2020815/tcc_image_classification_by_relevance_of_regions/tools/relevance.py:582: RuntimeWarning: More than 20 figures have been opened. Figures created through the pyplot interface (`matplotlib.pyplot.figure`) are retained until explicitly closed and may consume too much memory. (To control this warning, see the rcParam `figure.max_open_warning`). Consider using `matplotlib.pyplot.close()`.
  plt.figure(figsize=(10, 10), dpi=100)
/home/alunos/a2020815/tcc_image_classification_by_relevance_of_regions/tools/relevance.py:582: RuntimeWarning: More than 20 figures have been opened. Figures created through the pyplot interface (`matplotlib.pyplot.figure`) are retained until explicitly closed and may consume too much memory. (To control this warning, see the rcParam `figure.max_open_warning`). Consider using `matplotlib.pyplot.close()`.
  plt.figure(figsize=(10, 10), dpi=100)
/home/alunos/a2020815/tcc_image_classification_by_relevance_of_regions/tools/relevance.py:582: RuntimeWarning: More than 20 figures have been opened. Figures created through the pyplot interface (`matplotlib.pyplot.figure`) are retained until explicitly closed and may consume too much memory. (To control this warning, see the rcParam `figure.max_open_warning`). Consider using `matplotlib.pyplot.close()`.
  plt.figure(figsize=(10, 10), dpi=100)
/home/alunos/a2020815/tcc_image_classification_by_relevance_of_regions/tools/relevance.py:582: RuntimeWarning: More than 20 figures have been opened. Figures created through the pyplot interface (`matplotlib.pyplot.figure`) are retained until explicitly closed and may consume too much memory. (To control this warning, see the rcParam `figure.max_open_warning`). Consider using `matplotlib.pyplot.close()`.
  plt.figure(figsize=(10, 10), dpi=100)
/home/alunos/a2020815/tcc_image_classification_by_relevance_of_regions/tools/relevance.py:582: RuntimeWarning: More than 20 figures have been opened. Figures created through the pyplot interface (`matplotlib.pyplot.figure`) are retained until explicitly closed and may consume too much memory. (To control this warning, see the rcParam `figure.max_open_warning`). Consider using `matplotlib.pyplot.close()`.
  plt.figure(figsize=(10, 10), dpi=100)
/home/alunos/a2020815/tcc_image_classification_by_relevance_of_regions/tools/relevance.py:582: RuntimeWarning: More than 20 figures have been opened. Figures created through the pyplot interface (`matplotlib.pyplot.figure`) are retained until explicitly closed and may consume too much memory. (To control this warning, see the rcParam `figure.max_open_warning`). Consider using `matplotlib.pyplot.close()`.
  plt.figure(figsize=(10, 10), dpi=100)
/home/alunos/a2020815/tcc_image_classification_by_relevance_of_regions/tools/relevance.py:582: RuntimeWarning: More than 20 figures have been opened. Figures created through the pyplot interface (`matplotlib.pyplot.figure`) are retained until explicitly closed and may consume too much memory. (To control this warning, see the rcParam `figure.max_open_warning`). Consider using `matplotlib.pyplot.close()`.
  plt.figure(figsize=(10, 10), dpi=100)
/home/alunos/a2020815/tcc_image_classification_by_relevance_of_regions/tools/relevance.py:582: RuntimeWarning: More than 20 figures have been opened. Figures created through the pyplot interface (`matplotlib.pyplot.figure`) are retained until explicitly closed and may consume too much memory. (To control this warning, see the rcParam `figure.max_open_warning`). Consider using `matplotlib.pyplot.close()`.
  plt.figure(figsize=(10, 10), dpi=100)
/home/alunos/a2020815/tcc_image_classification_by_relevance_of_regions/tools/relevance.py:582: RuntimeWarning: More than 20 figures have been opened. Figures created through the pyplot interface (`matplotlib.pyplot.figure`) are retained until explicitly closed and may consume too much memory. (To control this warning, see the rcParam `figure.max_open_warning`). Consider using `matplotlib.pyplot.close()`.
  plt.figure(figsize=(10, 10), dpi=100)
/home/alunos/a2020815/tcc_image_classification_by_relevance_of_regions/tools/relevance.py:582: RuntimeWarning: More than 20 figures have been opened. Figures created through the pyplot interface (`matplotlib.pyplot.figure`) are retained until explicitly closed and may consume too much memory. (To control this warning, see the rcParam `figure.max_open_warning`). Consider using `matplotlib.pyplot.close()`.
  plt.figure(figsize=(10, 10), dpi=100)
/home/alunos/a2020815/tcc_image_classification_by_relevance_of_regions/tools/relevance.py:582: RuntimeWarning: More than 20 figures have been opened. Figures created through the pyplot interface (`matplotlib.pyplot.figure`) are retained until explicitly closed and may consume too much memory. (To control this warning, see the rcParam `figure.max_open_warning`). Consider using `matplotlib.pyplot.close()`.
  plt.figure(figsize=(10, 10), dpi=100)
/home/alunos/a2020815/tcc_image_classification_by_relevance_of_regions/tools/relevance.py:582: RuntimeWarning: More than 20 figures have been opened. Figures created through the pyplot interface (`matplotlib.pyplot.figure`) are retained until explicitly closed and may consume too much memory. (To control this warning, see the rcParam `figure.max_open_warning`). Consider using `matplotlib.pyplot.close()`.
  plt.figure(figsize=(10, 10), dpi=100)
/home/alunos/a2020815/tcc_image_classification_by_relevance_of_regions/tools/relevance.py:582: RuntimeWarning: More than 20 figures have been opened. Figures created through the pyplot interface (`matplotlib.pyplot.figure`) are retained until explicitly closed and may consume too much memory. (To control this warning, see the rcParam `figure.max_open_warning`). Consider using `matplotlib.pyplot.close()`.
  plt.figure(figsize=(10, 10), dpi=100)
/home/alunos/a2020815/tcc_image_classification_by_relevance_of_regions/tools/relevance.py:582: RuntimeWarning: More than 20 figures have been opened. Figures created through the pyplot interface (`matplotlib.pyplot.figure`) are retained until explicitly closed and may consume too much memory. (To control this warning, see the rcParam `figure.max_open_warning`). Consider using `matplotlib.pyplot.close()`.
  plt.figure(figsize=(10, 10), dpi=100)
/home/alunos/a2020815/tcc_image_classification_by_relevance_of_regions/tools/relevance.py:582: RuntimeWarning: More than 20 figures have been opened. Figures created through the pyplot interface (`matplotlib.pyplot.figure`) are retained until explicitly closed and may consume too much memory. (To control this warning, see the rcParam `figure.max_open_warning`). Consider using `matplotlib.pyplot.close()`.
  plt.figure(figsize=(10, 10), dpi=100)
/home/alunos/a2020815/tcc_image_classification_by_relevance_of_regions/tools/relevance.py:582: RuntimeWarning: More than 20 figures have been opened. Figures created through the pyplot interface (`matplotlib.pyplot.figure`) are retained until explicitly closed and may consume too much memory. (To control this warning, see the rcParam `figure.max_open_warning`). Consider using `matplotlib.pyplot.close()`.
  plt.figure(figsize=(10, 10), dpi=100)
/home/alunos/a2020815/tcc_image_classification_by_relevance_of_regions/tools/relevance.py:582: RuntimeWarning: More than 20 figures have been opened. Figures created through the pyplot interface (`matplotlib.pyplot.figure`) are retained until explicitly closed and may consume too much memory. (To control this warning, see the rcParam `figure.max_open_warning`). Consider using `matplotlib.pyplot.close()`.
  plt.figure(figsize=(10, 10), dpi=100)
/home/alunos/a2020815/tcc_image_classification_by_relevance_of_regions/tools/relevance.py:582: RuntimeWarning: More than 20 figures have been opened. Figures created through the pyplot interface (`matplotlib.pyplot.figure`) are retained until explicitly closed and may consume too much memory. (To control this warning, see the rcParam `figure.max_open_warning`). Consider using `matplotlib.pyplot.close()`.
  plt.figure(figsize=(10, 10), dpi=100)
/home/alunos/a2020815/tcc_image_classification_by_relevance_of_regions/tools/relevance.py:582: RuntimeWarning: More than 20 figures have been opened. Figures created through the pyplot interface (`matplotlib.pyplot.figure`) are retained until explicitly closed and may consume too much memory. (To control this warning, see the rcParam `figure.max_open_warning`). Consider using `matplotlib.pyplot.close()`.
  plt.figure(figsize=(10, 10), dpi=100)
/home/alunos/a2020815/tcc_image_classification_by_relevance_of_regions/tools/relevance.py:582: RuntimeWarning: More than 20 figures have been opened. Figures created through the pyplot interface (`matplotlib.pyplot.figure`) are retained until explicitly closed and may consume too much memory. (To control this warning, see the rcParam `figure.max_open_warning`). Consider using `matplotlib.pyplot.close()`.
  plt.figure(figsize=(10, 10), dpi=100)
/home/alunos/a2020815/tcc_image_classification_by_relevance_of_regions/tools/relevance.py:582: RuntimeWarning: More than 20 figures have been opened. Figures created through the pyplot interface (`matplotlib.pyplot.figure`) are retained until explicitly closed and may consume too much memory. (To control this warning, see the rcParam `figure.max_open_warning`). Consider using `matplotlib.pyplot.close()`.
  plt.figure(figsize=(10, 10), dpi=100)
/home/alunos/a2020815/tcc_image_classification_by_relevance_of_regions/tools/relevance.py:582: RuntimeWarning: More than 20 figures have been opened. Figures created through the pyplot interface (`matplotlib.pyplot.figure`) are retained until explicitly closed and may consume too much memory. (To control this warning, see the rcParam `figure.max_open_warning`). Consider using `matplotlib.pyplot.close()`.
  plt.figure(figsize=(10, 10), dpi=100)
/home/alunos/a2020815/tcc_image_classification_by_relevance_of_regions/tools/relevance.py:582: RuntimeWarning: More than 20 figures have been opened. Figures created through the pyplot interface (`matplotlib.pyplot.figure`) are retained until explicitly closed and may consume too much memory. (To control this warning, see the rcParam `figure.max_open_warning`). Consider using `matplotlib.pyplot.close()`.
  plt.figure(figsize=(10, 10), dpi=100)
/home/alunos/a2020815/tcc_image_classification_by_relevance_of_regions/tools/relevance.py:582: RuntimeWarning: More than 20 figures have been opened. Figures created through the pyplot interface (`matplotlib.pyplot.figure`) are retained until explicitly closed and may consume too much memory. (To control this warning, see the rcParam `figure.max_open_warning`). Consider using `matplotlib.pyplot.close()`.
  plt.figure(figsize=(10, 10), dpi=100)
/home/alunos/a2020815/tcc_image_classification_by_relevance_of_regions/tools/relevance.py:582: RuntimeWarning: More than 20 figures have been opened. Figures created through the pyplot interface (`matplotlib.pyplot.figure`) are retained until explicitly closed and may consume too much memory. (To control this warning, see the rcParam `figure.max_open_warning`). Consider using `matplotlib.pyplot.close()`.
  plt.figure(figsize=(10, 10), dpi=100)
/home/alunos/a2020815/tcc_image_classification_by_relevance_of_regions/tools/relevance.py:582: RuntimeWarning: More than 20 figures have been opened. Figures created through the pyplot interface (`matplotlib.pyplot.figure`) are retained until explicitly closed and may consume too much memory. (To control this warning, see the rcParam `figure.max_open_warning`). Consider using `matplotlib.pyplot.close()`.
  plt.figure(figsize=(10, 10), dpi=100)
/home/alunos/a2020815/tcc_image_classification_by_relevance_of_regions/tools/relevance.py:582: RuntimeWarning: More than 20 figures have been opened. Figures created through the pyplot interface (`matplotlib.pyplot.figure`) are retained until explicitly closed and may consume too much memory. (To control this warning, see the rcParam `figure.max_open_warning`). Consider using `matplotlib.pyplot.close()`.
  plt.figure(figsize=(10, 10), dpi=100)
/home/alunos/a2020815/tcc_image_classification_by_relevance_of_regions/tools/relevance.py:582: RuntimeWarning: More than 20 figures have been opened. Figures created through the pyplot interface (`matplotlib.pyplot.figure`) are retained until explicitly closed and may consume too much memory. (To control this warning, see the rcParam `figure.max_open_warning`). Consider using `matplotlib.pyplot.close()`.
  plt.figure(figsize=(10, 10), dpi=100)
/home/alunos/a2020815/tcc_image_classification_by_relevance_of_regions/tools/relevance.py:582: RuntimeWarning: More than 20 figures have been opened. Figures created through the pyplot interface (`matplotlib.pyplot.figure`) are retained until explicitly closed and may consume too much memory. (To control this warning, see the rcParam `figure.max_open_warning`). Consider using `matplotlib.pyplot.close()`.
  plt.figure(figsize=(10, 10), dpi=100)
/home/alunos/a2020815/tcc_image_classification_by_relevance_of_regions/tools/relevance.py:582: RuntimeWarning: More than 20 figures have been opened. Figures created through the pyplot interface (`matplotlib.pyplot.figure`) are retained until explicitly closed and may consume too much memory. (To control this warning, see the rcParam `figure.max_open_warning`). Consider using `matplotlib.pyplot.close()`.
  plt.figure(figsize=(10, 10), dpi=100)
/home/alunos/a2020815/tcc_image_classification_by_relevance_of_regions/tools/relevance.py:582: RuntimeWarning: More than 20 figures have been opened. Figures created through the pyplot interface (`matplotlib.pyplot.figure`) are retained until explicitly closed and may consume too much memory. (To control this warning, see the rcParam `figure.max_open_warning`). Consider using `matplotlib.pyplot.close()`.
  plt.figure(figsize=(10, 10), dpi=100)
/home/alunos/a2020815/tcc_image_classification_by_relevance_of_regions/tools/relevance.py:582: RuntimeWarning: More than 20 figures have been opened. Figures created through the pyplot interface (`matplotlib.pyplot.figure`) are retained until explicitly closed and may consume too much memory. (To control this warning, see the rcParam `figure.max_open_warning`). Consider using `matplotlib.pyplot.close()`.
  plt.figure(figsize=(10, 10), dpi=100)
/home/alunos/a2020815/tcc_image_classification_by_relevance_of_regions/tools/relevance.py:582: RuntimeWarning: More than 20 figures have been opened. Figures created through the pyplot interface (`matplotlib.pyplot.figure`) are retained until explicitly closed and may consume too much memory. (To control this warning, see the rcParam `figure.max_open_warning`). Consider using `matplotlib.pyplot.close()`.
  plt.figure(figsize=(10, 10), dpi=100)
/home/alunos/a2020815/tcc_image_classification_by_relevance_of_regions/tools/relevance.py:582: RuntimeWarning: More than 20 figures have been opened. Figures created through the pyplot interface (`matplotlib.pyplot.figure`) are retained until explicitly closed and may consume too much memory. (To control this warning, see the rcParam `figure.max_open_warning`). Consider using `matplotlib.pyplot.close()`.
  plt.figure(figsize=(10, 10), dpi=100)
/home/alunos/a2020815/tcc_image_classification_by_relevance_of_regions/tools/relevance.py:582: RuntimeWarning: More than 20 figures have been opened. Figures created through the pyplot interface (`matplotlib.pyplot.figure`) are retained until explicitly closed and may consume too much memory. (To control this warning, see the rcParam `figure.max_open_warning`). Consider using `matplotlib.pyplot.close()`.
  plt.figure(figsize=(10, 10), dpi=100)
/home/alunos/a2020815/tcc_image_classification_by_relevance_of_regions/tools/relevance.py:582: RuntimeWarning: More than 20 figures have been opened. Figures created through the pyplot interface (`matplotlib.pyplot.figure`) are retained until explicitly closed and may consume too much memory. (To control this warning, see the rcParam `figure.max_open_warning`). Consider using `matplotlib.pyplot.close()`.
  plt.figure(figsize=(10, 10), dpi=100)
/home/alunos/a2020815/tcc_image_classification_by_relevance_of_regions/tools/relevance.py:582: RuntimeWarning: More than 20 figures have been opened. Figures created through the pyplot interface (`matplotlib.pyplot.figure`) are retained until explicitly closed and may consume too much memory. (To control this warning, see the rcParam `figure.max_open_warning`). Consider using `matplotlib.pyplot.close()`.
  plt.figure(figsize=(10, 10), dpi=100)
/home/alunos/a2020815/tcc_image_classification_by_relevance_of_regions/tools/relevance.py:582: RuntimeWarning: More than 20 figures have been opened. Figures created through the pyplot interface (`matplotlib.pyplot.figure`) are retained until explicitly closed and may consume too much memory. (To control this warning, see the rcParam `figure.max_open_warning`). Consider using `matplotlib.pyplot.close()`.
  plt.figure(figsize=(10, 10), dpi=100)
/home/alunos/a2020815/tcc_image_classification_by_relevance_of_regions/tools/relevance.py:582: RuntimeWarning: More than 20 figures have been opened. Figures created through the pyplot interface (`matplotlib.pyplot.figure`) are retained until explicitly closed and may consume too much memory. (To control this warning, see the rcParam `figure.max_open_warning`). Consider using `matplotlib.pyplot.close()`.
  plt.figure(figsize=(10, 10), dpi=100)
/home/alunos/a2020815/tcc_image_classification_by_relevance_of_regions/tools/relevance.py:582: RuntimeWarning: More than 20 figures have been opened. Figures created through the pyplot interface (`matplotlib.pyplot.figure`) are retained until explicitly closed and may consume too much memory. (To control this warning, see the rcParam `figure.max_open_warning`). Consider using `matplotlib.pyplot.close()`.
  plt.figure(figsize=(10, 10), dpi=100)
/home/alunos/a2020815/tcc_image_classification_by_relevance_of_regions/tools/relevance.py:582: RuntimeWarning: More than 20 figures have been opened. Figures created through the pyplot interface (`matplotlib.pyplot.figure`) are retained until explicitly closed and may consume too much memory. (To control this warning, see the rcParam `figure.max_open_warning`). Consider using `matplotlib.pyplot.close()`.
  plt.figure(figsize=(10, 10), dpi=100)
/home/alunos/a2020815/tcc_image_classification_by_relevance_of_regions/tools/relevance.py:582: RuntimeWarning: More than 20 figures have been opened. Figures created through the pyplot interface (`matplotlib.pyplot.figure`) are retained until explicitly closed and may consume too much memory. (To control this warning, see the rcParam `figure.max_open_warning`). Consider using `matplotlib.pyplot.close()`.
  plt.figure(figsize=(10, 10), dpi=100)
/home/alunos/a2020815/tcc_image_classification_by_relevance_of_regions/tools/relevance.py:582: RuntimeWarning: More than 20 figures have been opened. Figures created through the pyplot interface (`matplotlib.pyplot.figure`) are retained until explicitly closed and may consume too much memory. (To control this warning, see the rcParam `figure.max_open_warning`). Consider using `matplotlib.pyplot.close()`.
  plt.figure(figsize=(10, 10), dpi=100)
/home/alunos/a2020815/tcc_image_classification_by_relevance_of_regions/tools/relevance.py:582: RuntimeWarning: More than 20 figures have been opened. Figures created through the pyplot interface (`matplotlib.pyplot.figure`) are retained until explicitly closed and may consume too much memory. (To control this warning, see the rcParam `figure.max_open_warning`). Consider using `matplotlib.pyplot.close()`.
  plt.figure(figsize=(10, 10), dpi=100)
/home/alunos/a2020815/tcc_image_classification_by_relevance_of_regions/tools/relevance.py:582: RuntimeWarning: More than 20 figures have been opened. Figures created through the pyplot interface (`matplotlib.pyplot.figure`) are retained until explicitly closed and may consume too much memory. (To control this warning, see the rcParam `figure.max_open_warning`). Consider using `matplotlib.pyplot.close()`.
  plt.figure(figsize=(10, 10), dpi=100)
/home/alunos/a2020815/tcc_image_classification_by_relevance_of_regions/tools/relevance.py:582: RuntimeWarning: More than 20 figures have been opened. Figures created through the pyplot interface (`matplotlib.pyplot.figure`) are retained until explicitly closed and may consume too much memory. (To control this warning, see the rcParam `figure.max_open_warning`). Consider using `matplotlib.pyplot.close()`.
  plt.figure(figsize=(10, 10), dpi=100)
/home/alunos/a2020815/tcc_image_classification_by_relevance_of_regions/tools/relevance.py:582: RuntimeWarning: More than 20 figures have been opened. Figures created through the pyplot interface (`matplotlib.pyplot.figure`) are retained until explicitly closed and may consume too much memory. (To control this warning, see the rcParam `figure.max_open_warning`). Consider using `matplotlib.pyplot.close()`.
  plt.figure(figsize=(10, 10), dpi=100)
/home/alunos/a2020815/tcc_image_classification_by_relevance_of_regions/tools/relevance.py:582: RuntimeWarning: More than 20 figures have been opened. Figures created through the pyplot interface (`matplotlib.pyplot.figure`) are retained until explicitly closed and may consume too much memory. (To control this warning, see the rcParam `figure.max_open_warning`). Consider using `matplotlib.pyplot.close()`.
  plt.figure(figsize=(10, 10), dpi=100)
/home/alunos/a2020815/tcc_image_classification_by_relevance_of_regions/tools/relevance.py:582: RuntimeWarning: More than 20 figures have been opened. Figures created through the pyplot interface (`matplotlib.pyplot.figure`) are retained until explicitly closed and may consume too much memory. (To control this warning, see the rcParam `figure.max_open_warning`). Consider using `matplotlib.pyplot.close()`.
  plt.figure(figsize=(10, 10), dpi=100)
/home/alunos/a2020815/tcc_image_classification_by_relevance_of_regions/tools/relevance.py:582: RuntimeWarning: More than 20 figures have been opened. Figures created through the pyplot interface (`matplotlib.pyplot.figure`) are retained until explicitly closed and may consume too much memory. (To control this warning, see the rcParam `figure.max_open_warning`). Consider using `matplotlib.pyplot.close()`.
  plt.figure(figsize=(10, 10), dpi=100)
/home/alunos/a2020815/tcc_image_classification_by_relevance_of_regions/tools/relevance.py:582: RuntimeWarning: More than 20 figures have been opened. Figures created through the pyplot interface (`matplotlib.pyplot.figure`) are retained until explicitly closed and may consume too much memory. (To control this warning, see the rcParam `figure.max_open_warning`). Consider using `matplotlib.pyplot.close()`.
  plt.figure(figsize=(10, 10), dpi=100)
/home/alunos/a2020815/tcc_image_classification_by_relevance_of_regions/tools/relevance.py:582: RuntimeWarning: More than 20 figures have been opened. Figures created through the pyplot interface (`matplotlib.pyplot.figure`) are retained until explicitly closed and may consume too much memory. (To control this warning, see the rcParam `figure.max_open_warning`). Consider using `matplotlib.pyplot.close()`.
  plt.figure(figsize=(10, 10), dpi=100)
/home/alunos/a2020815/tcc_image_classification_by_relevance_of_regions/tools/relevance.py:582: RuntimeWarning: More than 20 figures have been opened. Figures created through the pyplot interface (`matplotlib.pyplot.figure`) are retained until explicitly closed and may consume too much memory. (To control this warning, see the rcParam `figure.max_open_warning`). Consider using `matplotlib.pyplot.close()`.
  plt.figure(figsize=(10, 10), dpi=100)
/home/alunos/a2020815/tcc_image_classification_by_relevance_of_regions/tools/relevance.py:582: RuntimeWarning: More than 20 figures have been opened. Figures created through the pyplot interface (`matplotlib.pyplot.figure`) are retained until explicitly closed and may consume too much memory. (To control this warning, see the rcParam `figure.max_open_warning`). Consider using `matplotlib.pyplot.close()`.
  plt.figure(figsize=(10, 10), dpi=100)
/home/alunos/a2020815/tcc_image_classification_by_relevance_of_regions/tools/relevance.py:582: RuntimeWarning: More than 20 figures have been opened. Figures created through the pyplot interface (`matplotlib.pyplot.figure`) are retained until explicitly closed and may consume too much memory. (To control this warning, see the rcParam `figure.max_open_warning`). Consider using `matplotlib.pyplot.close()`.
  plt.figure(figsize=(10, 10), dpi=100)
/home/alunos/a2020815/tcc_image_classification_by_relevance_of_regions/tools/relevance.py:582: RuntimeWarning: More than 20 figures have been opened. Figures created through the pyplot interface (`matplotlib.pyplot.figure`) are retained until explicitly closed and may consume too much memory. (To control this warning, see the rcParam `figure.max_open_warning`). Consider using `matplotlib.pyplot.close()`.
  plt.figure(figsize=(10, 10), dpi=100)
/home/alunos/a2020815/tcc_image_classification_by_relevance_of_regions/tools/relevance.py:582: RuntimeWarning: More than 20 figures have been opened. Figures created through the pyplot interface (`matplotlib.pyplot.figure`) are retained until explicitly closed and may consume too much memory. (To control this warning, see the rcParam `figure.max_open_warning`). Consider using `matplotlib.pyplot.close()`.
  plt.figure(figsize=(10, 10), dpi=100)
/home/alunos/a2020815/tcc_image_classification_by_relevance_of_regions/tools/relevance.py:582: RuntimeWarning: More than 20 figures have been opened. Figures created through the pyplot interface (`matplotlib.pyplot.figure`) are retained until explicitly closed and may consume too much memory. (To control this warning, see the rcParam `figure.max_open_warning`). Consider using `matplotlib.pyplot.close()`.
  plt.figure(figsize=(10, 10), dpi=100)
/home/alunos/a2020815/tcc_image_classification_by_relevance_of_regions/tools/relevance.py:582: RuntimeWarning: More than 20 figures have been opened. Figures created through the pyplot interface (`matplotlib.pyplot.figure`) are retained until explicitly closed and may consume too much memory. (To control this warning, see the rcParam `figure.max_open_warning`). Consider using `matplotlib.pyplot.close()`.
  plt.figure(figsize=(10, 10), dpi=100)
/home/alunos/a2020815/tcc_image_classification_by_relevance_of_regions/tools/relevance.py:582: RuntimeWarning: More than 20 figures have been opened. Figures created through the pyplot interface (`matplotlib.pyplot.figure`) are retained until explicitly closed and may consume too much memory. (To control this warning, see the rcParam `figure.max_open_warning`). Consider using `matplotlib.pyplot.close()`.
  plt.figure(figsize=(10, 10), dpi=100)
/home/alunos/a2020815/tcc_image_classification_by_relevance_of_regions/tools/relevance.py:582: RuntimeWarning: More than 20 figures have been opened. Figures created through the pyplot interface (`matplotlib.pyplot.figure`) are retained until explicitly closed and may consume too much memory. (To control this warning, see the rcParam `figure.max_open_warning`). Consider using `matplotlib.pyplot.close()`.
  plt.figure(figsize=(10, 10), dpi=100)
/home/alunos/a2020815/tcc_image_classification_by_relevance_of_regions/tools/relevance.py:582: RuntimeWarning: More than 20 figures have been opened. Figures created through the pyplot interface (`matplotlib.pyplot.figure`) are retained until explicitly closed and may consume too much memory. (To control this warning, see the rcParam `figure.max_open_warning`). Consider using `matplotlib.pyplot.close()`.
  plt.figure(figsize=(10, 10), dpi=100)
/home/alunos/a2020815/tcc_image_classification_by_relevance_of_regions/tools/relevance.py:582: RuntimeWarning: More than 20 figures have been opened. Figures created through the pyplot interface (`matplotlib.pyplot.figure`) are retained until explicitly closed and may consume too much memory. (To control this warning, see the rcParam `figure.max_open_warning`). Consider using `matplotlib.pyplot.close()`.
  plt.figure(figsize=(10, 10), dpi=100)
/home/alunos/a2020815/tcc_image_classification_by_relevance_of_regions/tools/relevance.py:582: RuntimeWarning: More than 20 figures have been opened. Figures created through the pyplot interface (`matplotlib.pyplot.figure`) are retained until explicitly closed and may consume too much memory. (To control this warning, see the rcParam `figure.max_open_warning`). Consider using `matplotlib.pyplot.close()`.
  plt.figure(figsize=(10, 10), dpi=100)
/home/alunos/a2020815/tcc_image_classification_by_relevance_of_regions/tools/relevance.py:582: RuntimeWarning: More than 20 figures have been opened. Figures created through the pyplot interface (`matplotlib.pyplot.figure`) are retained until explicitly closed and may consume too much memory. (To control this warning, see the rcParam `figure.max_open_warning`). Consider using `matplotlib.pyplot.close()`.
  plt.figure(figsize=(10, 10), dpi=100)
/home/alunos/a2020815/tcc_image_classification_by_relevance_of_regions/tools/relevance.py:582: RuntimeWarning: More than 20 figures have been opened. Figures created through the pyplot interface (`matplotlib.pyplot.figure`) are retained until explicitly closed and may consume too much memory. (To control this warning, see the rcParam `figure.max_open_warning`). Consider using `matplotlib.pyplot.close()`.
  plt.figure(figsize=(10, 10), dpi=100)
/home/alunos/a2020815/tcc_image_classification_by_relevance_of_regions/tools/relevance.py:582: RuntimeWarning: More than 20 figures have been opened. Figures created through the pyplot interface (`matplotlib.pyplot.figure`) are retained until explicitly closed and may consume too much memory. (To control this warning, see the rcParam `figure.max_open_warning`). Consider using `matplotlib.pyplot.close()`.
  plt.figure(figsize=(10, 10), dpi=100)
/home/alunos/a2020815/tcc_image_classification_by_relevance_of_regions/tools/relevance.py:582: RuntimeWarning: More than 20 figures have been opened. Figures created through the pyplot interface (`matplotlib.pyplot.figure`) are retained until explicitly closed and may consume too much memory. (To control this warning, see the rcParam `figure.max_open_warning`). Consider using `matplotlib.pyplot.close()`.
  plt.figure(figsize=(10, 10), dpi=100)
/home/alunos/a2020815/tcc_image_classification_by_relevance_of_regions/tools/relevance.py:582: RuntimeWarning: More than 20 figures have been opened. Figures created through the pyplot interface (`matplotlib.pyplot.figure`) are retained until explicitly closed and may consume too much memory. (To control this warning, see the rcParam `figure.max_open_warning`). Consider using `matplotlib.pyplot.close()`.
  plt.figure(figsize=(10, 10), dpi=100)
/home/alunos/a2020815/tcc_image_classification_by_relevance_of_regions/tools/relevance.py:582: RuntimeWarning: More than 20 figures have been opened. Figures created through the pyplot interface (`matplotlib.pyplot.figure`) are retained until explicitly closed and may consume too much memory. (To control this warning, see the rcParam `figure.max_open_warning`). Consider using `matplotlib.pyplot.close()`.
  plt.figure(figsize=(10, 10), dpi=100)
/home/alunos/a2020815/tcc_image_classification_by_relevance_of_regions/tools/relevance.py:582: RuntimeWarning: More than 20 figures have been opened. Figures created through the pyplot interface (`matplotlib.pyplot.figure`) are retained until explicitly closed and may consume too much memory. (To control this warning, see the rcParam `figure.max_open_warning`). Consider using `matplotlib.pyplot.close()`.
  plt.figure(figsize=(10, 10), dpi=100)
/home/alunos/a2020815/tcc_image_classification_by_relevance_of_regions/tools/relevance.py:582: RuntimeWarning: More than 20 figures have been opened. Figures created through the pyplot interface (`matplotlib.pyplot.figure`) are retained until explicitly closed and may consume too much memory. (To control this warning, see the rcParam `figure.max_open_warning`). Consider using `matplotlib.pyplot.close()`.
  plt.figure(figsize=(10, 10), dpi=100)
/home/alunos/a2020815/tcc_image_classification_by_relevance_of_regions/tools/relevance.py:582: RuntimeWarning: More than 20 figures have been opened. Figures created through the pyplot interface (`matplotlib.pyplot.figure`) are retained until explicitly closed and may consume too much memory. (To control this warning, see the rcParam `figure.max_open_warning`). Consider using `matplotlib.pyplot.close()`.
  plt.figure(figsize=(10, 10), dpi=100)
/home/alunos/a2020815/tcc_image_classification_by_relevance_of_regions/tools/relevance.py:582: RuntimeWarning: More than 20 figures have been opened. Figures created through the pyplot interface (`matplotlib.pyplot.figure`) are retained until explicitly closed and may consume too much memory. (To control this warning, see the rcParam `figure.max_open_warning`). Consider using `matplotlib.pyplot.close()`.
  plt.figure(figsize=(10, 10), dpi=100)
/home/alunos/a2020815/tcc_image_classification_by_relevance_of_regions/tools/relevance.py:582: RuntimeWarning: More than 20 figures have been opened. Figures created through the pyplot interface (`matplotlib.pyplot.figure`) are retained until explicitly closed and may consume too much memory. (To control this warning, see the rcParam `figure.max_open_warning`). Consider using `matplotlib.pyplot.close()`.
  plt.figure(figsize=(10, 10), dpi=100)
/home/alunos/a2020815/tcc_image_classification_by_relevance_of_regions/tools/relevance.py:582: RuntimeWarning: More than 20 figures have been opened. Figures created through the pyplot interface (`matplotlib.pyplot.figure`) are retained until explicitly closed and may consume too much memory. (To control this warning, see the rcParam `figure.max_open_warning`). Consider using `matplotlib.pyplot.close()`.
  plt.figure(figsize=(10, 10), dpi=100)
/home/alunos/a2020815/tcc_image_classification_by_relevance_of_regions/tools/relevance.py:582: RuntimeWarning: More than 20 figures have been opened. Figures created through the pyplot interface (`matplotlib.pyplot.figure`) are retained until explicitly closed and may consume too much memory. (To control this warning, see the rcParam `figure.max_open_warning`). Consider using `matplotlib.pyplot.close()`.
  plt.figure(figsize=(10, 10), dpi=100)
/home/alunos/a2020815/tcc_image_classification_by_relevance_of_regions/tools/relevance.py:582: RuntimeWarning: More than 20 figures have been opened. Figures created through the pyplot interface (`matplotlib.pyplot.figure`) are retained until explicitly closed and may consume too much memory. (To control this warning, see the rcParam `figure.max_open_warning`). Consider using `matplotlib.pyplot.close()`.
  plt.figure(figsize=(10, 10), dpi=100)
/home/alunos/a2020815/tcc_image_classification_by_relevance_of_regions/tools/relevance.py:582: RuntimeWarning: More than 20 figures have been opened. Figures created through the pyplot interface (`matplotlib.pyplot.figure`) are retained until explicitly closed and may consume too much memory. (To control this warning, see the rcParam `figure.max_open_warning`). Consider using `matplotlib.pyplot.close()`.
  plt.figure(figsize=(10, 10), dpi=100)
/home/alunos/a2020815/tcc_image_classification_by_relevance_of_regions/tools/relevance.py:582: RuntimeWarning: More than 20 figures have been opened. Figures created through the pyplot interface (`matplotlib.pyplot.figure`) are retained until explicitly closed and may consume too much memory. (To control this warning, see the rcParam `figure.max_open_warning`). Consider using `matplotlib.pyplot.close()`.
  plt.figure(figsize=(10, 10), dpi=100)
/home/alunos/a2020815/tcc_image_classification_by_relevance_of_regions/tools/relevance.py:582: RuntimeWarning: More than 20 figures have been opened. Figures created through the pyplot interface (`matplotlib.pyplot.figure`) are retained until explicitly closed and may consume too much memory. (To control this warning, see the rcParam `figure.max_open_warning`). Consider using `matplotlib.pyplot.close()`.
  plt.figure(figsize=(10, 10), dpi=100)
/home/alunos/a2020815/tcc_image_classification_by_relevance_of_regions/tools/relevance.py:582: RuntimeWarning: More than 20 figures have been opened. Figures created through the pyplot interface (`matplotlib.pyplot.figure`) are retained until explicitly closed and may consume too much memory. (To control this warning, see the rcParam `figure.max_open_warning`). Consider using `matplotlib.pyplot.close()`.
  plt.figure(figsize=(10, 10), dpi=100)
/home/alunos/a2020815/tcc_image_classification_by_relevance_of_regions/tools/relevance.py:582: RuntimeWarning: More than 20 figures have been opened. Figures created through the pyplot interface (`matplotlib.pyplot.figure`) are retained until explicitly closed and may consume too much memory. (To control this warning, see the rcParam `figure.max_open_warning`). Consider using `matplotlib.pyplot.close()`.
  plt.figure(figsize=(10, 10), dpi=100)
/home/alunos/a2020815/tcc_image_classification_by_relevance_of_regions/tools/relevance.py:582: RuntimeWarning: More than 20 figures have been opened. Figures created through the pyplot interface (`matplotlib.pyplot.figure`) are retained until explicitly closed and may consume too much memory. (To control this warning, see the rcParam `figure.max_open_warning`). Consider using `matplotlib.pyplot.close()`.
  plt.figure(figsize=(10, 10), dpi=100)
/home/alunos/a2020815/tcc_image_classification_by_relevance_of_regions/tools/relevance.py:582: RuntimeWarning: More than 20 figures have been opened. Figures created through the pyplot interface (`matplotlib.pyplot.figure`) are retained until explicitly closed and may consume too much memory. (To control this warning, see the rcParam `figure.max_open_warning`). Consider using `matplotlib.pyplot.close()`.
  plt.figure(figsize=(10, 10), dpi=100)
/home/alunos/a2020815/tcc_image_classification_by_relevance_of_regions/tools/relevance.py:582: RuntimeWarning: More than 20 figures have been opened. Figures created through the pyplot interface (`matplotlib.pyplot.figure`) are retained until explicitly closed and may consume too much memory. (To control this warning, see the rcParam `figure.max_open_warning`). Consider using `matplotlib.pyplot.close()`.
  plt.figure(figsize=(10, 10), dpi=100)
/home/alunos/a2020815/tcc_image_classification_by_relevance_of_regions/tools/relevance.py:582: RuntimeWarning: More than 20 figures have been opened. Figures created through the pyplot interface (`matplotlib.pyplot.figure`) are retained until explicitly closed and may consume too much memory. (To control this warning, see the rcParam `figure.max_open_warning`). Consider using `matplotlib.pyplot.close()`.
  plt.figure(figsize=(10, 10), dpi=100)
/home/alunos/a2020815/tcc_image_classification_by_relevance_of_regions/tools/relevance.py:582: RuntimeWarning: More than 20 figures have been opened. Figures created through the pyplot interface (`matplotlib.pyplot.figure`) are retained until explicitly closed and may consume too much memory. (To control this warning, see the rcParam `figure.max_open_warning`). Consider using `matplotlib.pyplot.close()`.
  plt.figure(figsize=(10, 10), dpi=100)
/home/alunos/a2020815/tcc_image_classification_by_relevance_of_regions/tools/relevance.py:582: RuntimeWarning: More than 20 figures have been opened. Figures created through the pyplot interface (`matplotlib.pyplot.figure`) are retained until explicitly closed and may consume too much memory. (To control this warning, see the rcParam `figure.max_open_warning`). Consider using `matplotlib.pyplot.close()`.
  plt.figure(figsize=(10, 10), dpi=100)
/home/alunos/a2020815/tcc_image_classification_by_relevance_of_regions/tools/relevance.py:582: RuntimeWarning: More than 20 figures have been opened. Figures created through the pyplot interface (`matplotlib.pyplot.figure`) are retained until explicitly closed and may consume too much memory. (To control this warning, see the rcParam `figure.max_open_warning`). Consider using `matplotlib.pyplot.close()`.
  plt.figure(figsize=(10, 10), dpi=100)
/home/alunos/a2020815/tcc_image_classification_by_relevance_of_regions/tools/relevance.py:582: RuntimeWarning: More than 20 figures have been opened. Figures created through the pyplot interface (`matplotlib.pyplot.figure`) are retained until explicitly closed and may consume too much memory. (To control this warning, see the rcParam `figure.max_open_warning`). Consider using `matplotlib.pyplot.close()`.
  plt.figure(figsize=(10, 10), dpi=100)
/home/alunos/a2020815/tcc_image_classification_by_relevance_of_regions/tools/relevance.py:582: RuntimeWarning: More than 20 figures have been opened. Figures created through the pyplot interface (`matplotlib.pyplot.figure`) are retained until explicitly closed and may consume too much memory. (To control this warning, see the rcParam `figure.max_open_warning`). Consider using `matplotlib.pyplot.close()`.
  plt.figure(figsize=(10, 10), dpi=100)
/home/alunos/a2020815/tcc_image_classification_by_relevance_of_regions/tools/relevance.py:582: RuntimeWarning: More than 20 figures have been opened. Figures created through the pyplot interface (`matplotlib.pyplot.figure`) are retained until explicitly closed and may consume too much memory. (To control this warning, see the rcParam `figure.max_open_warning`). Consider using `matplotlib.pyplot.close()`.
  plt.figure(figsize=(10, 10), dpi=100)
/home/alunos/a2020815/tcc_image_classification_by_relevance_of_regions/tools/relevance.py:582: RuntimeWarning: More than 20 figures have been opened. Figures created through the pyplot interface (`matplotlib.pyplot.figure`) are retained until explicitly closed and may consume too much memory. (To control this warning, see the rcParam `figure.max_open_warning`). Consider using `matplotlib.pyplot.close()`.
  plt.figure(figsize=(10, 10), dpi=100)
/home/alunos/a2020815/tcc_image_classification_by_relevance_of_regions/tools/relevance.py:582: RuntimeWarning: More than 20 figures have been opened. Figures created through the pyplot interface (`matplotlib.pyplot.figure`) are retained until explicitly closed and may consume too much memory. (To control this warning, see the rcParam `figure.max_open_warning`). Consider using `matplotlib.pyplot.close()`.
  plt.figure(figsize=(10, 10), dpi=100)
/home/alunos/a2020815/tcc_image_classification_by_relevance_of_regions/tools/relevance.py:582: RuntimeWarning: More than 20 figures have been opened. Figures created through the pyplot interface (`matplotlib.pyplot.figure`) are retained until explicitly closed and may consume too much memory. (To control this warning, see the rcParam `figure.max_open_warning`). Consider using `matplotlib.pyplot.close()`.
  plt.figure(figsize=(10, 10), dpi=100)
/home/alunos/a2020815/tcc_image_classification_by_relevance_of_regions/tools/relevance.py:582: RuntimeWarning: More than 20 figures have been opened. Figures created through the pyplot interface (`matplotlib.pyplot.figure`) are retained until explicitly closed and may consume too much memory. (To control this warning, see the rcParam `figure.max_open_warning`). Consider using `matplotlib.pyplot.close()`.
  plt.figure(figsize=(10, 10), dpi=100)
/home/alunos/a2020815/tcc_image_classification_by_relevance_of_regions/tools/relevance.py:582: RuntimeWarning: More than 20 figures have been opened. Figures created through the pyplot interface (`matplotlib.pyplot.figure`) are retained until explicitly closed and may consume too much memory. (To control this warning, see the rcParam `figure.max_open_warning`). Consider using `matplotlib.pyplot.close()`.
  plt.figure(figsize=(10, 10), dpi=100)
/home/alunos/a2020815/tcc_image_classification_by_relevance_of_regions/tools/relevance.py:582: RuntimeWarning: More than 20 figures have been opened. Figures created through the pyplot interface (`matplotlib.pyplot.figure`) are retained until explicitly closed and may consume too much memory. (To control this warning, see the rcParam `figure.max_open_warning`). Consider using `matplotlib.pyplot.close()`.
  plt.figure(figsize=(10, 10), dpi=100)
/home/alunos/a2020815/tcc_image_classification_by_relevance_of_regions/tools/relevance.py:582: RuntimeWarning: More than 20 figures have been opened. Figures created through the pyplot interface (`matplotlib.pyplot.figure`) are retained until explicitly closed and may consume too much memory. (To control this warning, see the rcParam `figure.max_open_warning`). Consider using `matplotlib.pyplot.close()`.
  plt.figure(figsize=(10, 10), dpi=100)
/home/alunos/a2020815/tcc_image_classification_by_relevance_of_regions/tools/relevance.py:582: RuntimeWarning: More than 20 figures have been opened. Figures created through the pyplot interface (`matplotlib.pyplot.figure`) are retained until explicitly closed and may consume too much memory. (To control this warning, see the rcParam `figure.max_open_warning`). Consider using `matplotlib.pyplot.close()`.
  plt.figure(figsize=(10, 10), dpi=100)
/home/alunos/a2020815/tcc_image_classification_by_relevance_of_regions/tools/relevance.py:582: RuntimeWarning: More than 20 figures have been opened. Figures created through the pyplot interface (`matplotlib.pyplot.figure`) are retained until explicitly closed and may consume too much memory. (To control this warning, see the rcParam `figure.max_open_warning`). Consider using `matplotlib.pyplot.close()`.
  plt.figure(figsize=(10, 10), dpi=100)
/home/alunos/a2020815/tcc_image_classification_by_relevance_of_regions/tools/relevance.py:582: RuntimeWarning: More than 20 figures have been opened. Figures created through the pyplot interface (`matplotlib.pyplot.figure`) are retained until explicitly closed and may consume too much memory. (To control this warning, see the rcParam `figure.max_open_warning`). Consider using `matplotlib.pyplot.close()`.
  plt.figure(figsize=(10, 10), dpi=100)
/home/alunos/a2020815/tcc_image_classification_by_relevance_of_regions/tools/relevance.py:582: RuntimeWarning: More than 20 figures have been opened. Figures created through the pyplot interface (`matplotlib.pyplot.figure`) are retained until explicitly closed and may consume too much memory. (To control this warning, see the rcParam `figure.max_open_warning`). Consider using `matplotlib.pyplot.close()`.
  plt.figure(figsize=(10, 10), dpi=100)
/home/alunos/a2020815/tcc_image_classification_by_relevance_of_regions/tools/relevance.py:582: RuntimeWarning: More than 20 figures have been opened. Figures created through the pyplot interface (`matplotlib.pyplot.figure`) are retained until explicitly closed and may consume too much memory. (To control this warning, see the rcParam `figure.max_open_warning`). Consider using `matplotlib.pyplot.close()`.
  plt.figure(figsize=(10, 10), dpi=100)
/home/alunos/a2020815/tcc_image_classification_by_relevance_of_regions/tools/relevance.py:582: RuntimeWarning: More than 20 figures have been opened. Figures created through the pyplot interface (`matplotlib.pyplot.figure`) are retained until explicitly closed and may consume too much memory. (To control this warning, see the rcParam `figure.max_open_warning`). Consider using `matplotlib.pyplot.close()`.
  plt.figure(figsize=(10, 10), dpi=100)
/home/alunos/a2020815/tcc_image_classification_by_relevance_of_regions/tools/relevance.py:582: RuntimeWarning: More than 20 figures have been opened. Figures created through the pyplot interface (`matplotlib.pyplot.figure`) are retained until explicitly closed and may consume too much memory. (To control this warning, see the rcParam `figure.max_open_warning`). Consider using `matplotlib.pyplot.close()`.
  plt.figure(figsize=(10, 10), dpi=100)
/home/alunos/a2020815/tcc_image_classification_by_relevance_of_regions/tools/relevance.py:582: RuntimeWarning: More than 20 figures have been opened. Figures created through the pyplot interface (`matplotlib.pyplot.figure`) are retained until explicitly closed and may consume too much memory. (To control this warning, see the rcParam `figure.max_open_warning`). Consider using `matplotlib.pyplot.close()`.
  plt.figure(figsize=(10, 10), dpi=100)
/home/alunos/a2020815/tcc_image_classification_by_relevance_of_regions/tools/relevance.py:582: RuntimeWarning: More than 20 figures have been opened. Figures created through the pyplot interface (`matplotlib.pyplot.figure`) are retained until explicitly closed and may consume too much memory. (To control this warning, see the rcParam `figure.max_open_warning`). Consider using `matplotlib.pyplot.close()`.
  plt.figure(figsize=(10, 10), dpi=100)
/home/alunos/a2020815/tcc_image_classification_by_relevance_of_regions/tools/relevance.py:582: RuntimeWarning: More than 20 figures have been opened. Figures created through the pyplot interface (`matplotlib.pyplot.figure`) are retained until explicitly closed and may consume too much memory. (To control this warning, see the rcParam `figure.max_open_warning`). Consider using `matplotlib.pyplot.close()`.
  plt.figure(figsize=(10, 10), dpi=100)
/home/alunos/a2020815/tcc_image_classification_by_relevance_of_regions/tools/relevance.py:582: RuntimeWarning: More than 20 figures have been opened. Figures created through the pyplot interface (`matplotlib.pyplot.figure`) are retained until explicitly closed and may consume too much memory. (To control this warning, see the rcParam `figure.max_open_warning`). Consider using `matplotlib.pyplot.close()`.
  plt.figure(figsize=(10, 10), dpi=100)
/home/alunos/a2020815/tcc_image_classification_by_relevance_of_regions/tools/relevance.py:582: RuntimeWarning: More than 20 figures have been opened. Figures created through the pyplot interface (`matplotlib.pyplot.figure`) are retained until explicitly closed and may consume too much memory. (To control this warning, see the rcParam `figure.max_open_warning`). Consider using `matplotlib.pyplot.close()`.
  plt.figure(figsize=(10, 10), dpi=100)
/home/alunos/a2020815/tcc_image_classification_by_relevance_of_regions/tools/relevance.py:582: RuntimeWarning: More than 20 figures have been opened. Figures created through the pyplot interface (`matplotlib.pyplot.figure`) are retained until explicitly closed and may consume too much memory. (To control this warning, see the rcParam `figure.max_open_warning`). Consider using `matplotlib.pyplot.close()`.
  plt.figure(figsize=(10, 10), dpi=100)
/home/alunos/a2020815/tcc_image_classification_by_relevance_of_regions/tools/relevance.py:582: RuntimeWarning: More than 20 figures have been opened. Figures created through the pyplot interface (`matplotlib.pyplot.figure`) are retained until explicitly closed and may consume too much memory. (To control this warning, see the rcParam `figure.max_open_warning`). Consider using `matplotlib.pyplot.close()`.
  plt.figure(figsize=(10, 10), dpi=100)
/home/alunos/a2020815/tcc_image_classification_by_relevance_of_regions/tools/relevance.py:582: RuntimeWarning: More than 20 figures have been opened. Figures created through the pyplot interface (`matplotlib.pyplot.figure`) are retained until explicitly closed and may consume too much memory. (To control this warning, see the rcParam `figure.max_open_warning`). Consider using `matplotlib.pyplot.close()`.
  plt.figure(figsize=(10, 10), dpi=100)
/home/alunos/a2020815/tcc_image_classification_by_relevance_of_regions/tools/relevance.py:582: RuntimeWarning: More than 20 figures have been opened. Figures created through the pyplot interface (`matplotlib.pyplot.figure`) are retained until explicitly closed and may consume too much memory. (To control this warning, see the rcParam `figure.max_open_warning`). Consider using `matplotlib.pyplot.close()`.
  plt.figure(figsize=(10, 10), dpi=100)
/home/alunos/a2020815/tcc_image_classification_by_relevance_of_regions/tools/relevance.py:582: RuntimeWarning: More than 20 figures have been opened. Figures created through the pyplot interface (`matplotlib.pyplot.figure`) are retained until explicitly closed and may consume too much memory. (To control this warning, see the rcParam `figure.max_open_warning`). Consider using `matplotlib.pyplot.close()`.
  plt.figure(figsize=(10, 10), dpi=100)
/home/alunos/a2020815/tcc_image_classification_by_relevance_of_regions/tools/relevance.py:582: RuntimeWarning: More than 20 figures have been opened. Figures created through the pyplot interface (`matplotlib.pyplot.figure`) are retained until explicitly closed and may consume too much memory. (To control this warning, see the rcParam `figure.max_open_warning`). Consider using `matplotlib.pyplot.close()`.
  plt.figure(figsize=(10, 10), dpi=100)
/home/alunos/a2020815/tcc_image_classification_by_relevance_of_regions/tools/relevance.py:582: RuntimeWarning: More than 20 figures have been opened. Figures created through the pyplot interface (`matplotlib.pyplot.figure`) are retained until explicitly closed and may consume too much memory. (To control this warning, see the rcParam `figure.max_open_warning`). Consider using `matplotlib.pyplot.close()`.
  plt.figure(figsize=(10, 10), dpi=100)
/home/alunos/a2020815/tcc_image_classification_by_relevance_of_regions/tools/relevance.py:582: RuntimeWarning: More than 20 figures have been opened. Figures created through the pyplot interface (`matplotlib.pyplot.figure`) are retained until explicitly closed and may consume too much memory. (To control this warning, see the rcParam `figure.max_open_warning`). Consider using `matplotlib.pyplot.close()`.
  plt.figure(figsize=(10, 10), dpi=100)
/home/alunos/a2020815/tcc_image_classification_by_relevance_of_regions/tools/relevance.py:582: RuntimeWarning: More than 20 figures have been opened. Figures created through the pyplot interface (`matplotlib.pyplot.figure`) are retained until explicitly closed and may consume too much memory. (To control this warning, see the rcParam `figure.max_open_warning`). Consider using `matplotlib.pyplot.close()`.
  plt.figure(figsize=(10, 10), dpi=100)
/home/alunos/a2020815/tcc_image_classification_by_relevance_of_regions/tools/relevance.py:582: RuntimeWarning: More than 20 figures have been opened. Figures created through the pyplot interface (`matplotlib.pyplot.figure`) are retained until explicitly closed and may consume too much memory. (To control this warning, see the rcParam `figure.max_open_warning`). Consider using `matplotlib.pyplot.close()`.
  plt.figure(figsize=(10, 10), dpi=100)
/home/alunos/a2020815/tcc_image_classification_by_relevance_of_regions/tools/relevance.py:582: RuntimeWarning: More than 20 figures have been opened. Figures created through the pyplot interface (`matplotlib.pyplot.figure`) are retained until explicitly closed and may consume too much memory. (To control this warning, see the rcParam `figure.max_open_warning`). Consider using `matplotlib.pyplot.close()`.
  plt.figure(figsize=(10, 10), dpi=100)
 {'rf__class_weight': 'balanced_subsample', 'rf__criterion': 'gini', 'rf__max_depth': None, 'rf__max_features': 'sqrt', 'rf__max_samples': None, 'rf__min_samples_leaf': 3, 'rf__min_samples_split': 2, 'rf__n_estimators': 100}
Melhores parâmetros: {'rf__class_weight': 'balanced_subsample', 'rf__criterion': 'entropy', 'rf__max_depth': None, 'rf__max_features': 'sqrt', 'rf__max_samples': None, 'rf__min_samples_leaf': 3, 'rf__min_samples_split': 16, 'rf__n_estimators': 100}
Melhores parâmetros: {'rf__class_weight': 'balanced_subsample', 'rf__criterion': 'entropy', 'rf__max_depth': None, 'rf__max_features': 'sqrt', 'rf__max_samples': None, 'rf__min_samples_leaf': 3, 'rf__min_samples_split': 16, 'rf__n_estimators': 200}
Melhores parâmetros: {'rf__class_weight': 'balanced_subsample', 'rf__criterion': 'entropy', 'rf__max_depth': None, 'rf__max_features': 'sqrt', 'rf__max_samples': None, 'rf__min_samples_leaf': 3, 'rf__min_samples_split': 16, 'rf__n_estimators': 100}
Melhores parâmetros: {'rf__class_weight': 'balanced_subsample', 'rf__criterion': 'gini', 'rf__max_depth': None, 'rf__max_features': 'sqrt', 'rf__max_samples': None, 'rf__min_samples_leaf': 3, 'rf__min_samples_split': 2, 'rf__n_estimators': 200}
--------------------------------------------------

🎯 Treinando especialista 3/4: lions
=== Iniciando treinamento assistido: RF-GLCM+LPQ-Specialist-lions ===
Validação cruzada: 5 folds
--------------------------------------------------
Melhores parâmetros: {'rf__class_weight': 'balanced_subsample', 'rf__criterion': 'gini', 'rf__max_depth': None, 'rf__max_features': 'sqrt', 'rf__max_samples': None, 'rf__min_samples_leaf': 3, 'rf__min_samples_split': 2, 'rf__n_estimators': 200}
Melhores parâmetros: {'rf__class_weight': 'balanced_subsample', 'rf__criterion': 'entropy', 'rf__max_depth': None, 'rf__max_features': 'sqrt', 'rf__max_samples': None, 'rf__min_samples_leaf': 3, 'rf__min_samples_split': 2, 'rf__n_estimators': 100}
Melhores parâmetros: {'rf__class_weight': None, 'rf__criterion': 'entropy', 'rf__max_depth': None, 'rf__max_features': 'sqrt', 'rf__max_samples': None, 'rf__min_samples_leaf': 3, 'rf__min_samples_split': 16, 'rf__n_estimators': 100}
Melhores parâmetros: {'rf__class_weight': 'balanced_subsample', 'rf__criterion': 'entropy', 'rf__max_depth': None, 'rf__max_features': 'sqrt', 'rf__max_samples': None, 'rf__min_samples_leaf': 3, 'rf__min_samples_split': 16, 'rf__n_estimators': 200}
Melhores parâmetros: {'rf__class_weight': None, 'rf__criterion': 'entropy', 'rf__max_depth': None, 'rf__max_features': 'sqrt', 'rf__max_samples': None, 'rf__min_samples_leaf': 3, 'rf__min_samples_split': 2, 'rf__n_estimators': 200}
--------------------------------------------------

🎯 Treinando especialista 4/4: horses
=== Iniciando treinamento assistido: RF-GLCM+LPQ-Specialist-horses ===
Validação cruzada: 5 folds
--------------------------------------------------
Melhores parâmetros: {'rf__class_weight': 'balanced_subsample', 'rf__criterion': 'gini', 'rf__max_depth': None, 'rf__max_features': 'sqrt', 'rf__max_samples': None, 'rf__min_samples_leaf': 3, 'rf__min_samples_split': 2, 'rf__n_estimators': 100}
Melhores parâmetros: {'rf__class_weight': 'balanced_subsample', 'rf__criterion': 'entropy', 'rf__max_depth': None, 'rf__max_features': 'sqrt', 'rf__max_samples': None, 'rf__min_samples_leaf': 10, 'rf__min_samples_split': 2, 'rf__n_estimators': 200}
Melhores parâmetros: {'rf__class_weight': 'balanced_subsample', 'rf__criterion': 'gini', 'rf__max_depth': 8, 'rf__max_features': 'sqrt', 'rf__max_samples': None, 'rf__min_samples_leaf': 3, 'rf__min_samples_split': 16, 'rf__n_estimators': 100}
Melhores parâmetros: {'rf__class_weight': 'balanced_subsample', 'rf__criterion': 'entropy', 'rf__max_depth': 8, 'rf__max_features': 'sqrt', 'rf__max_samples': None, 'rf__min_samples_leaf': 3, 'rf__min_samples_split': 16, 'rf__n_estimators': 100}
Melhores parâmetros: {'rf__class_weight': 'balanced_subsample', 'rf__criterion': 'gini', 'rf__max_depth': None, 'rf__max_features': 'sqrt', 'rf__max_samples': None, 'rf__min_samples_leaf': 3, 'rf__min_samples_split': 2, 'rf__n_estimators': 200}
--------------------------------------------------

🎉 Treinamento de especialistas RF-GLCM+LPQ concluído!
   ✅ 4 especialistas treinados com sucesso
   📦 Array retornado: raw_probabilities[i] = probabilidades do especialista da classe i
============================================================
----------------------------------------
Métricas RF GLCM+LPQ:
   📊 Acurácia: 87.5000%
   📊 F1: 87.4826%
   📊 Recall: 87.5000%
   📊 Precision: 87.5903%
----------------------------------------
📊 Exportando resultados para CSV: RF_GLCM_LPQ
   📁 Arquivo: results/csv_exports/rf_glcm_lpq_results.csv
   🎯 Imagens: 400 amostras
--------------------------------------------------
   ✅ 400 linhas escritas com sucesso
   💾 Arquivo salvo: results/csv_exports/rf_glcm_lpq_results.csv
==================================================

📊 Calculando relevância LBP+GLCM+LPQ...
🚀 Iniciando treinamento de especialistas RF-LBP+GLCM+LPQ
   📋 4 especialistas para treinar
   🔄 Validação cruzada: 5 folds
------------------------------------------------------------

🎯 Treinando especialista 1/4: dogs
=== Iniciando treinamento assistido: RF-LBP+GLCM+LPQ-Specialist-dogs ===
Validação cruzada: 5 folds
--------------------------------------------------
Melhores parâmetros: {'rf__class_weight': None, 'rf__criterion': 'entropy', 'rf__max_depth': None, 'rf__max_features': 'sqrt', 'rf__max_samples': None, 'rf__min_samples_leaf': 10, 'rf__min_samples_split': 2, 'rf__n_estimators': 200}
Melhores parâmetros: {'rf__class_weight': None, 'rf__criterion': 'entropy', 'rf__max_depth': None, 'rf__max_features': 'sqrt', 'rf__max_samples': None, 'rf__min_samples_leaf': 3, 'rf__min_samples_split': 16, 'rf__n_estimators': 200}
Melhores parâmetros: {'rf__class_weight': 'balanced_subsample', 'rf__criterion': 'entropy', 'rf__max_depth': None, 'rf__max_features': 'sqrt', 'rf__max_samples': None, 'rf__min_samples_leaf': 3, 'rf__min_samples_split': 2, 'rf__n_estimators': 200}
Melhores parâmetros: {'rf__class_weight': None, 'rf__criterion': 'entropy', 'rf__max_depth': None, 'rf__max_features': 'sqrt', 'rf__max_samples': None, 'rf__min_samples_leaf': 3, 'rf__min_samples_split': 2, 'rf__n_estimators': 200}
Melhores parâmetros: {'rf__class_weight': None, 'rf__criterion': 'gini', 'rf__max_depth': None, 'rf__max_features': 'sqrt', 'rf__max_samples': None, 'rf__min_samples_leaf': 3, 'rf__min_samples_split': 2, 'rf__n_estimators': 200}
--------------------------------------------------

🎯 Treinando especialista 2/4: cats
=== Iniciando treinamento assistido: RF-LBP+GLCM+LPQ-Specialist-cats ===
Validação cruzada: 5 folds
--------------------------------------------------
Melhores parâmetros: {'rf__class_weight': 'balanced_subsample', 'rf__criterion': 'entropy', 'rf__max_depth': None, 'rf__max_features': 'sqrt', 'rf__max_samples': None, 'rf__min_samples_leaf': 3, 'rf__min_samples_split': 16, 'rf__n_estimators': 200}
Melhores parâmetros: {'rf__class_weight': 'balanced_subsample', 'rf__criterion': 'entropy', 'rf__max_depth': None, 'rf__max_features': 'sqrt', 'rf__max_samples': None, 'rf__min_samples_leaf': 3, 'rf__min_samples_split': 2, 'rf__n_estimators': 200}
Melhores parâmetros: {'rf__class_weight': 'balanced_subsample', 'rf__criterion': 'gini', 'rf__max_depth': None, 'rf__max_features': 'sqrt', 'rf__max_samples': None, 'rf__min_samples_leaf': 3, 'rf__min_samples_split': 2, 'rf__n_estimators': 200}
Melhores parâmetros: {'rf__class_weight': 'balanced_subsample', 'rf__criterion': 'gini', 'rf__max_depth': None, 'rf__max_features': 'sqrt', 'rf__max_samples': None, 'rf__min_samples_leaf': 3, 'rf__min_samples_split': 2, 'rf__n_estimators': 200}
Melhores parâmetros: {'rf__class_weight': 'balanced_subsample', 'rf__criterion': 'entropy', 'rf__max_depth': None, 'rf__max_features': 'sqrt', 'rf__max_samples': None, 'rf__min_samples_leaf': 3, 'rf__min_samples_split': 2, 'rf__n_estimators': 100}
--------------------------------------------------

🎯 Treinando especialista 3/4: lions/home/alunos/a2020815/tcc_image_classification_by_relevance_of_regions/.venv/lib/python3.13/site-packages/sklearn/metrics/_plot/confusion_matrix.py:143: RuntimeWarning: More than 20 figures have been opened. Figures created through the pyplot interface (`matplotlib.pyplot.figure`) are retained until explicitly closed and may consume too much memory. (To control this warning, see the rcParam `figure.max_open_warning`). Consider using `matplotlib.pyplot.close()`.
  fig, ax = plt.subplots()

=== Iniciando treinamento assistido: RF-LBP+GLCM+LPQ-Specialist-lions ===
Validação cruzada: 5 folds
--------------------------------------------------
Melhores parâmetros: {'rf__class_weight': 'balanced_subsample', 'rf__criterion': 'gini', 'rf__max_depth': None, 'rf__max_features': 'sqrt', 'rf__max_samples': None, 'rf__min_samples_leaf': 3, 'rf__min_samples_split': 2, 'rf__n_estimators': 200}
Melhores parâmetros: {'rf__class_weight': 'balanced_subsample', 'rf__criterion': 'entropy', 'rf__max_depth': None, 'rf__max_features': 'sqrt', 'rf__max_samples': None, 'rf__min_samples_leaf': 3, 'rf__min_samples_split': 2, 'rf__n_estimators': 100}
Melhores parâmetros: {'rf__class_weight': 'balanced_subsample', 'rf__criterion': 'entropy', 'rf__max_depth': None, 'rf__max_features': 'sqrt', 'rf__max_samples': None, 'rf__min_samples_leaf': 3, 'rf__min_samples_split': 40, 'rf__n_estimators': 100}
Melhores parâmetros: {'rf__class_weight': 'balanced_subsample', 'rf__criterion': 'entropy', 'rf__max_depth': None, 'rf__max_features': 'sqrt', 'rf__max_samples': None, 'rf__min_samples_leaf': 3, 'rf__min_samples_split': 16, 'rf__n_estimators': 100}
Melhores parâmetros: {'rf__class_weight': 'balanced_subsample', 'rf__criterion': 'gini', 'rf__max_depth': None, 'rf__max_features': 'sqrt', 'rf__max_samples': None, 'rf__min_samples_leaf': 3, 'rf__min_samples_split': 2, 'rf__n_estimators': 100}
--------------------------------------------------

🎯 Treinando especialista 4/4: horses
=== Iniciando treinamento assistido: RF-LBP+GLCM+LPQ-Specialist-horses ===
Validação cruzada: 5 folds
--------------------------------------------------
Melhores parâmetros: {'rf__class_weight': 'balanced_subsample', 'rf__criterion': 'entropy', 'rf__max_depth': None, 'rf__max_features': 'sqrt', 'rf__max_samples': None, 'rf__min_samples_leaf': 3, 'rf__min_samples_split': 2, 'rf__n_estimators': 100}
Melhores parâmetros: {'rf__class_weight': 'balanced_subsample', 'rf__criterion': 'gini', 'rf__max_depth': None, 'rf__max_features': 'sqrt', 'rf__max_samples': None, 'rf__min_samples_leaf': 10, 'rf__min_samples_split': 2, 'rf__n_estimators': 200}
Melhores parâmetros: {'rf__class_weight': 'balanced_subsample', 'rf__criterion': 'entropy', 'rf__max_depth': 8, 'rf__max_features': 'sqrt', 'rf__max_samples': None, 'rf__min_samples_leaf': 3, 'rf__min_samples_split': 16, 'rf__n_estimators': 100}
Melhores parâmetros: {'rf__class_weight': 'balanced_subsample', 'rf__criterion': 'entropy', 'rf__max_depth': None, 'rf__max_features': 'sqrt', 'rf__max_samples': None, 'rf__min_samples_leaf': 3, 'rf__min_samples_split': 2, 'rf__n_estimators': 200}
Melhores parâmetros: {'rf__class_weight': 'balanced_subsample', 'rf__criterion': 'gini', 'rf__max_depth': 8, 'rf__max_features': 'sqrt', 'rf__max_samples': None, 'rf__min_samples_leaf': 3, 'rf__min_samples_split': 2, 'rf__n_estimators': 200}
--------------------------------------------------

🎉 Treinamento de especialistas RF-LBP+GLCM+LPQ concluído!
   ✅ 4 especialistas treinados com sucesso
   📦 Array retornado: raw_probabilities[i] = probabilidades do especialista da classe i
============================================================
----------------------------------------
Métricas RF LBP+GLCM+LPQ:
   📊 Acurácia: 86.2500%
   📊 F1: 86.2232%
   📊 Recall: 86.2500%
   📊 Precision: 86.3805%
----------------------------------------
📊 Exportando resultados para CSV: RF_LBP_GLCM_LPQ
   📁 Arquivo: results/csv_exports/rf_lbp_glcm_lpq_results.csv
   🎯 Imagens: 400 amostras
--------------------------------------------------
   ✅ 400 linhas escritas com sucesso
   💾 Arquivo salvo: results/csv_exports/rf_lbp_glcm_lpq_results.csv
==================================================
✅ Relevância calculada para todos os 7 conjuntos de features
📊 Métricas e matrizes de confusão geradas para cada combinação

🎉 === CÁLCULO DE RELEVÂNCIA RF CONCLUÍDO ===
✅ Resultados compactados em: /home/alunos/a2020815/tcc_image_classification_by_relevance_of_regions/results/experiments/experimento_20251020_123315.zip
