📦 MODO LOTE: Processando experimento completo

================================================================================
🚀 PROCESSAMENTO EM LOTE: EXPERIMENTO COMPLETO
================================================================================
   📁 Experimento: results/experiments/experimento_20251030_195628
================================================================================

📊 Encontrados 14 arquivos CSV para processar:
   • knn_glcm_lpq_results.csv
   • knn_glcm_results.csv
   • knn_lbp_glcm_lpq_results.csv
   • knn_lbp_glcm_results.csv
   • knn_lbp_lpq_results.csv
   • knn_lbp_results.csv
   • knn_lpq_results.csv
   • svm_glcm_lpq_results.csv
   • svm_glcm_results.csv
   • svm_lbp_glcm_lpq_results.csv
   • svm_lbp_glcm_results.csv
   • svm_lbp_lpq_results.csv
   • svm_lbp_results.csv
   • svm_lpq_results.csv

--------------------------------------------------------------------------------
🔄 Processando: knn_glcm_lpq_results.csv
   🏷️  Modelo: KNN_GLCM_LPQ
--------------------------------------------------------------------------------

================================================================================
🚀 PIPELINE: CLASSIFICAÇÃO POR SOMA DE PROBABILIDADES
================================================================================
   📁 CSV de entrada: results/experiments/experimento_20251030_195628/csv_exports/knn_glcm_lpq_results.csv
   📂 Diretório de saída: results/experiments/experimento_20251030_195628/sum
   🏷️  Modelo: KNN_GLCM_LPQ
================================================================================

📖 ETAPA 2: Leitura do CSV de entrada
   📁 Arquivo: results/experiments/experimento_20251030_195628/csv_exports/knn_glcm_lpq_results.csv
------------------------------------------------------------
   ✅ 2000 imagens lidas com sucesso
   📊 Exemplo de dados (primeira imagem):
      - Imagem: cat1
      - Label real: 1
      - Label predito (relevância): 1
      - Shape probabilidades: (9, 4)
      - Primeiras probabilidades:
        [[0.4167 0.5833 0.     0.    ]
 [0.375  0.625  0.     0.    ]]
============================================================

🔄 ETAPA 5: Processamento de todas as imagens
   📊 Total de imagens: 2000
------------------------------------------------------------
   ✅ 2000 imagens processadas com sucesso
   📊 Labels preditos: 2000
   📊 Somas calculadas: 2000
   📊 Labels reais: 2000

   📈 Distribuição de predições:
      0 (dog): 575 imagens (28.75%)
      1 (cat): 438 imagens (21.90%)
      2 (lion): 494 imagens (24.70%)
      3 (horse): 493 imagens (24.65%)
============================================================

📊 ETAPA 6: Cálculo de métricas globais
   📈 Total de amostras: 2000
------------------------------------------------------------
   ✅ Amostras processadas: 2000

----------------------------------------
Métricas Soma de Probabilidades:
   📊 Acurácia: 86.7500%
   📊 F1: 86.7532%
   📊 Recall: 86.7500%
   📊 Precision: 87.1607%
----------------------------------------
============================================================

📊 ETAPA 7: Geração da matriz de confusão
   📈 Modelo: KNN_GLCM_LPQ
   📁 Diretório base: results/experiments/experimento_20251030_195628/sum
   🎨 Colormap: Oranges
------------------------------------------------------------
   ✅ Matriz de confusão gerada
   💾 Arquivo salvo: results/experiments/experimento_20251030_195628/sum/confusion_matrixs/knn_glcm_lpq_confusion_matrix.png
============================================================

📊 ETAPA 8: Exportação para CSV
   📁 Arquivo de saída: results/experiments/experimento_20251030_195628/sum/csv_exports/knn_glcm_lpq_results.csv
   📈 Total de imagens: 2000
------------------------------------------------------------
   ✅ 2000 linhas escritas com sucesso
   💾 Arquivo salvo: results/experiments/experimento_20251030_195628/sum/csv_exports/knn_glcm_lpq_results.csv
============================================================

================================================================================
🎉 PIPELINE CONCLUÍDO COM SUCESSO!
================================================================================
📊 Resumo dos Resultados:
   • Total de imagens: 2000
   • Acurácia: 86.75%
   • F1-Score: 86.75%

📁 Arquivos Gerados:
   • CSV: results/experiments/experimento_20251030_195628/sum/csv_exports/knn_glcm_lpq_results.csv
   • Matriz de Confusão: results/experiments/experimento_20251030_195628/sum/confusion_matrixs/knn_glcm_lpq_confusion_matrix.png
================================================================================


🔄 Gerando CSV comparativo...

================================================================================
📊 ETAPA 9: GERAÇÃO DE CSV COMPARATIVO
================================================================================
   📂 Diretório de saída: results/experiments/experimento_20251030_195628
   🏷️  Modelo: KNN_GLCM_LPQ
================================================================================

📖 ETAPA 9.1: Preparação dos dados
------------------------------------------------------------
   ✅ 2000 imagens da técnica de relevância
   ✅ 2000 imagens da técnica de soma
============================================================

🔍 ETAPA 9.2: Validação de Consistência
------------------------------------------------------------
   ✅ Conjuntos de imagens coincidem: 2000 imagens
   ✅ Labels reais consistentes
============================================================

🔄 ETAPA 9.3: Processamento e Comparação
------------------------------------------------------------
   ✅ 2000 linhas processadas
   📊 Estatísticas de acerto:
      C (Ambos acertaram): 1701 (85.05%)
      R (Só Relevância): 28 (1.40%)
      S (Só Soma): 34 (1.70%)
      N (Nenhum acertou): 237 (11.85%)
============================================================

💾 ETAPA 9.4: Exportação do CSV de Comparação
------------------------------------------------------------
   ✅ CSV de comparação salvo: results/experiments/experimento_20251030_195628/comp/csv_exports/knn_glcm_lpq_comparison.csv
   📊 2000 linhas escritas
============================================================

💾 ETAPA 9.5: Exportação do CSV de Divergências
------------------------------------------------------------
   ✅ CSV de divergências salvo: results/experiments/experimento_20251030_195628/comp/csv_exports/knn_glcm_lpq_divergences.csv
   📊 299 linhas escritas
============================================================

================================================================================
📊 RESUMO DA COMPARAÇÃO
================================================================================

🎯 Modelo: KNN_GLCM_LPQ
📈 Total de imagens: 2000

📊 Distribuição de Acertos:
------------------------------------------------------------
   ✅ Ambos acertaram (C): 1701 (85.05%)
   🟡 Só Relevância (R): 28 (1.40%)
   🟠 Só Soma (S): 34 (1.70%)
   ❌ Nenhum acertou (N): 237 (11.85%)

📈 Diferenças Médias (Relevância - Soma):
------------------------------------------------------------
   Acurácia: -0.0030
   F1-Score: -0.0029
   Recall: -0.0030
   Precision: -0.0041

📋 Imagens com Divergências:
------------------------------------------------------------

🟡 Só Relevância Acertou (28 imagens):
   • cat234: Real=1, Relevância=1, Soma=0
   • cat293: Real=1, Relevância=1, Soma=0
   • cat336: Real=1, Relevância=1, Soma=0
   • cat352: Real=1, Relevância=1, Soma=0
   • cat382: Real=1, Relevância=1, Soma=0
   • cat399: Real=1, Relevância=1, Soma=0
   • cat430: Real=1, Relevância=1, Soma=0
   • cat451: Real=1, Relevância=1, Soma=0
   • cat46: Real=1, Relevância=1, Soma=0
   • cat461: Real=1, Relevância=1, Soma=0
   • cat48: Real=1, Relevância=1, Soma=0
   • cat94: Real=1, Relevância=1, Soma=0
   • dog189: Real=0, Relevância=0, Soma=1
   • dog283: Real=0, Relevância=0, Soma=2
   • dog330: Real=0, Relevância=0, Soma=1
   • dog355: Real=0, Relevância=0, Soma=2
   • dog474: Real=0, Relevância=0, Soma=2
   • horse1122: Real=3, Relevância=3, Soma=2
   • horse1471: Real=3, Relevância=3, Soma=0
   • horse1587: Real=3, Relevância=3, Soma=2
   • horse18: Real=3, Relevância=3, Soma=2
   • horse456: Real=3, Relevância=3, Soma=2
   • horse961: Real=3, Relevância=3, Soma=0
   • lion1994: Real=2, Relevância=2, Soma=3
   • lion2253: Real=2, Relevância=2, Soma=3
   • lion2339: Real=2, Relevância=2, Soma=1
   • lion2612: Real=2, Relevância=2, Soma=3
   • lion2668: Real=2, Relevância=2, Soma=3

🟠 Só Soma Acertou (34 imagens):
   • cat280: Real=1, Relevância=0, Soma=1
   • cat304: Real=1, Relevância=0, Soma=1
   • cat306: Real=1, Relevância=0, Soma=1
   • cat33: Real=1, Relevância=2, Soma=1
   • cat400: Real=1, Relevância=0, Soma=1
   • cat413: Real=1, Relevância=0, Soma=1
   • cat440: Real=1, Relevância=3, Soma=1
   • cat484: Real=1, Relevância=0, Soma=1
   • cat93: Real=1, Relevância=0, Soma=1
   • dog121: Real=0, Relevância=2, Soma=0
   • dog191: Real=0, Relevância=1, Soma=0
   • dog291: Real=0, Relevância=1, Soma=0
   • dog354: Real=0, Relevância=2, Soma=0
   • dog416: Real=0, Relevância=1, Soma=0
   • dog425: Real=0, Relevância=1, Soma=0
   • dog428: Real=0, Relevância=1, Soma=0
   • dog460: Real=0, Relevância=3, Soma=0
   • dog467: Real=0, Relevância=1, Soma=0
   • dog482: Real=0, Relevância=1, Soma=0
   • dog498: Real=0, Relevância=3, Soma=0
   • dog499: Real=0, Relevância=1, Soma=0
   • dog88: Real=0, Relevância=1, Soma=0
   • horse1142: Real=3, Relevância=2, Soma=3
   • horse1236: Real=3, Relevância=2, Soma=3
   • horse1305: Real=3, Relevância=2, Soma=3
   • horse1363: Real=3, Relevância=2, Soma=3
   • horse1424: Real=3, Relevância=2, Soma=3
   • horse970: Real=3, Relevância=2, Soma=3
   • lion2050: Real=2, Relevância=3, Soma=2
   • lion2150: Real=2, Relevância=3, Soma=2
   • lion2411: Real=2, Relevância=3, Soma=2
   • lion2446: Real=2, Relevância=0, Soma=2
   • lion2620: Real=2, Relevância=3, Soma=2
   • lion2646: Real=2, Relevância=0, Soma=2

❌ Nenhum Acertou (237 imagens):
   • cat108: Real=1, Relevância=0, Soma=0
   • cat111: Real=1, Relevância=0, Soma=0
   • cat112: Real=1, Relevância=0, Soma=0
   • cat118: Real=1, Relevância=0, Soma=0
   • cat12: Real=1, Relevância=0, Soma=0
   • cat132: Real=1, Relevância=0, Soma=0
   • cat133: Real=1, Relevância=0, Soma=0
   • cat139: Real=1, Relevância=0, Soma=0
   • cat150: Real=1, Relevância=0, Soma=0
   • cat151: Real=1, Relevância=2, Soma=2
   • cat156: Real=1, Relevância=0, Soma=0
   • cat171: Real=1, Relevância=0, Soma=0
   • cat174: Real=1, Relevância=0, Soma=0
   • cat183: Real=1, Relevância=0, Soma=0
   • cat188: Real=1, Relevância=0, Soma=0
   • cat190: Real=1, Relevância=0, Soma=0
   • cat199: Real=1, Relevância=0, Soma=0
   • cat205: Real=1, Relevância=0, Soma=0
   • cat22: Real=1, Relevância=0, Soma=0
   • cat221: Real=1, Relevância=0, Soma=0
   • cat225: Real=1, Relevância=0, Soma=0
   • cat229: Real=1, Relevância=0, Soma=0
   • cat23: Real=1, Relevância=0, Soma=0
   • cat237: Real=1, Relevância=0, Soma=0
   • cat238: Real=1, Relevância=0, Soma=0
   • cat240: Real=1, Relevância=0, Soma=0
   • cat241: Real=1, Relevância=0, Soma=0
   • cat251: Real=1, Relevância=0, Soma=0
   • cat252: Real=1, Relevância=0, Soma=0
   • cat26: Real=1, Relevância=0, Soma=0
   • cat27: Real=1, Relevância=0, Soma=0
   • cat271: Real=1, Relevância=0, Soma=0
   • cat272: Real=1, Relevância=2, Soma=0
   • cat273: Real=1, Relevância=0, Soma=0
   • cat274: Real=1, Relevância=0, Soma=0
   • cat275: Real=1, Relevância=0, Soma=0
   • cat276: Real=1, Relevância=0, Soma=0
   • cat281: Real=1, Relevância=0, Soma=0
   • cat29: Real=1, Relevância=0, Soma=0
   • cat294: Real=1, Relevância=0, Soma=0
   • cat298: Real=1, Relevância=0, Soma=0
   • cat300: Real=1, Relevância=0, Soma=0
   • cat305: Real=1, Relevância=0, Soma=0
   • cat316: Real=1, Relevância=0, Soma=0
   • cat321: Real=1, Relevância=0, Soma=0
   • cat345: Real=1, Relevância=0, Soma=0
   • cat350: Real=1, Relevância=0, Soma=0
   • cat359: Real=1, Relevância=0, Soma=0
   • cat36: Real=1, Relevância=0, Soma=0
   • cat368: Real=1, Relevância=0, Soma=0
   • cat372: Real=1, Relevância=0, Soma=0
   • cat379: Real=1, Relevância=0, Soma=0
   • cat38: Real=1, Relevância=0, Soma=0
   • cat381: Real=1, Relevância=0, Soma=0
   • cat383: Real=1, Relevância=0, Soma=0
   • cat385: Real=1, Relevância=0, Soma=0
   • cat394: Real=1, Relevância=0, Soma=0
   • cat395: Real=1, Relevância=0, Soma=0
   • cat396: Real=1, Relevância=0, Soma=0
   • cat401: Real=1, Relevância=3, Soma=3
   • cat403: Real=1, Relevância=0, Soma=0
   • cat406: Real=1, Relevância=0, Soma=0
   • cat408: Real=1, Relevância=0, Soma=0
   • cat42: Real=1, Relevância=0, Soma=0
   • cat428: Real=1, Relevância=2, Soma=2
   • cat432: Real=1, Relevância=0, Soma=0
   • cat453: Real=1, Relevância=0, Soma=0
   • cat454: Real=1, Relevância=0, Soma=0
   • cat462: Real=1, Relevância=0, Soma=0
   • cat486: Real=1, Relevância=0, Soma=0
   • cat49: Real=1, Relevância=0, Soma=0
   • cat498: Real=1, Relevância=0, Soma=0
   • cat51: Real=1, Relevância=0, Soma=0
   • cat57: Real=1, Relevância=0, Soma=0
   • cat58: Real=1, Relevância=2, Soma=2
   • cat65: Real=1, Relevância=0, Soma=0
   • cat68: Real=1, Relevância=0, Soma=0
   • cat70: Real=1, Relevância=0, Soma=0
   • cat74: Real=1, Relevância=0, Soma=0
   • cat79: Real=1, Relevância=0, Soma=0
   • cat82: Real=1, Relevância=0, Soma=0
   • cat85: Real=1, Relevância=0, Soma=0
   • cat91: Real=1, Relevância=0, Soma=0
   • dog113: Real=0, Relevância=1, Soma=1
   • dog126: Real=0, Relevância=2, Soma=2
   • dog128: Real=0, Relevância=1, Soma=1
   • dog141: Real=0, Relevância=1, Soma=1
   • dog168: Real=0, Relevância=3, Soma=1
   • dog169: Real=0, Relevância=1, Soma=1
   • dog174: Real=0, Relevância=1, Soma=1
   • dog204: Real=0, Relevância=1, Soma=1
   • dog215: Real=0, Relevância=3, Soma=3
   • dog222: Real=0, Relevância=1, Soma=1
   • dog253: Real=0, Relevância=1, Soma=1
   • dog276: Real=0, Relevância=3, Soma=1
   • dog309: Real=0, Relevância=1, Soma=1
   • dog350: Real=0, Relevância=3, Soma=3
   • dog351: Real=0, Relevância=1, Soma=1
   • dog368: Real=0, Relevância=1, Soma=1
   • dog377: Real=0, Relevância=1, Soma=1
   • dog402: Real=0, Relevância=1, Soma=1
   • dog406: Real=0, Relevância=1, Soma=1
   • dog44: Real=0, Relevância=3, Soma=3
   • dog458: Real=0, Relevância=1, Soma=1
   • dog477: Real=0, Relevância=1, Soma=1
   • dog478: Real=0, Relevância=1, Soma=1
   • dog484: Real=0, Relevância=1, Soma=1
   • dog485: Real=0, Relevância=1, Soma=1
   • dog488: Real=0, Relevância=1, Soma=1
   • dog489: Real=0, Relevância=1, Soma=1
   • dog495: Real=0, Relevância=1, Soma=1
   • dog496: Real=0, Relevância=1, Soma=1
   • dog497: Real=0, Relevância=1, Soma=1
   • dog61: Real=0, Relevância=1, Soma=1
   • horse1073: Real=3, Relevância=2, Soma=2
   • horse1098: Real=3, Relevância=2, Soma=2
   • horse1119: Real=3, Relevância=1, Soma=1
   • horse1212: Real=3, Relevância=0, Soma=0
   • horse1226: Real=3, Relevância=2, Soma=2
   • horse1282: Real=3, Relevância=2, Soma=2
   • horse1293: Real=3, Relevância=2, Soma=2
   • horse1307: Real=3, Relevância=0, Soma=0
   • horse1341: Real=3, Relevância=2, Soma=2
   • horse1384: Real=3, Relevância=2, Soma=2
   • horse1433: Real=3, Relevância=2, Soma=2
   • horse1468: Real=3, Relevância=2, Soma=2
   • horse1479: Real=3, Relevância=2, Soma=2
   • horse2041: Real=3, Relevância=2, Soma=2
   • horse2042: Real=3, Relevância=2, Soma=2
   • horse2045: Real=3, Relevância=2, Soma=2
   • horse2048: Real=3, Relevância=2, Soma=2
   • horse2053: Real=3, Relevância=2, Soma=2
   • horse2054: Real=3, Relevância=0, Soma=0
   • horse2055: Real=3, Relevância=2, Soma=2
   • horse2056: Real=3, Relevância=2, Soma=2
   • horse2059: Real=3, Relevância=2, Soma=2
   • horse2060: Real=3, Relevância=0, Soma=0
   • horse2061: Real=3, Relevância=2, Soma=2
   • horse2062: Real=3, Relevância=2, Soma=2
   • horse2063: Real=3, Relevância=2, Soma=2
   • horse2398: Real=3, Relevância=2, Soma=2
   • horse2682: Real=3, Relevância=2, Soma=2
   • horse2692: Real=3, Relevância=2, Soma=2
   • horse2693: Real=3, Relevância=2, Soma=2
   • horse2694: Real=3, Relevância=2, Soma=2
   • horse2695: Real=3, Relevância=2, Soma=2
   • horse2696: Real=3, Relevância=2, Soma=2
   • horse2698: Real=3, Relevância=2, Soma=2
   • horse2699: Real=3, Relevância=2, Soma=2
   • horse2702: Real=3, Relevância=2, Soma=2
   • horse2706: Real=3, Relevância=2, Soma=2
   • horse2709: Real=3, Relevância=2, Soma=2
   • horse32: Real=3, Relevância=2, Soma=2
   • horse33: Real=3, Relevância=2, Soma=2
   • horse347: Real=3, Relevância=2, Soma=2
   • horse359: Real=3, Relevância=2, Soma=2
   • horse381: Real=3, Relevância=2, Soma=2
   • horse460: Real=3, Relevância=2, Soma=2
   • horse470: Real=3, Relevância=2, Soma=2
   • horse476: Real=3, Relevância=0, Soma=0
   • horse515: Real=3, Relevância=0, Soma=2
   • horse580: Real=3, Relevância=2, Soma=2
   • horse598: Real=3, Relevância=2, Soma=2
   • horse600: Real=3, Relevância=2, Soma=2
   • horse602: Real=3, Relevância=2, Soma=2
   • horse650: Real=3, Relevância=0, Soma=0
   • horse682: Real=3, Relevância=0, Soma=0
   • horse7: Real=3, Relevância=2, Soma=2
   • horse809: Real=3, Relevância=0, Soma=0
   • horse850: Real=3, Relevância=0, Soma=0
   • horse899: Real=3, Relevância=2, Soma=2
   • horse90: Real=3, Relevância=2, Soma=2
   • horse929: Real=3, Relevância=2, Soma=2
   • horse937: Real=3, Relevância=0, Soma=0
   • horse973: Real=3, Relevância=2, Soma=2
   • lion1695: Real=2, Relevância=3, Soma=3
   • lion1871: Real=2, Relevância=0, Soma=0
   • lion1872: Real=2, Relevância=3, Soma=3
   • lion1879: Real=2, Relevância=3, Soma=3
   • lion1929: Real=2, Relevância=3, Soma=3
   • lion1949: Real=2, Relevância=3, Soma=3
   • lion1950: Real=2, Relevância=3, Soma=3
   • lion1973: Real=2, Relevância=3, Soma=3
   • lion2023: Real=2, Relevância=3, Soma=3
   • lion2044: Real=2, Relevância=3, Soma=3
   • lion2052: Real=2, Relevância=3, Soma=3
   • lion2065: Real=2, Relevância=3, Soma=3
   • lion2084: Real=2, Relevância=3, Soma=3
   • lion2093: Real=2, Relevância=3, Soma=3
   • lion2099: Real=2, Relevância=3, Soma=3
   • lion2154: Real=2, Relevância=3, Soma=3
   • lion2159: Real=2, Relevância=3, Soma=3
   • lion2179: Real=2, Relevância=0, Soma=0
   • lion2202: Real=2, Relevância=3, Soma=3
   • lion2203: Real=2, Relevância=3, Soma=3
   • lion2216: Real=2, Relevância=3, Soma=3
   • lion2226: Real=2, Relevância=3, Soma=3
   • lion2306: Real=2, Relevância=0, Soma=0
   • lion2307: Real=2, Relevância=3, Soma=3
   • lion2322: Real=2, Relevância=3, Soma=3
   • lion2334: Real=2, Relevância=3, Soma=3
   • lion2350: Real=2, Relevância=3, Soma=3
   • lion2378: Real=2, Relevância=3, Soma=3
   • lion2380: Real=2, Relevância=0, Soma=0
   • lion2404: Real=2, Relevância=3, Soma=3
   • lion2408: Real=2, Relevância=3, Soma=3
   • lion2438: Real=2, Relevância=3, Soma=3
   • lion2506: Real=2, Relevância=3, Soma=3
   • lion2515: Real=2, Relevância=3, Soma=3
   • lion2553: Real=2, Relevância=3, Soma=3
   • lion2589: Real=2, Relevância=3, Soma=3
   • lion2590: Real=2, Relevância=3, Soma=3
   • lion2592: Real=2, Relevância=3, Soma=3
   • lion2599: Real=2, Relevância=3, Soma=3
   • lion2601: Real=2, Relevância=3, Soma=3
   • lion2603: Real=2, Relevância=3, Soma=3
   • lion2605: Real=2, Relevância=3, Soma=3
   • lion2608: Real=2, Relevância=0, Soma=0
   • lion2611: Real=2, Relevância=3, Soma=3
   • lion2616: Real=2, Relevância=1, Soma=0
   • lion2617: Real=2, Relevância=3, Soma=3
   • lion2618: Real=2, Relevância=3, Soma=3
   • lion2619: Real=2, Relevância=3, Soma=3
   • lion2623: Real=2, Relevância=3, Soma=3
   • lion2625: Real=2, Relevância=3, Soma=3
   • lion2629: Real=2, Relevância=3, Soma=3
   • lion2631: Real=2, Relevância=3, Soma=3
   • lion2634: Real=2, Relevância=3, Soma=3
   • lion2645: Real=2, Relevância=1, Soma=1
   • lion2650: Real=2, Relevância=3, Soma=3
   • lion2651: Real=2, Relevância=3, Soma=3
   • lion2653: Real=2, Relevância=1, Soma=1
   • lion392: Real=2, Relevância=3, Soma=3
   • lion393: Real=2, Relevância=0, Soma=0
   • lion42: Real=2, Relevância=3, Soma=3
   • lion671: Real=2, Relevância=0, Soma=0
   • lion9: Real=2, Relevância=3, Soma=3

📁 Arquivos Gerados:
------------------------------------------------------------
   • Comparação: results/experiments/experimento_20251030_195628/comp/csv_exports/knn_glcm_lpq_comparison.csv
   • Divergências: results/experiments/experimento_20251030_195628/comp/csv_exports/knn_glcm_lpq_divergences.csv
================================================================================

--------------------------------------------------------------------------------
🔄 Processando: knn_glcm_results.csv
   🏷️  Modelo: KNN_GLCM
--------------------------------------------------------------------------------

================================================================================
🚀 PIPELINE: CLASSIFICAÇÃO POR SOMA DE PROBABILIDADES
================================================================================
   📁 CSV de entrada: results/experiments/experimento_20251030_195628/csv_exports/knn_glcm_results.csv
   📂 Diretório de saída: results/experiments/experimento_20251030_195628/sum
   🏷️  Modelo: KNN_GLCM
================================================================================

📖 ETAPA 2: Leitura do CSV de entrada
   📁 Arquivo: results/experiments/experimento_20251030_195628/csv_exports/knn_glcm_results.csv
------------------------------------------------------------
   ✅ 2000 imagens lidas com sucesso
   📊 Exemplo de dados (primeira imagem):
      - Imagem: cat1
      - Label real: 1
      - Label predito (relevância): 0
      - Shape probabilidades: (9, 4)
      - Primeiras probabilidades:
        [[0.4828 0.3621 0.     0.1552]
 [0.2188 0.2188 0.     0.5625]]
============================================================

🔄 ETAPA 5: Processamento de todas as imagens
   📊 Total de imagens: 2000
------------------------------------------------------------
   ✅ 2000 imagens processadas com sucesso
   📊 Labels preditos: 2000
   📊 Somas calculadas: 2000
   📊 Labels reais: 2000

   📈 Distribuição de predições:
      0 (dog): 553 imagens (27.65%)
      1 (cat): 447 imagens (22.35%)
      2 (lion): 508 imagens (25.40%)
      3 (horse): 492 imagens (24.60%)
============================================================

📊 ETAPA 6: Cálculo de métricas globais
   📈 Total de amostras: 2000
------------------------------------------------------------
   ✅ Amostras processadas: 2000

----------------------------------------
Métricas Soma de Probabilidades:
   📊 Acurácia: 82.6000%
   📊 F1: 82.5889%
   📊 Recall: 82.6000%
   📊 Precision: 82.8077%
----------------------------------------
============================================================

📊 ETAPA 7: Geração da matriz de confusão
   📈 Modelo: KNN_GLCM
   📁 Diretório base: results/experiments/experimento_20251030_195628/sum
   🎨 Colormap: Oranges
------------------------------------------------------------
   ✅ Matriz de confusão gerada
   💾 Arquivo salvo: results/experiments/experimento_20251030_195628/sum/confusion_matrixs/knn_glcm_confusion_matrix.png
============================================================

📊 ETAPA 8: Exportação para CSV
   📁 Arquivo de saída: results/experiments/experimento_20251030_195628/sum/csv_exports/knn_glcm_results.csv
   📈 Total de imagens: 2000
------------------------------------------------------------
   ✅ 2000 linhas escritas com sucesso
   💾 Arquivo salvo: results/experiments/experimento_20251030_195628/sum/csv_exports/knn_glcm_results.csv
============================================================

================================================================================
🎉 PIPELINE CONCLUÍDO COM SUCESSO!
================================================================================
📊 Resumo dos Resultados:
   • Total de imagens: 2000
   • Acurácia: 82.60%
   • F1-Score: 82.59%

📁 Arquivos Gerados:
   • CSV: results/experiments/experimento_20251030_195628/sum/csv_exports/knn_glcm_results.csv
   • Matriz de Confusão: results/experiments/experimento_20251030_195628/sum/confusion_matrixs/knn_glcm_confusion_matrix.png
================================================================================


🔄 Gerando CSV comparativo...

================================================================================
📊 ETAPA 9: GERAÇÃO DE CSV COMPARATIVO
================================================================================
   📂 Diretório de saída: results/experiments/experimento_20251030_195628
   🏷️  Modelo: KNN_GLCM
================================================================================

📖 ETAPA 9.1: Preparação dos dados
------------------------------------------------------------
   ✅ 2000 imagens da técnica de relevância
   ✅ 2000 imagens da técnica de soma
============================================================

🔍 ETAPA 9.2: Validação de Consistência
------------------------------------------------------------
   ✅ Conjuntos de imagens coincidem: 2000 imagens
   ✅ Labels reais consistentes
============================================================

🔄 ETAPA 9.3: Processamento e Comparação
------------------------------------------------------------
   ✅ 2000 linhas processadas
   📊 Estatísticas de acerto:
      C (Ambos acertaram): 1595 (79.75%)
      R (Só Relevância): 39 (1.95%)
      S (Só Soma): 57 (2.85%)
      N (Nenhum acertou): 309 (15.45%)
============================================================

💾 ETAPA 9.4: Exportação do CSV de Comparação
------------------------------------------------------------
   ✅ CSV de comparação salvo: results/experiments/experimento_20251030_195628/comp/csv_exports/knn_glcm_comparison.csv
   📊 2000 linhas escritas
============================================================

💾 ETAPA 9.5: Exportação do CSV de Divergências
------------------------------------------------------------
   ✅ CSV de divergências salvo: results/experiments/experimento_20251030_195628/comp/csv_exports/knn_glcm_divergences.csv
   📊 405 linhas escritas
============================================================

================================================================================
📊 RESUMO DA COMPARAÇÃO
================================================================================

🎯 Modelo: KNN_GLCM
📈 Total de imagens: 2000

📊 Distribuição de Acertos:
------------------------------------------------------------
   ✅ Ambos acertaram (C): 1595 (79.75%)
   🟡 Só Relevância (R): 39 (1.95%)
   🟠 Só Soma (S): 57 (2.85%)
   ❌ Nenhum acertou (N): 309 (15.45%)

📈 Diferenças Médias (Relevância - Soma):
------------------------------------------------------------
   Acurácia: -0.0090
   F1-Score: -0.0091
   Recall: -0.0090
   Precision: -0.0086

📋 Imagens com Divergências:
------------------------------------------------------------

🟡 Só Relevância Acertou (39 imagens):
   • cat105: Real=1, Relevância=1, Soma=0
   • cat145: Real=1, Relevância=1, Soma=0
   • cat159: Real=1, Relevância=1, Soma=0
   • cat22: Real=1, Relevância=1, Soma=0
   • cat240: Real=1, Relevância=1, Soma=0
   • cat265: Real=1, Relevância=1, Soma=0
   • cat276: Real=1, Relevância=1, Soma=0
   • cat32: Real=1, Relevância=1, Soma=0
   • cat336: Real=1, Relevância=1, Soma=0
   • cat353: Real=1, Relevância=1, Soma=0
   • cat419: Real=1, Relevância=1, Soma=0
   • cat443: Real=1, Relevância=1, Soma=0
   • cat448: Real=1, Relevância=1, Soma=0
   • cat61: Real=1, Relevância=1, Soma=0
   • cat66: Real=1, Relevância=1, Soma=0
   • cat76: Real=1, Relevância=1, Soma=0
   • cat77: Real=1, Relevância=1, Soma=0
   • dog178: Real=0, Relevância=0, Soma=1
   • dog24: Real=0, Relevância=0, Soma=1
   • dog260: Real=0, Relevância=0, Soma=2
   • dog276: Real=0, Relevância=0, Soma=1
   • dog283: Real=0, Relevância=0, Soma=2
   • dog294: Real=0, Relevância=0, Soma=1
   • dog30: Real=0, Relevância=0, Soma=3
   • dog335: Real=0, Relevância=0, Soma=2
   • dog341: Real=0, Relevância=0, Soma=1
   • dog355: Real=0, Relevância=0, Soma=1
   • dog369: Real=0, Relevância=0, Soma=1
   • dog469: Real=0, Relevância=0, Soma=1
   • dog496: Real=0, Relevância=0, Soma=1
   • horse2054: Real=3, Relevância=3, Soma=0
   • lion1949: Real=2, Relevância=2, Soma=3
   • lion2101: Real=2, Relevância=2, Soma=0
   • lion2177: Real=2, Relevância=2, Soma=3
   • lion2238: Real=2, Relevância=2, Soma=3
   • lion2253: Real=2, Relevância=2, Soma=3
   • lion2562: Real=2, Relevância=2, Soma=3
   • lion2608: Real=2, Relevância=2, Soma=0
   • lion2635: Real=2, Relevância=2, Soma=3

🟠 Só Soma Acertou (57 imagens):
   • cat148: Real=1, Relevância=0, Soma=1
   • cat162: Real=1, Relevância=0, Soma=1
   • cat168: Real=1, Relevância=0, Soma=1
   • cat175: Real=1, Relevância=2, Soma=1
   • cat187: Real=1, Relevância=0, Soma=1
   • cat212: Real=1, Relevância=0, Soma=1
   • cat233: Real=1, Relevância=2, Soma=1
   • cat254: Real=1, Relevância=0, Soma=1
   • cat259: Real=1, Relevância=0, Soma=1
   • cat284: Real=1, Relevância=0, Soma=1
   • cat324: Real=1, Relevância=0, Soma=1
   • cat330: Real=1, Relevância=0, Soma=1
   • cat331: Real=1, Relevância=0, Soma=1
   • cat35: Real=1, Relevância=0, Soma=1
   • cat357: Real=1, Relevância=0, Soma=1
   • cat361: Real=1, Relevância=0, Soma=1
   • cat383: Real=1, Relevância=0, Soma=1
   • cat384: Real=1, Relevância=3, Soma=1
   • cat440: Real=1, Relevância=3, Soma=1
   • cat475: Real=1, Relevância=0, Soma=1
   • cat48: Real=1, Relevância=0, Soma=1
   • cat57: Real=1, Relevância=0, Soma=1
   • cat99: Real=1, Relevância=0, Soma=1
   • dog146: Real=0, Relevância=2, Soma=0
   • dog153: Real=0, Relevância=2, Soma=0
   • dog216: Real=0, Relevância=1, Soma=0
   • dog265: Real=0, Relevância=2, Soma=0
   • dog286: Real=0, Relevância=1, Soma=0
   • dog289: Real=0, Relevância=1, Soma=0
   • dog322: Real=0, Relevância=2, Soma=0
   • dog354: Real=0, Relevância=1, Soma=0
   • dog361: Real=0, Relevância=1, Soma=0
   • dog383: Real=0, Relevância=1, Soma=0
   • dog441: Real=0, Relevância=3, Soma=0
   • dog478: Real=0, Relevância=1, Soma=0
   • dog481: Real=0, Relevância=1, Soma=0
   • dog493: Real=0, Relevância=1, Soma=0
   • dog498: Real=0, Relevância=3, Soma=0
   • dog57: Real=0, Relevância=1, Soma=0
   • dog61: Real=0, Relevância=2, Soma=0
   • dog62: Real=0, Relevância=1, Soma=0
   • horse1208: Real=3, Relevância=2, Soma=3
   • horse1307: Real=3, Relevância=0, Soma=3
   • horse1364: Real=3, Relevância=1, Soma=3
   • horse1472: Real=3, Relevância=0, Soma=3
   • horse1474: Real=3, Relevância=2, Soma=3
   • horse18: Real=3, Relevância=2, Soma=3
   • horse21: Real=3, Relevância=2, Soma=3
   • horse381: Real=3, Relevância=2, Soma=3
   • horse607: Real=3, Relevância=2, Soma=3
   • horse994: Real=3, Relevância=0, Soma=3
   • lion2012: Real=2, Relevância=0, Soma=2
   • lion2031: Real=2, Relevância=3, Soma=2
   • lion2044: Real=2, Relevância=3, Soma=2
   • lion2063: Real=2, Relevância=0, Soma=2
   • lion2065: Real=2, Relevância=3, Soma=2
   • lion2619: Real=2, Relevância=3, Soma=2

❌ Nenhum Acertou (309 imagens):
   • cat1: Real=1, Relevância=0, Soma=0
   • cat108: Real=1, Relevância=0, Soma=0
   • cat11: Real=1, Relevância=0, Soma=0
   • cat112: Real=1, Relevância=0, Soma=0
   • cat113: Real=1, Relevância=0, Soma=0
   • cat117: Real=1, Relevância=0, Soma=0
   • cat118: Real=1, Relevância=0, Soma=0
   • cat12: Real=1, Relevância=0, Soma=0
   • cat122: Real=1, Relevância=0, Soma=0
   • cat130: Real=1, Relevância=0, Soma=0
   • cat132: Real=1, Relevância=0, Soma=0
   • cat133: Real=1, Relevância=0, Soma=0
   • cat139: Real=1, Relevância=0, Soma=0
   • cat150: Real=1, Relevância=0, Soma=0
   • cat151: Real=1, Relevância=2, Soma=2
   • cat152: Real=1, Relevância=0, Soma=0
   • cat155: Real=1, Relevância=0, Soma=0
   • cat156: Real=1, Relevância=0, Soma=0
   • cat170: Real=1, Relevância=2, Soma=2
   • cat174: Real=1, Relevância=0, Soma=0
   • cat179: Real=1, Relevância=0, Soma=0
   • cat183: Real=1, Relevância=2, Soma=0
   • cat188: Real=1, Relevância=0, Soma=0
   • cat190: Real=1, Relevância=0, Soma=0
   • cat199: Real=1, Relevância=0, Soma=0
   • cat200: Real=1, Relevância=0, Soma=0
   • cat215: Real=1, Relevância=0, Soma=0
   • cat221: Real=1, Relevância=0, Soma=0
   • cat223: Real=1, Relevância=0, Soma=0
   • cat225: Real=1, Relevância=0, Soma=0
   • cat228: Real=1, Relevância=0, Soma=0
   • cat229: Real=1, Relevância=0, Soma=0
   • cat23: Real=1, Relevância=0, Soma=0
   • cat239: Real=1, Relevância=2, Soma=2
   • cat252: Real=1, Relevância=0, Soma=0
   • cat26: Real=1, Relevância=0, Soma=0
   • cat264: Real=1, Relevância=0, Soma=0
   • cat27: Real=1, Relevância=0, Soma=0
   • cat272: Real=1, Relevância=2, Soma=2
   • cat273: Real=1, Relevância=0, Soma=0
   • cat274: Real=1, Relevância=0, Soma=0
   • cat28: Real=1, Relevância=0, Soma=0
   • cat280: Real=1, Relevância=0, Soma=0
   • cat281: Real=1, Relevância=0, Soma=0
   • cat282: Real=1, Relevância=0, Soma=0
   • cat29: Real=1, Relevância=0, Soma=0
   • cat293: Real=1, Relevância=0, Soma=0
   • cat294: Real=1, Relevância=0, Soma=0
   • cat302: Real=1, Relevância=0, Soma=0
   • cat305: Real=1, Relevância=0, Soma=0
   • cat307: Real=1, Relevância=0, Soma=0
   • cat310: Real=1, Relevância=0, Soma=0
   • cat316: Real=1, Relevância=0, Soma=0
   • cat320: Real=1, Relevância=0, Soma=0
   • cat326: Real=1, Relevância=0, Soma=0
   • cat33: Real=1, Relevância=2, Soma=2
   • cat333: Real=1, Relevância=2, Soma=2
   • cat34: Real=1, Relevância=0, Soma=0
   • cat345: Real=1, Relevância=0, Soma=0
   • cat347: Real=1, Relevância=2, Soma=2
   • cat352: Real=1, Relevância=0, Soma=0
   • cat354: Real=1, Relevância=0, Soma=0
   • cat359: Real=1, Relevância=0, Soma=0
   • cat372: Real=1, Relevância=0, Soma=0
   • cat379: Real=1, Relevância=0, Soma=0
   • cat38: Real=1, Relevância=0, Soma=0
   • cat381: Real=1, Relevância=0, Soma=0
   • cat382: Real=1, Relevância=0, Soma=0
   • cat385: Real=1, Relevância=0, Soma=0
   • cat391: Real=1, Relevância=0, Soma=0
   • cat394: Real=1, Relevância=0, Soma=0
   • cat395: Real=1, Relevância=0, Soma=0
   • cat399: Real=1, Relevância=0, Soma=0
   • cat400: Real=1, Relevância=0, Soma=0
   • cat403: Real=1, Relevância=0, Soma=0
   • cat406: Real=1, Relevância=0, Soma=0
   • cat411: Real=1, Relevância=0, Soma=0
   • cat412: Real=1, Relevância=2, Soma=2
   • cat413: Real=1, Relevância=0, Soma=0
   • cat42: Real=1, Relevância=0, Soma=0
   • cat428: Real=1, Relevância=2, Soma=2
   • cat430: Real=1, Relevância=0, Soma=0
   • cat432: Real=1, Relevância=0, Soma=0
   • cat434: Real=1, Relevância=0, Soma=0
   • cat44: Real=1, Relevância=0, Soma=0
   • cat442: Real=1, Relevância=0, Soma=0
   • cat449: Real=1, Relevância=0, Soma=0
   • cat453: Real=1, Relevância=0, Soma=0
   • cat454: Real=1, Relevância=0, Soma=0
   • cat458: Real=1, Relevância=3, Soma=3
   • cat459: Real=1, Relevância=0, Soma=0
   • cat460: Real=1, Relevância=0, Soma=0
   • cat462: Real=1, Relevância=0, Soma=0
   • cat484: Real=1, Relevância=0, Soma=0
   • cat486: Real=1, Relevância=0, Soma=0
   • cat49: Real=1, Relevância=0, Soma=0
   • cat496: Real=1, Relevância=0, Soma=3
   • cat498: Real=1, Relevância=0, Soma=0
   • cat50: Real=1, Relevância=0, Soma=0
   • cat51: Real=1, Relevância=0, Soma=0
   • cat58: Real=1, Relevância=2, Soma=2
   • cat67: Real=1, Relevância=0, Soma=0
   • cat70: Real=1, Relevância=0, Soma=0
   • cat82: Real=1, Relevância=0, Soma=0
   • cat84: Real=1, Relevância=3, Soma=3
   • cat85: Real=1, Relevância=0, Soma=0
   • cat9: Real=1, Relevância=0, Soma=0
   • cat91: Real=1, Relevância=0, Soma=0
   • cat93: Real=1, Relevância=0, Soma=0
   • cat94: Real=1, Relevância=0, Soma=0
   • cat97: Real=1, Relevância=0, Soma=0
   • dog107: Real=0, Relevância=1, Soma=1
   • dog110: Real=0, Relevância=1, Soma=1
   • dog126: Real=0, Relevância=2, Soma=2
   • dog141: Real=0, Relevância=1, Soma=1
   • dog142: Real=0, Relevância=1, Soma=1
   • dog149: Real=0, Relevância=2, Soma=1
   • dog151: Real=0, Relevância=1, Soma=1
   • dog160: Real=0, Relevância=1, Soma=1
   • dog168: Real=0, Relevância=3, Soma=3
   • dog169: Real=0, Relevância=1, Soma=1
   • dog177: Real=0, Relevância=1, Soma=1
   • dog180: Real=0, Relevância=1, Soma=1
   • dog196: Real=0, Relevância=1, Soma=1
   • dog197: Real=0, Relevância=1, Soma=1
   • dog199: Real=0, Relevância=1, Soma=1
   • dog2: Real=0, Relevância=1, Soma=1
   • dog202: Real=0, Relevância=1, Soma=1
   • dog204: Real=0, Relevância=1, Soma=1
   • dog215: Real=0, Relevância=1, Soma=1
   • dog227: Real=0, Relevância=2, Soma=2
   • dog234: Real=0, Relevância=1, Soma=1
   • dog238: Real=0, Relevância=1, Soma=1
   • dog242: Real=0, Relevância=3, Soma=1
   • dog253: Real=0, Relevância=1, Soma=1
   • dog261: Real=0, Relevância=1, Soma=1
   • dog262: Real=0, Relevância=1, Soma=1
   • dog263: Real=0, Relevância=1, Soma=1
   • dog280: Real=0, Relevância=1, Soma=1
   • dog301: Real=0, Relevância=1, Soma=1
   • dog307: Real=0, Relevância=1, Soma=1
   • dog309: Real=0, Relevância=1, Soma=1
   • dog310: Real=0, Relevância=1, Soma=1
   • dog326: Real=0, Relevância=1, Soma=1
   • dog330: Real=0, Relevância=3, Soma=3
   • dog347: Real=0, Relevância=1, Soma=1
   • dog350: Real=0, Relevância=2, Soma=1
   • dog351: Real=0, Relevância=1, Soma=1
   • dog375: Real=0, Relevância=1, Soma=1
   • dog377: Real=0, Relevância=1, Soma=1
   • dog402: Real=0, Relevância=1, Soma=1
   • dog405: Real=0, Relevância=1, Soma=1
   • dog406: Real=0, Relevância=1, Soma=1
   • dog407: Real=0, Relevância=1, Soma=1
   • dog410: Real=0, Relevância=1, Soma=1
   • dog423: Real=0, Relevância=1, Soma=1
   • dog428: Real=0, Relevância=1, Soma=1
   • dog429: Real=0, Relevância=3, Soma=3
   • dog432: Real=0, Relevância=1, Soma=1
   • dog450: Real=0, Relevância=1, Soma=1
   • dog458: Real=0, Relevância=3, Soma=3
   • dog460: Real=0, Relevância=1, Soma=1
   • dog472: Real=0, Relevância=1, Soma=1
   • dog474: Real=0, Relevância=2, Soma=2
   • dog477: Real=0, Relevância=1, Soma=1
   • dog483: Real=0, Relevância=1, Soma=1
   • dog484: Real=0, Relevância=1, Soma=1
   • dog485: Real=0, Relevância=1, Soma=1
   • dog488: Real=0, Relevância=1, Soma=1
   • dog489: Real=0, Relevância=1, Soma=1
   • dog495: Real=0, Relevância=1, Soma=1
   • dog497: Real=0, Relevância=1, Soma=1
   • dog52: Real=0, Relevância=1, Soma=1
   • dog6: Real=0, Relevância=1, Soma=1
   • dog63: Real=0, Relevância=1, Soma=1
   • dog66: Real=0, Relevância=3, Soma=3
   • dog69: Real=0, Relevância=1, Soma=1
   • dog74: Real=0, Relevância=1, Soma=1
   • dog86: Real=0, Relevância=1, Soma=1
   • horse1069: Real=3, Relevância=0, Soma=0
   • horse1094: Real=3, Relevância=2, Soma=2
   • horse1098: Real=3, Relevância=2, Soma=2
   • horse1119: Real=3, Relevância=1, Soma=1
   • horse1122: Real=3, Relevância=2, Soma=2
   • horse1142: Real=3, Relevância=2, Soma=2
   • horse1201: Real=3, Relevância=2, Soma=2
   • horse1212: Real=3, Relevância=0, Soma=0
   • horse1269: Real=3, Relevância=2, Soma=2
   • horse1282: Real=3, Relevância=2, Soma=2
   • horse1297: Real=3, Relevância=2, Soma=2
   • horse1305: Real=3, Relevância=2, Soma=2
   • horse1316: Real=3, Relevância=2, Soma=2
   • horse1338: Real=3, Relevância=2, Soma=2
   • horse1343: Real=3, Relevância=2, Soma=2
   • horse1367: Real=3, Relevância=2, Soma=2
   • horse1384: Real=3, Relevância=2, Soma=2
   • horse1402: Real=3, Relevância=2, Soma=2
   • horse1423: Real=3, Relevância=2, Soma=2
   • horse1433: Real=3, Relevância=0, Soma=2
   • horse1483: Real=3, Relevância=2, Soma=2
   • horse1587: Real=3, Relevância=2, Soma=2
   • horse16: Real=3, Relevância=2, Soma=2
   • horse19: Real=3, Relevância=2, Soma=2
   • horse2039: Real=3, Relevância=2, Soma=2
   • horse2040: Real=3, Relevância=2, Soma=2
   • horse2041: Real=3, Relevância=2, Soma=2
   • horse2042: Real=3, Relevância=2, Soma=2
   • horse2043: Real=3, Relevância=2, Soma=2
   • horse2045: Real=3, Relevância=2, Soma=2
   • horse2048: Real=3, Relevância=2, Soma=2
   • horse2050: Real=3, Relevância=2, Soma=2
   • horse2053: Real=3, Relevância=2, Soma=2
   • horse2055: Real=3, Relevância=2, Soma=2
   • horse2056: Real=3, Relevância=2, Soma=2
   • horse2060: Real=3, Relevância=0, Soma=0
   • horse2061: Real=3, Relevância=2, Soma=2
   • horse2062: Real=3, Relevância=2, Soma=2
   • horse2063: Real=3, Relevância=2, Soma=2
   • horse2398: Real=3, Relevância=2, Soma=2
   • horse2682: Real=3, Relevância=2, Soma=2
   • horse2692: Real=3, Relevância=2, Soma=2
   • horse2693: Real=3, Relevância=2, Soma=2
   • horse2694: Real=3, Relevância=2, Soma=2
   • horse2695: Real=3, Relevância=2, Soma=2
   • horse2696: Real=3, Relevância=2, Soma=2
   • horse2698: Real=3, Relevância=2, Soma=2
   • horse2699: Real=3, Relevância=0, Soma=0
   • horse2702: Real=3, Relevância=2, Soma=2
   • horse2706: Real=3, Relevância=2, Soma=2
   • horse2709: Real=3, Relevância=2, Soma=2
   • horse33: Real=3, Relevância=2, Soma=2
   • horse347: Real=3, Relevância=2, Soma=2
   • horse348: Real=3, Relevância=2, Soma=2
   • horse359: Real=3, Relevância=2, Soma=2
   • horse456: Real=3, Relevância=2, Soma=2
   • horse460: Real=3, Relevância=2, Soma=2
   • horse470: Real=3, Relevância=2, Soma=2
   • horse479: Real=3, Relevância=2, Soma=2
   • horse515: Real=3, Relevância=2, Soma=2
   • horse598: Real=3, Relevância=2, Soma=2
   • horse600: Real=3, Relevância=2, Soma=2
   • horse634: Real=3, Relevância=1, Soma=1
   • horse650: Real=3, Relevância=0, Soma=0
   • horse850: Real=3, Relevância=0, Soma=0
   • horse9: Real=3, Relevância=2, Soma=2
   • horse90: Real=3, Relevância=2, Soma=2
   • horse929: Real=3, Relevância=2, Soma=2
   • horse973: Real=3, Relevância=2, Soma=2
   • lion103: Real=2, Relevância=3, Soma=3
   • lion1695: Real=2, Relevância=3, Soma=3
   • lion1871: Real=2, Relevância=0, Soma=0
   • lion1872: Real=2, Relevância=3, Soma=3
   • lion1879: Real=2, Relevância=3, Soma=3
   • lion1929: Real=2, Relevância=3, Soma=3
   • lion1965: Real=2, Relevância=3, Soma=3
   • lion2023: Real=2, Relevância=3, Soma=3
   • lion2050: Real=2, Relevância=0, Soma=0
   • lion2080: Real=2, Relevância=0, Soma=0
   • lion2095: Real=2, Relevância=3, Soma=3
   • lion2096: Real=2, Relevância=0, Soma=0
   • lion2099: Real=2, Relevância=3, Soma=3
   • lion2100: Real=2, Relevância=3, Soma=3
   • lion2159: Real=2, Relevância=3, Soma=3
   • lion2172: Real=2, Relevância=3, Soma=3
   • lion2179: Real=2, Relevância=0, Soma=0
   • lion2199: Real=2, Relevância=3, Soma=3
   • lion2216: Real=2, Relevância=3, Soma=3
   • lion2257: Real=2, Relevância=3, Soma=3
   • lion2322: Real=2, Relevância=3, Soma=3
   • lion2334: Real=2, Relevância=3, Soma=3
   • lion2424: Real=2, Relevância=3, Soma=3
   • lion2438: Real=2, Relevância=3, Soma=3
   • lion2446: Real=2, Relevância=0, Soma=0
   • lion2452: Real=2, Relevância=3, Soma=3
   • lion2513: Real=2, Relevância=0, Soma=0
   • lion2515: Real=2, Relevância=3, Soma=3
   • lion2556: Real=2, Relevância=3, Soma=3
   • lion2589: Real=2, Relevância=3, Soma=3
   • lion2590: Real=2, Relevância=3, Soma=3
   • lion2598: Real=2, Relevância=3, Soma=3
   • lion2599: Real=2, Relevância=3, Soma=3
   • lion2601: Real=2, Relevância=3, Soma=3
   • lion2602: Real=2, Relevância=3, Soma=3
   • lion2603: Real=2, Relevância=3, Soma=3
   • lion2605: Real=2, Relevância=3, Soma=3
   • lion2616: Real=2, Relevância=1, Soma=1
   • lion2617: Real=2, Relevância=3, Soma=3
   • lion2618: Real=2, Relevância=1, Soma=1
   • lion2620: Real=2, Relevância=3, Soma=3
   • lion2623: Real=2, Relevância=3, Soma=3
   • lion2625: Real=2, Relevância=3, Soma=3
   • lion2629: Real=2, Relevância=3, Soma=3
   • lion2631: Real=2, Relevância=3, Soma=3
   • lion2633: Real=2, Relevância=3, Soma=3
   • lion2634: Real=2, Relevância=3, Soma=3
   • lion2638: Real=2, Relevância=3, Soma=3
   • lion2645: Real=2, Relevância=3, Soma=1
   • lion2651: Real=2, Relevância=3, Soma=3
   • lion2652: Real=2, Relevância=3, Soma=3
   • lion2653: Real=2, Relevância=1, Soma=1
   • lion2664: Real=2, Relevância=3, Soma=3
   • lion2668: Real=2, Relevância=3, Soma=3
   • lion393: Real=2, Relevância=0, Soma=0
   • lion42: Real=2, Relevância=3, Soma=3
   • lion6: Real=2, Relevância=3, Soma=3
   • lion671: Real=2, Relevância=0, Soma=0
   • lion738: Real=2, Relevância=3, Soma=3
   • lion8: Real=2, Relevância=0, Soma=0
   • lion9: Real=2, Relevância=3, Soma=3

📁 Arquivos Gerados:
------------------------------------------------------------
   • Comparação: results/experiments/experimento_20251030_195628/comp/csv_exports/knn_glcm_comparison.csv
   • Divergências: results/experiments/experimento_20251030_195628/comp/csv_exports/knn_glcm_divergences.csv
================================================================================

--------------------------------------------------------------------------------
🔄 Processando: knn_lbp_glcm_lpq_results.csv
   🏷️  Modelo: KNN_LBP_GLCM_LPQ
--------------------------------------------------------------------------------

================================================================================
🚀 PIPELINE: CLASSIFICAÇÃO POR SOMA DE PROBABILIDADES
================================================================================
   📁 CSV de entrada: results/experiments/experimento_20251030_195628/csv_exports/knn_lbp_glcm_lpq_results.csv
   📂 Diretório de saída: results/experiments/experimento_20251030_195628/sum
   🏷️  Modelo: KNN_LBP_GLCM_LPQ
================================================================================

📖 ETAPA 2: Leitura do CSV de entrada
   📁 Arquivo: results/experiments/experimento_20251030_195628/csv_exports/knn_lbp_glcm_lpq_results.csv
------------------------------------------------------------
   ✅ 2000 imagens lidas com sucesso
   📊 Exemplo de dados (primeira imagem):
      - Imagem: cat1
      - Label real: 1
      - Label predito (relevância): 1
      - Shape probabilidades: (9, 4)
      - Primeiras probabilidades:
        [[0.4545 0.5455 0.     0.    ]
 [0.4444 0.5556 0.     0.    ]]
============================================================

🔄 ETAPA 5: Processamento de todas as imagens
   📊 Total de imagens: 2000
------------------------------------------------------------
   ✅ 2000 imagens processadas com sucesso
   📊 Labels preditos: 2000
   📊 Somas calculadas: 2000
   📊 Labels reais: 2000

   📈 Distribuição de predições:
      0 (dog): 559 imagens (27.95%)
      1 (cat): 447 imagens (22.35%)
      2 (lion): 515 imagens (25.75%)
      3 (horse): 479 imagens (23.95%)
============================================================

📊 ETAPA 6: Cálculo de métricas globais
   📈 Total de amostras: 2000
------------------------------------------------------------
   ✅ Amostras processadas: 2000

----------------------------------------
Métricas Soma de Probabilidades:
   📊 Acurácia: 88.7000%
   📊 F1: 88.7050%
   📊 Recall: 88.7000%
   📊 Precision: 89.0138%
----------------------------------------
============================================================

📊 ETAPA 7: Geração da matriz de confusão
   📈 Modelo: KNN_LBP_GLCM_LPQ
   📁 Diretório base: results/experiments/experimento_20251030_195628/sum
   🎨 Colormap: Oranges
------------------------------------------------------------
   ✅ Matriz de confusão gerada
   💾 Arquivo salvo: results/experiments/experimento_20251030_195628/sum/confusion_matrixs/knn_lbp_glcm_lpq_confusion_matrix.png
============================================================

📊 ETAPA 8: Exportação para CSV
   📁 Arquivo de saída: results/experiments/experimento_20251030_195628/sum/csv_exports/knn_lbp_glcm_lpq_results.csv
   📈 Total de imagens: 2000
------------------------------------------------------------
   ✅ 2000 linhas escritas com sucesso
   💾 Arquivo salvo: results/experiments/experimento_20251030_195628/sum/csv_exports/knn_lbp_glcm_lpq_results.csv
============================================================

================================================================================
🎉 PIPELINE CONCLUÍDO COM SUCESSO!
================================================================================
📊 Resumo dos Resultados:
   • Total de imagens: 2000
   • Acurácia: 88.70%
   • F1-Score: 88.71%

📁 Arquivos Gerados:
   • CSV: results/experiments/experimento_20251030_195628/sum/csv_exports/knn_lbp_glcm_lpq_results.csv
   • Matriz de Confusão: results/experiments/experimento_20251030_195628/sum/confusion_matrixs/knn_lbp_glcm_lpq_confusion_matrix.png
================================================================================


🔄 Gerando CSV comparativo...

================================================================================
📊 ETAPA 9: GERAÇÃO DE CSV COMPARATIVO
================================================================================
   📂 Diretório de saída: results/experiments/experimento_20251030_195628
   🏷️  Modelo: KNN_LBP_GLCM_LPQ
================================================================================

📖 ETAPA 9.1: Preparação dos dados
------------------------------------------------------------
   ✅ 2000 imagens da técnica de relevância
   ✅ 2000 imagens da técnica de soma
============================================================

🔍 ETAPA 9.2: Validação de Consistência
------------------------------------------------------------
   ✅ Conjuntos de imagens coincidem: 2000 imagens
   ✅ Labels reais consistentes
============================================================

🔄 ETAPA 9.3: Processamento e Comparação
------------------------------------------------------------
   ✅ 2000 linhas processadas
   📊 Estatísticas de acerto:
      C (Ambos acertaram): 1740 (87.00%)
      R (Só Relevância): 25 (1.25%)
      S (Só Soma): 34 (1.70%)
      N (Nenhum acertou): 201 (10.05%)
============================================================

💾 ETAPA 9.4: Exportação do CSV de Comparação
------------------------------------------------------------
   ✅ CSV de comparação salvo: results/experiments/experimento_20251030_195628/comp/csv_exports/knn_lbp_glcm_lpq_comparison.csv
   📊 2000 linhas escritas
============================================================

💾 ETAPA 9.5: Exportação do CSV de Divergências
------------------------------------------------------------
   ✅ CSV de divergências salvo: results/experiments/experimento_20251030_195628/comp/csv_exports/knn_lbp_glcm_lpq_divergences.csv
   📊 260 linhas escritas
============================================================

================================================================================
📊 RESUMO DA COMPARAÇÃO
================================================================================

🎯 Modelo: KNN_LBP_GLCM_LPQ
📈 Total de imagens: 2000

📊 Distribuição de Acertos:
------------------------------------------------------------
   ✅ Ambos acertaram (C): 1740 (87.00%)
   🟡 Só Relevância (R): 25 (1.25%)
   🟠 Só Soma (S): 34 (1.70%)
   ❌ Nenhum acertou (N): 201 (10.05%)

📈 Diferenças Médias (Relevância - Soma):
------------------------------------------------------------
   Acurácia: -0.0045
   F1-Score: -0.0045
   Recall: -0.0045
   Precision: -0.0050

📋 Imagens com Divergências:
------------------------------------------------------------

🟡 Só Relevância Acertou (25 imagens):
   • cat108: Real=1, Relevância=1, Soma=0
   • cat155: Real=1, Relevância=1, Soma=0
   • cat166: Real=1, Relevância=1, Soma=0
   • cat234: Real=1, Relevância=1, Soma=0
   • cat279: Real=1, Relevância=1, Soma=0
   • cat352: Real=1, Relevância=1, Soma=0
   • cat354: Real=1, Relevância=1, Soma=0
   • cat396: Real=1, Relevância=1, Soma=0
   • cat399: Real=1, Relevância=1, Soma=0
   • cat57: Real=1, Relevância=1, Soma=0
   • dog174: Real=0, Relevância=0, Soma=1
   • dog301: Real=0, Relevância=0, Soma=1
   • dog355: Real=0, Relevância=0, Soma=2
   • dog401: Real=0, Relevância=0, Soma=1
   • dog485: Real=0, Relevância=0, Soma=1
   • horse1069: Real=3, Relevância=3, Soma=2
   • horse1094: Real=3, Relevância=3, Soma=2
   • horse1119: Real=3, Relevância=3, Soma=1
   • horse1212: Real=3, Relevância=3, Soma=0
   • horse1587: Real=3, Relevância=3, Soma=2
   • horse19: Real=3, Relevância=3, Soma=2
   • horse2039: Real=3, Relevância=3, Soma=2
   • horse2056: Real=3, Relevância=3, Soma=2
   • lion2633: Real=2, Relevância=2, Soma=3
   • lion738: Real=2, Relevância=2, Soma=3

🟠 Só Soma Acertou (34 imagens):
   • cat26: Real=1, Relevância=0, Soma=1
   • cat269: Real=1, Relevância=0, Soma=1
   • cat272: Real=1, Relevância=2, Soma=1
   • cat381: Real=1, Relevância=0, Soma=1
   • cat413: Real=1, Relevância=0, Soma=1
   • cat440: Real=1, Relevância=3, Soma=1
   • cat46: Real=1, Relevância=0, Soma=1
   • cat462: Real=1, Relevância=0, Soma=1
   • cat484: Real=1, Relevância=0, Soma=1
   • cat93: Real=1, Relevância=0, Soma=1
   • dog16: Real=0, Relevância=1, Soma=0
   • dog191: Real=0, Relevância=1, Soma=0
   • dog199: Real=0, Relevância=1, Soma=0
   • dog274: Real=0, Relevância=2, Soma=0
   • dog335: Real=0, Relevância=2, Soma=0
   • dog354: Real=0, Relevância=2, Soma=0
   • dog428: Real=0, Relevância=1, Soma=0
   • dog431: Real=0, Relevância=1, Soma=0
   • dog462: Real=0, Relevância=2, Soma=0
   • dog465: Real=0, Relevância=2, Soma=0
   • dog498: Real=0, Relevância=3, Soma=0
   • dog499: Real=0, Relevância=1, Soma=0
   • dog61: Real=0, Relevância=2, Soma=0
   • dog67: Real=0, Relevância=2, Soma=0
   • dog88: Real=0, Relevância=1, Soma=0
   • horse1098: Real=3, Relevância=2, Soma=3
   • horse1208: Real=3, Relevância=2, Soma=3
   • horse1590: Real=3, Relevância=2, Soma=3
   • horse2054: Real=3, Relevância=0, Soma=3
   • horse2699: Real=3, Relevância=0, Soma=3
   • horse479: Real=3, Relevância=2, Soma=3
   • horse600: Real=3, Relevância=2, Soma=3
   • horse970: Real=3, Relevância=2, Soma=3
   • lion2620: Real=2, Relevância=3, Soma=2

❌ Nenhum Acertou (201 imagens):
   • cat111: Real=1, Relevância=0, Soma=0
   • cat112: Real=1, Relevância=0, Soma=0
   • cat118: Real=1, Relevância=0, Soma=0
   • cat12: Real=1, Relevância=0, Soma=0
   • cat132: Real=1, Relevância=0, Soma=0
   • cat133: Real=1, Relevância=0, Soma=0
   • cat139: Real=1, Relevância=0, Soma=0
   • cat150: Real=1, Relevância=0, Soma=0
   • cat151: Real=1, Relevância=2, Soma=2
   • cat156: Real=1, Relevância=0, Soma=0
   • cat16: Real=1, Relevância=0, Soma=0
   • cat174: Real=1, Relevância=0, Soma=0
   • cat183: Real=1, Relevância=0, Soma=0
   • cat188: Real=1, Relevância=0, Soma=0
   • cat190: Real=1, Relevância=0, Soma=0
   • cat199: Real=1, Relevância=0, Soma=0
   • cat205: Real=1, Relevância=0, Soma=0
   • cat207: Real=1, Relevância=0, Soma=0
   • cat22: Real=1, Relevância=0, Soma=0
   • cat221: Real=1, Relevância=0, Soma=0
   • cat225: Real=1, Relevância=0, Soma=0
   • cat226: Real=1, Relevância=0, Soma=0
   • cat236: Real=1, Relevância=0, Soma=0
   • cat237: Real=1, Relevância=0, Soma=0
   • cat238: Real=1, Relevância=0, Soma=0
   • cat240: Real=1, Relevância=0, Soma=0
   • cat241: Real=1, Relevância=0, Soma=0
   • cat251: Real=1, Relevância=0, Soma=0
   • cat252: Real=1, Relevância=0, Soma=0
   • cat265: Real=1, Relevância=0, Soma=0
   • cat27: Real=1, Relevância=0, Soma=0
   • cat271: Real=1, Relevância=0, Soma=0
   • cat274: Real=1, Relevância=0, Soma=0
   • cat275: Real=1, Relevância=0, Soma=0
   • cat276: Real=1, Relevância=0, Soma=0
   • cat281: Real=1, Relevância=0, Soma=0
   • cat29: Real=1, Relevância=0, Soma=0
   • cat293: Real=1, Relevância=0, Soma=0
   • cat294: Real=1, Relevância=0, Soma=0
   • cat298: Real=1, Relevância=0, Soma=0
   • cat300: Real=1, Relevância=0, Soma=0
   • cat316: Real=1, Relevância=0, Soma=0
   • cat321: Real=1, Relevância=0, Soma=0
   • cat345: Real=1, Relevância=0, Soma=0
   • cat355: Real=1, Relevância=0, Soma=0
   • cat359: Real=1, Relevância=0, Soma=0
   • cat36: Real=1, Relevância=0, Soma=0
   • cat368: Real=1, Relevância=0, Soma=0
   • cat372: Real=1, Relevância=0, Soma=0
   • cat379: Real=1, Relevância=0, Soma=0
   • cat38: Real=1, Relevância=0, Soma=0
   • cat382: Real=1, Relevância=2, Soma=2
   • cat383: Real=1, Relevância=0, Soma=0
   • cat385: Real=1, Relevância=0, Soma=0
   • cat400: Real=1, Relevância=0, Soma=0
   • cat403: Real=1, Relevância=0, Soma=0
   • cat406: Real=1, Relevância=0, Soma=0
   • cat42: Real=1, Relevância=0, Soma=0
   • cat428: Real=1, Relevância=2, Soma=2
   • cat430: Real=1, Relevância=0, Soma=0
   • cat432: Real=1, Relevância=0, Soma=0
   • cat449: Real=1, Relevância=0, Soma=0
   • cat453: Real=1, Relevância=0, Soma=0
   • cat454: Real=1, Relevância=0, Soma=0
   • cat460: Real=1, Relevância=0, Soma=0
   • cat49: Real=1, Relevância=0, Soma=0
   • cat498: Real=1, Relevância=0, Soma=0
   • cat58: Real=1, Relevância=2, Soma=2
   • cat65: Real=1, Relevância=0, Soma=0
   • cat68: Real=1, Relevância=0, Soma=0
   • cat70: Real=1, Relevância=0, Soma=0
   • cat74: Real=1, Relevância=0, Soma=0
   • cat77: Real=1, Relevância=0, Soma=0
   • cat85: Real=1, Relevância=0, Soma=0
   • cat91: Real=1, Relevância=0, Soma=0
   • cat94: Real=1, Relevância=0, Soma=0
   • dog113: Real=0, Relevância=1, Soma=1
   • dog126: Real=0, Relevância=2, Soma=2
   • dog141: Real=0, Relevância=1, Soma=1
   • dog146: Real=0, Relevância=3, Soma=3
   • dog168: Real=0, Relevância=3, Soma=1
   • dog169: Real=0, Relevância=1, Soma=1
   • dog189: Real=0, Relevância=1, Soma=1
   • dog215: Real=0, Relevância=3, Soma=3
   • dog221: Real=0, Relevância=1, Soma=1
   • dog222: Real=0, Relevância=1, Soma=1
   • dog253: Real=0, Relevância=1, Soma=1
   • dog276: Real=0, Relevância=1, Soma=1
   • dog291: Real=0, Relevância=1, Soma=1
   • dog309: Real=0, Relevância=1, Soma=1
   • dog330: Real=0, Relevância=1, Soma=1
   • dog350: Real=0, Relevância=3, Soma=3
   • dog351: Real=0, Relevância=1, Soma=1
   • dog368: Real=0, Relevância=1, Soma=1
   • dog377: Real=0, Relevância=1, Soma=1
   • dog402: Real=0, Relevância=1, Soma=1
   • dog406: Real=0, Relevância=1, Soma=1
   • dog416: Real=0, Relevância=1, Soma=1
   • dog44: Real=0, Relevância=3, Soma=3
   • dog458: Real=0, Relevância=1, Soma=1
   • dog477: Real=0, Relevância=1, Soma=1
   • dog478: Real=0, Relevância=1, Soma=1
   • dog482: Real=0, Relevância=1, Soma=1
   • dog484: Real=0, Relevância=1, Soma=1
   • dog488: Real=0, Relevância=1, Soma=1
   • dog489: Real=0, Relevância=1, Soma=1
   • dog495: Real=0, Relevância=1, Soma=1
   • dog496: Real=0, Relevância=1, Soma=1
   • dog497: Real=0, Relevância=1, Soma=1
   • horse1073: Real=3, Relevância=2, Soma=2
   • horse1122: Real=3, Relevância=2, Soma=2
   • horse1269: Real=3, Relevância=2, Soma=2
   • horse1282: Real=3, Relevância=2, Soma=2
   • horse1293: Real=3, Relevância=2, Soma=2
   • horse1307: Real=3, Relevância=0, Soma=0
   • horse1338: Real=3, Relevância=2, Soma=2
   • horse1384: Real=3, Relevância=2, Soma=2
   • horse1433: Real=3, Relevância=2, Soma=2
   • horse1479: Real=3, Relevância=2, Soma=2
   • horse1483: Real=3, Relevância=2, Soma=2
   • horse18: Real=3, Relevância=2, Soma=2
   • horse2041: Real=3, Relevância=2, Soma=2
   • horse2042: Real=3, Relevância=2, Soma=2
   • horse2045: Real=3, Relevância=2, Soma=2
   • horse2048: Real=3, Relevância=2, Soma=2
   • horse2053: Real=3, Relevância=2, Soma=2
   • horse2055: Real=3, Relevância=2, Soma=2
   • horse2059: Real=3, Relevância=2, Soma=2
   • horse2060: Real=3, Relevância=0, Soma=0
   • horse2061: Real=3, Relevância=2, Soma=2
   • horse2062: Real=3, Relevância=2, Soma=2
   • horse2063: Real=3, Relevância=2, Soma=2
   • horse2398: Real=3, Relevância=2, Soma=2
   • horse2692: Real=3, Relevância=2, Soma=2
   • horse2693: Real=3, Relevância=2, Soma=2
   • horse2694: Real=3, Relevância=2, Soma=2
   • horse2695: Real=3, Relevância=2, Soma=2
   • horse2696: Real=3, Relevância=2, Soma=2
   • horse2698: Real=3, Relevância=2, Soma=2
   • horse2702: Real=3, Relevância=2, Soma=2
   • horse2706: Real=3, Relevância=2, Soma=2
   • horse2709: Real=3, Relevância=2, Soma=2
   • horse32: Real=3, Relevância=2, Soma=2
   • horse33: Real=3, Relevância=2, Soma=2
   • horse347: Real=3, Relevância=2, Soma=2
   • horse359: Real=3, Relevância=2, Soma=2
   • horse460: Real=3, Relevância=2, Soma=2
   • horse470: Real=3, Relevância=2, Soma=2
   • horse515: Real=3, Relevância=2, Soma=2
   • horse580: Real=3, Relevância=2, Soma=2
   • horse598: Real=3, Relevância=2, Soma=2
   • horse602: Real=3, Relevância=2, Soma=2
   • horse650: Real=3, Relevância=0, Soma=0
   • horse7: Real=3, Relevância=2, Soma=2
   • horse809: Real=3, Relevância=0, Soma=0
   • horse850: Real=3, Relevância=0, Soma=0
   • horse899: Real=3, Relevância=2, Soma=2
   • horse90: Real=3, Relevância=2, Soma=2
   • horse937: Real=3, Relevância=0, Soma=0
   • horse961: Real=3, Relevância=0, Soma=0
   • horse973: Real=3, Relevância=2, Soma=2
   • lion1120: Real=2, Relevância=3, Soma=3
   • lion1695: Real=2, Relevância=3, Soma=3
   • lion1871: Real=2, Relevância=0, Soma=0
   • lion1872: Real=2, Relevância=3, Soma=3
   • lion1879: Real=2, Relevância=3, Soma=3
   • lion2099: Real=2, Relevância=3, Soma=3
   • lion2179: Real=2, Relevância=1, Soma=0
   • lion2216: Real=2, Relevância=3, Soma=3
   • lion2322: Real=2, Relevância=3, Soma=3
   • lion2408: Real=2, Relevância=3, Soma=3
   • lion2589: Real=2, Relevância=3, Soma=3
   • lion2590: Real=2, Relevância=3, Soma=3
   • lion2591: Real=2, Relevância=3, Soma=3
   • lion2592: Real=2, Relevância=3, Soma=3
   • lion2599: Real=2, Relevância=3, Soma=3
   • lion2601: Real=2, Relevância=3, Soma=3
   • lion2603: Real=2, Relevância=3, Soma=3
   • lion2605: Real=2, Relevância=3, Soma=3
   • lion2606: Real=2, Relevância=3, Soma=3
   • lion2608: Real=2, Relevância=0, Soma=0
   • lion2611: Real=2, Relevância=3, Soma=3
   • lion2612: Real=2, Relevância=3, Soma=3
   • lion2616: Real=2, Relevância=1, Soma=0
   • lion2617: Real=2, Relevância=3, Soma=3
   • lion2618: Real=2, Relevância=3, Soma=3
   • lion2619: Real=2, Relevância=3, Soma=3
   • lion2623: Real=2, Relevância=3, Soma=3
   • lion2625: Real=2, Relevância=3, Soma=3
   • lion2629: Real=2, Relevância=3, Soma=3
   • lion2631: Real=2, Relevância=3, Soma=3
   • lion2634: Real=2, Relevância=3, Soma=3
   • lion2642: Real=2, Relevância=3, Soma=3
   • lion2650: Real=2, Relevância=3, Soma=3
   • lion2651: Real=2, Relevância=3, Soma=3
   • lion2653: Real=2, Relevância=0, Soma=0
   • lion2682: Real=2, Relevância=3, Soma=3
   • lion393: Real=2, Relevância=0, Soma=0
   • lion42: Real=2, Relevância=3, Soma=3
   • lion671: Real=2, Relevância=0, Soma=0
   • lion9: Real=2, Relevância=3, Soma=3

📁 Arquivos Gerados:
------------------------------------------------------------
   • Comparação: results/experiments/experimento_20251030_195628/comp/csv_exports/knn_lbp_glcm_lpq_comparison.csv
   • Divergências: results/experiments/experimento_20251030_195628/comp/csv_exports/knn_lbp_glcm_lpq_divergences.csv
================================================================================

--------------------------------------------------------------------------------
🔄 Processando: knn_lbp_glcm_results.csv
   🏷️  Modelo: KNN_LBP_GLCM
--------------------------------------------------------------------------------

================================================================================
🚀 PIPELINE: CLASSIFICAÇÃO POR SOMA DE PROBABILIDADES
================================================================================
   📁 CSV de entrada: results/experiments/experimento_20251030_195628/csv_exports/knn_lbp_glcm_results.csv
   📂 Diretório de saída: results/experiments/experimento_20251030_195628/sum
   🏷️  Modelo: KNN_LBP_GLCM
================================================================================

📖 ETAPA 2: Leitura do CSV de entrada
   📁 Arquivo: results/experiments/experimento_20251030_195628/csv_exports/knn_lbp_glcm_results.csv
------------------------------------------------------------
   ✅ 2000 imagens lidas com sucesso
   📊 Exemplo de dados (primeira imagem):
      - Imagem: cat1
      - Label real: 1
      - Label predito (relevância): 1
      - Shape probabilidades: (9, 4)
      - Primeiras probabilidades:
        [[0.5833 0.4167 0.     0.    ]
 [0.2258 0.3387 0.     0.4355]]
============================================================

🔄 ETAPA 5: Processamento de todas as imagens
   📊 Total de imagens: 2000
------------------------------------------------------------
   ✅ 2000 imagens processadas com sucesso
   📊 Labels preditos: 2000
   📊 Somas calculadas: 2000
   📊 Labels reais: 2000

   📈 Distribuição de predições:
      0 (dog): 564 imagens (28.20%)
      1 (cat): 440 imagens (22.00%)
      2 (lion): 510 imagens (25.50%)
      3 (horse): 486 imagens (24.30%)
============================================================

📊 ETAPA 6: Cálculo de métricas globais
   📈 Total de amostras: 2000
------------------------------------------------------------
   ✅ Amostras processadas: 2000

----------------------------------------
Métricas Soma de Probabilidades:
   📊 Acurácia: 86.3500%
   📊 F1: 86.3523%
   📊 Recall: 86.3500%
   📊 Precision: 86.6905%
----------------------------------------
============================================================

📊 ETAPA 7: Geração da matriz de confusão
   📈 Modelo: KNN_LBP_GLCM
   📁 Diretório base: results/experiments/experimento_20251030_195628/sum
   🎨 Colormap: Oranges
------------------------------------------------------------
   ✅ Matriz de confusão gerada
   💾 Arquivo salvo: results/experiments/experimento_20251030_195628/sum/confusion_matrixs/knn_lbp_glcm_confusion_matrix.png
============================================================

📊 ETAPA 8: Exportação para CSV
   📁 Arquivo de saída: results/experiments/experimento_20251030_195628/sum/csv_exports/knn_lbp_glcm_results.csv
   📈 Total de imagens: 2000
------------------------------------------------------------
   ✅ 2000 linhas escritas com sucesso
   💾 Arquivo salvo: results/experiments/experimento_20251030_195628/sum/csv_exports/knn_lbp_glcm_results.csv
============================================================

================================================================================
🎉 PIPELINE CONCLUÍDO COM SUCESSO!
================================================================================
📊 Resumo dos Resultados:
   • Total de imagens: 2000
   • Acurácia: 86.35%
   • F1-Score: 86.35%

📁 Arquivos Gerados:
   • CSV: results/experiments/experimento_20251030_195628/sum/csv_exports/knn_lbp_glcm_results.csv
   • Matriz de Confusão: results/experiments/experimento_20251030_195628/sum/confusion_matrixs/knn_lbp_glcm_confusion_matrix.png
================================================================================


🔄 Gerando CSV comparativo...

================================================================================
📊 ETAPA 9: GERAÇÃO DE CSV COMPARATIVO
================================================================================
   📂 Diretório de saída: results/experiments/experimento_20251030_195628
   🏷️  Modelo: KNN_LBP_GLCM
================================================================================

📖 ETAPA 9.1: Preparação dos dados
------------------------------------------------------------
   ✅ 2000 imagens da técnica de relevância
   ✅ 2000 imagens da técnica de soma
============================================================

🔍 ETAPA 9.2: Validação de Consistência
------------------------------------------------------------
   ✅ Conjuntos de imagens coincidem: 2000 imagens
   ✅ Labels reais consistentes
============================================================

🔄 ETAPA 9.3: Processamento e Comparação
------------------------------------------------------------
   ✅ 2000 linhas processadas
   📊 Estatísticas de acerto:
      C (Ambos acertaram): 1687 (84.35%)
      R (Só Relevância): 18 (0.90%)
      S (Só Soma): 40 (2.00%)
      N (Nenhum acertou): 255 (12.75%)
============================================================

💾 ETAPA 9.4: Exportação do CSV de Comparação
------------------------------------------------------------
   ✅ CSV de comparação salvo: results/experiments/experimento_20251030_195628/comp/csv_exports/knn_lbp_glcm_comparison.csv
   📊 2000 linhas escritas
============================================================

💾 ETAPA 9.5: Exportação do CSV de Divergências
------------------------------------------------------------
   ✅ CSV de divergências salvo: results/experiments/experimento_20251030_195628/comp/csv_exports/knn_lbp_glcm_divergences.csv
   📊 313 linhas escritas
============================================================

================================================================================
📊 RESUMO DA COMPARAÇÃO
================================================================================

🎯 Modelo: KNN_LBP_GLCM
📈 Total de imagens: 2000

📊 Distribuição de Acertos:
------------------------------------------------------------
   ✅ Ambos acertaram (C): 1687 (84.35%)
   🟡 Só Relevância (R): 18 (0.90%)
   🟠 Só Soma (S): 40 (2.00%)
   ❌ Nenhum acertou (N): 255 (12.75%)

📈 Diferenças Médias (Relevância - Soma):
------------------------------------------------------------
   Acurácia: -0.0110
   F1-Score: -0.0112
   Recall: -0.0110
   Precision: -0.0112

📋 Imagens com Divergências:
------------------------------------------------------------

🟡 Só Relevância Acertou (18 imagens):
   • cat13: Real=1, Relevância=1, Soma=0
   • cat236: Real=1, Relevância=1, Soma=0
   • cat249: Real=1, Relevância=1, Soma=0
   • cat279: Real=1, Relevância=1, Soma=0
   • cat336: Real=1, Relevância=1, Soma=0
   • cat387: Real=1, Relevância=1, Soma=0
   • cat498: Real=1, Relevância=1, Soma=0
   • cat65: Real=1, Relevância=1, Soma=0
   • cat67: Real=1, Relevância=1, Soma=0
   • dog263: Real=0, Relevância=0, Soma=1
   • dog264: Real=0, Relevância=0, Soma=1
   • dog276: Real=0, Relevância=0, Soma=1
   • dog429: Real=0, Relevância=0, Soma=3
   • horse2040: Real=3, Relevância=3, Soma=2
   • horse2056: Real=3, Relevância=3, Soma=2
   • lion2339: Real=2, Relevância=2, Soma=0
   • lion2682: Real=2, Relevância=2, Soma=3
   • lion8: Real=2, Relevância=2, Soma=0

🟠 Só Soma Acertou (40 imagens):
   • cat10: Real=1, Relevância=0, Soma=1
   • cat198: Real=1, Relevância=0, Soma=1
   • cat205: Real=1, Relevância=3, Soma=1
   • cat215: Real=1, Relevância=0, Soma=1
   • cat259: Real=1, Relevância=0, Soma=1
   • cat306: Real=1, Relevância=3, Soma=1
   • cat33: Real=1, Relevância=3, Soma=1
   • cat350: Real=1, Relevância=0, Soma=1
   • cat358: Real=1, Relevância=0, Soma=1
   • cat434: Real=1, Relevância=0, Soma=1
   • cat460: Real=1, Relevância=0, Soma=1
   • cat462: Real=1, Relevância=0, Soma=1
   • cat466: Real=1, Relevância=0, Soma=1
   • cat47: Real=1, Relevância=0, Soma=1
   • cat71: Real=1, Relevância=0, Soma=1
   • cat84: Real=1, Relevância=3, Soma=1
   • cat99: Real=1, Relevância=0, Soma=1
   • dog195: Real=0, Relevância=1, Soma=0
   • dog307: Real=0, Relevância=1, Soma=0
   • dog335: Real=0, Relevância=2, Soma=0
   • dog354: Real=0, Relevância=2, Soma=0
   • dog370: Real=0, Relevância=3, Soma=0
   • dog401: Real=0, Relevância=3, Soma=0
   • dog467: Real=0, Relevância=1, Soma=0
   • dog477: Real=0, Relevância=1, Soma=0
   • dog484: Real=0, Relevância=1, Soma=0
   • dog88: Real=0, Relevância=1, Soma=0
   • horse1069: Real=3, Relevância=0, Soma=3
   • horse1122: Real=3, Relevância=2, Soma=3
   • horse1343: Real=3, Relevância=2, Soma=3
   • horse1474: Real=3, Relevância=2, Soma=3
   • horse2682: Real=3, Relevância=2, Soma=3
   • horse2695: Real=3, Relevância=2, Soma=3
   • horse498: Real=3, Relevância=2, Soma=3
   • horse682: Real=3, Relevância=0, Soma=3
   • horse9: Real=3, Relevância=2, Soma=3
   • lion2602: Real=2, Relevância=3, Soma=2
   • lion2608: Real=2, Relevância=0, Soma=2
   • lion2681: Real=2, Relevância=3, Soma=2
   • lion6: Real=2, Relevância=3, Soma=2

❌ Nenhum Acertou (255 imagens):
   • cat102: Real=1, Relevância=0, Soma=0
   • cat108: Real=1, Relevância=0, Soma=0
   • cat11: Real=1, Relevância=0, Soma=0
   • cat112: Real=1, Relevância=3, Soma=0
   • cat113: Real=1, Relevância=0, Soma=0
   • cat117: Real=1, Relevância=0, Soma=0
   • cat127: Real=1, Relevância=0, Soma=0
   • cat132: Real=1, Relevância=0, Soma=0
   • cat133: Real=1, Relevância=0, Soma=0
   • cat139: Real=1, Relevância=0, Soma=0
   • cat141: Real=1, Relevância=0, Soma=0
   • cat146: Real=1, Relevância=0, Soma=0
   • cat151: Real=1, Relevância=2, Soma=3
   • cat152: Real=1, Relevância=0, Soma=0
   • cat155: Real=1, Relevância=0, Soma=0
   • cat156: Real=1, Relevância=0, Soma=0
   • cat170: Real=1, Relevância=2, Soma=2
   • cat172: Real=1, Relevância=0, Soma=0
   • cat183: Real=1, Relevância=0, Soma=0
   • cat188: Real=1, Relevância=0, Soma=0
   • cat190: Real=1, Relevância=0, Soma=0
   • cat199: Real=1, Relevância=0, Soma=0
   • cat202: Real=1, Relevância=0, Soma=0
   • cat212: Real=1, Relevância=0, Soma=0
   • cat22: Real=1, Relevância=0, Soma=0
   • cat221: Real=1, Relevância=0, Soma=0
   • cat225: Real=1, Relevância=0, Soma=0
   • cat226: Real=1, Relevância=0, Soma=0
   • cat229: Real=1, Relevância=0, Soma=0
   • cat23: Real=1, Relevância=0, Soma=0
   • cat237: Real=1, Relevância=0, Soma=0
   • cat239: Real=1, Relevância=2, Soma=2
   • cat240: Real=1, Relevância=0, Soma=0
   • cat242: Real=1, Relevância=0, Soma=0
   • cat251: Real=1, Relevância=0, Soma=0
   • cat252: Real=1, Relevância=0, Soma=0
   • cat26: Real=1, Relevância=0, Soma=0
   • cat265: Real=1, Relevância=0, Soma=0
   • cat27: Real=1, Relevância=0, Soma=0
   • cat271: Real=1, Relevância=0, Soma=0
   • cat272: Real=1, Relevância=2, Soma=0
   • cat273: Real=1, Relevância=0, Soma=0
   • cat274: Real=1, Relevância=0, Soma=0
   • cat275: Real=1, Relevância=0, Soma=0
   • cat276: Real=1, Relevância=0, Soma=0
   • cat280: Real=1, Relevância=0, Soma=0
   • cat281: Real=1, Relevância=0, Soma=0
   • cat293: Real=1, Relevância=0, Soma=0
   • cat294: Real=1, Relevância=0, Soma=0
   • cat296: Real=1, Relevância=0, Soma=0
   • cat301: Real=1, Relevância=0, Soma=0
   • cat302: Real=1, Relevância=0, Soma=0
   • cat304: Real=1, Relevância=0, Soma=0
   • cat305: Real=1, Relevância=0, Soma=0
   • cat314: Real=1, Relevância=0, Soma=0
   • cat316: Real=1, Relevância=0, Soma=0
   • cat320: Real=1, Relevância=0, Soma=0
   • cat321: Real=1, Relevância=0, Soma=0
   • cat345: Real=1, Relevância=0, Soma=0
   • cat352: Real=1, Relevância=0, Soma=0
   • cat354: Real=1, Relevância=0, Soma=0
   • cat359: Real=1, Relevância=0, Soma=0
   • cat36: Real=1, Relevância=0, Soma=0
   • cat368: Real=1, Relevância=0, Soma=0
   • cat372: Real=1, Relevância=0, Soma=0
   • cat379: Real=1, Relevância=0, Soma=0
   • cat38: Real=1, Relevância=0, Soma=0
   • cat381: Real=1, Relevância=0, Soma=0
   • cat382: Real=1, Relevância=2, Soma=2
   • cat385: Real=1, Relevância=0, Soma=0
   • cat391: Real=1, Relevância=0, Soma=0
   • cat395: Real=1, Relevância=0, Soma=0
   • cat399: Real=1, Relevância=0, Soma=0
   • cat400: Real=1, Relevância=0, Soma=0
   • cat401: Real=1, Relevância=0, Soma=0
   • cat403: Real=1, Relevância=0, Soma=0
   • cat406: Real=1, Relevância=0, Soma=0
   • cat415: Real=1, Relevância=0, Soma=0
   • cat42: Real=1, Relevância=0, Soma=0
   • cat428: Real=1, Relevância=2, Soma=2
   • cat430: Real=1, Relevância=0, Soma=0
   • cat432: Real=1, Relevância=0, Soma=0
   • cat44: Real=1, Relevância=0, Soma=0
   • cat440: Real=1, Relevância=3, Soma=3
   • cat443: Real=1, Relevância=0, Soma=0
   • cat449: Real=1, Relevância=0, Soma=0
   • cat453: Real=1, Relevância=0, Soma=0
   • cat454: Real=1, Relevância=0, Soma=0
   • cat49: Real=1, Relevância=0, Soma=0
   • cat496: Real=1, Relevância=0, Soma=0
   • cat50: Real=1, Relevância=0, Soma=0
   • cat66: Real=1, Relevância=0, Soma=0
   • cat68: Real=1, Relevância=0, Soma=0
   • cat70: Real=1, Relevância=0, Soma=0
   • cat85: Real=1, Relevância=0, Soma=0
   • cat9: Real=1, Relevância=0, Soma=0
   • cat91: Real=1, Relevância=2, Soma=0
   • cat93: Real=1, Relevância=0, Soma=0
   • cat94: Real=1, Relevância=0, Soma=0
   • dog107: Real=0, Relevância=1, Soma=1
   • dog126: Real=0, Relevância=2, Soma=2
   • dog151: Real=0, Relevância=1, Soma=1
   • dog158: Real=0, Relevância=2, Soma=2
   • dog168: Real=0, Relevância=3, Soma=3
   • dog169: Real=0, Relevância=1, Soma=1
   • dog180: Real=0, Relevância=1, Soma=1
   • dog197: Real=0, Relevância=1, Soma=1
   • dog200: Real=0, Relevância=1, Soma=1
   • dog204: Real=0, Relevância=1, Soma=1
   • dog215: Real=0, Relevância=1, Soma=1
   • dog221: Real=0, Relevância=1, Soma=1
   • dog238: Real=0, Relevância=1, Soma=1
   • dog253: Real=0, Relevância=1, Soma=1
   • dog261: Real=0, Relevância=1, Soma=1
   • dog283: Real=0, Relevância=3, Soma=3
   • dog294: Real=0, Relevância=1, Soma=1
   • dog301: Real=0, Relevância=1, Soma=1
   • dog309: Real=0, Relevância=1, Soma=1
   • dog330: Real=0, Relevância=1, Soma=1
   • dog350: Real=0, Relevância=3, Soma=3
   • dog351: Real=0, Relevância=1, Soma=1
   • dog355: Real=0, Relevância=2, Soma=2
   • dog377: Real=0, Relevância=1, Soma=1
   • dog385: Real=0, Relevância=1, Soma=1
   • dog402: Real=0, Relevância=1, Soma=1
   • dog405: Real=0, Relevância=1, Soma=1
   • dog406: Real=0, Relevância=1, Soma=1
   • dog410: Real=0, Relevância=1, Soma=1
   • dog416: Real=0, Relevância=1, Soma=1
   • dog428: Real=0, Relevância=1, Soma=1
   • dog432: Real=0, Relevância=1, Soma=1
   • dog450: Real=0, Relevância=1, Soma=1
   • dog458: Real=0, Relevância=3, Soma=3
   • dog469: Real=0, Relevância=1, Soma=1
   • dog483: Real=0, Relevância=1, Soma=1
   • dog485: Real=0, Relevância=1, Soma=1
   • dog488: Real=0, Relevância=1, Soma=1
   • dog489: Real=0, Relevância=1, Soma=1
   • dog493: Real=0, Relevância=2, Soma=2
   • dog495: Real=0, Relevância=1, Soma=1
   • dog496: Real=0, Relevância=1, Soma=1
   • dog497: Real=0, Relevância=1, Soma=1
   • dog498: Real=0, Relevância=3, Soma=3
   • dog57: Real=0, Relevância=1, Soma=1
   • dog61: Real=0, Relevância=2, Soma=1
   • dog63: Real=0, Relevância=1, Soma=1
   • dog69: Real=0, Relevância=1, Soma=1
   • dog76: Real=0, Relevância=1, Soma=1
   • dog86: Real=0, Relevância=1, Soma=1
   • dog87: Real=0, Relevância=1, Soma=1
   • horse1094: Real=3, Relevância=2, Soma=2
   • horse1098: Real=3, Relevância=2, Soma=2
   • horse1119: Real=3, Relevância=1, Soma=1
   • horse1212: Real=3, Relevância=0, Soma=0
   • horse1226: Real=3, Relevância=2, Soma=2
   • horse1269: Real=3, Relevância=2, Soma=2
   • horse1282: Real=3, Relevância=2, Soma=2
   • horse1283: Real=3, Relevância=2, Soma=2
   • horse1293: Real=3, Relevância=2, Soma=2
   • horse1305: Real=3, Relevância=2, Soma=2
   • horse1307: Real=3, Relevância=0, Soma=0
   • horse1316: Real=3, Relevância=2, Soma=2
   • horse1338: Real=3, Relevância=2, Soma=2
   • horse1367: Real=3, Relevância=2, Soma=2
   • horse1384: Real=3, Relevância=2, Soma=2
   • horse1402: Real=3, Relevância=2, Soma=2
   • horse1423: Real=3, Relevância=2, Soma=2
   • horse1433: Real=3, Relevância=2, Soma=2
   • horse1483: Real=3, Relevância=2, Soma=2
   • horse1587: Real=3, Relevância=2, Soma=2
   • horse18: Real=3, Relevância=2, Soma=2
   • horse19: Real=3, Relevância=2, Soma=2
   • horse2039: Real=3, Relevância=2, Soma=2
   • horse2041: Real=3, Relevância=2, Soma=2
   • horse2042: Real=3, Relevância=2, Soma=2
   • horse2045: Real=3, Relevância=2, Soma=2
   • horse2048: Real=3, Relevância=2, Soma=2
   • horse2050: Real=3, Relevância=2, Soma=2
   • horse2053: Real=3, Relevância=2, Soma=2
   • horse2060: Real=3, Relevância=0, Soma=0
   • horse2061: Real=3, Relevância=2, Soma=2
   • horse2062: Real=3, Relevância=2, Soma=2
   • horse2063: Real=3, Relevância=2, Soma=2
   • horse2398: Real=3, Relevância=2, Soma=2
   • horse2692: Real=3, Relevância=2, Soma=2
   • horse2693: Real=3, Relevância=2, Soma=2
   • horse2694: Real=3, Relevância=2, Soma=2
   • horse2696: Real=3, Relevância=2, Soma=2
   • horse2698: Real=3, Relevância=2, Soma=2
   • horse2702: Real=3, Relevância=2, Soma=2
   • horse2706: Real=3, Relevância=2, Soma=2
   • horse2709: Real=3, Relevância=2, Soma=2
   • horse33: Real=3, Relevância=2, Soma=2
   • horse347: Real=3, Relevância=2, Soma=2
   • horse359: Real=3, Relevância=2, Soma=2
   • horse460: Real=3, Relevância=2, Soma=2
   • horse470: Real=3, Relevância=2, Soma=2
   • horse515: Real=3, Relevância=2, Soma=2
   • horse598: Real=3, Relevância=2, Soma=2
   • horse602: Real=3, Relevância=2, Soma=2
   • horse634: Real=3, Relevância=0, Soma=0
   • horse650: Real=3, Relevância=0, Soma=0
   • horse7: Real=3, Relevância=2, Soma=2
   • horse774: Real=3, Relevância=2, Soma=2
   • horse850: Real=3, Relevância=0, Soma=0
   • horse90: Real=3, Relevância=2, Soma=2
   • horse961: Real=3, Relevância=0, Soma=0
   • horse973: Real=3, Relevância=2, Soma=2
   • lion103: Real=2, Relevância=3, Soma=3
   • lion1036: Real=2, Relevância=3, Soma=3
   • lion1120: Real=2, Relevância=3, Soma=3
   • lion1695: Real=2, Relevância=3, Soma=3
   • lion1871: Real=2, Relevância=0, Soma=0
   • lion1872: Real=2, Relevância=3, Soma=3
   • lion1884: Real=2, Relevância=0, Soma=3
   • lion2050: Real=2, Relevância=1, Soma=0
   • lion2096: Real=2, Relevância=0, Soma=0
   • lion2099: Real=2, Relevância=3, Soma=3
   • lion2179: Real=2, Relevância=0, Soma=0
   • lion2216: Real=2, Relevância=3, Soma=3
   • lion2257: Real=2, Relevância=3, Soma=3
   • lion2322: Real=2, Relevância=3, Soma=3
   • lion2408: Real=2, Relevância=3, Soma=3
   • lion2589: Real=2, Relevância=3, Soma=3
   • lion2590: Real=2, Relevância=3, Soma=3
   • lion2591: Real=2, Relevância=3, Soma=3
   • lion2592: Real=2, Relevância=3, Soma=3
   • lion2598: Real=2, Relevância=3, Soma=3
   • lion2599: Real=2, Relevância=3, Soma=3
   • lion2600: Real=2, Relevância=3, Soma=3
   • lion2603: Real=2, Relevância=3, Soma=3
   • lion2605: Real=2, Relevância=3, Soma=3
   • lion2606: Real=2, Relevância=3, Soma=3
   • lion2611: Real=2, Relevância=3, Soma=3
   • lion2616: Real=2, Relevância=1, Soma=1
   • lion2617: Real=2, Relevância=3, Soma=3
   • lion2618: Real=2, Relevância=1, Soma=1
   • lion2620: Real=2, Relevância=3, Soma=3
   • lion2623: Real=2, Relevância=3, Soma=3
   • lion2625: Real=2, Relevância=3, Soma=3
   • lion2629: Real=2, Relevância=3, Soma=3
   • lion2633: Real=2, Relevância=3, Soma=3
   • lion2634: Real=2, Relevância=3, Soma=3
   • lion2638: Real=2, Relevância=3, Soma=3
   • lion2642: Real=2, Relevância=3, Soma=3
   • lion2646: Real=2, Relevância=0, Soma=0
   • lion2651: Real=2, Relevância=3, Soma=3
   • lion2653: Real=2, Relevância=0, Soma=0
   • lion2664: Real=2, Relevância=3, Soma=3
   • lion2668: Real=2, Relevância=3, Soma=3
   • lion393: Real=2, Relevância=0, Soma=0
   • lion42: Real=2, Relevância=3, Soma=3
   • lion671: Real=2, Relevância=0, Soma=0
   • lion738: Real=2, Relevância=3, Soma=3
   • lion9: Real=2, Relevância=3, Soma=3

📁 Arquivos Gerados:
------------------------------------------------------------
   • Comparação: results/experiments/experimento_20251030_195628/comp/csv_exports/knn_lbp_glcm_comparison.csv
   • Divergências: results/experiments/experimento_20251030_195628/comp/csv_exports/knn_lbp_glcm_divergences.csv
================================================================================

--------------------------------------------------------------------------------
🔄 Processando: knn_lbp_lpq_results.csv
   🏷️  Modelo: KNN_LBP_LPQ
--------------------------------------------------------------------------------

================================================================================
🚀 PIPELINE: CLASSIFICAÇÃO POR SOMA DE PROBABILIDADES
================================================================================
   📁 CSV de entrada: results/experiments/experimento_20251030_195628/csv_exports/knn_lbp_lpq_results.csv
   📂 Diretório de saída: results/experiments/experimento_20251030_195628/sum
   🏷️  Modelo: KNN_LBP_LPQ
================================================================================

📖 ETAPA 2: Leitura do CSV de entrada
   📁 Arquivo: results/experiments/experimento_20251030_195628/csv_exports/knn_lbp_lpq_results.csv
------------------------------------------------------------
   ✅ 2000 imagens lidas com sucesso
   📊 Exemplo de dados (primeira imagem):
      - Imagem: cat1
      - Label real: 1
      - Label predito (relevância): 1
      - Shape probabilidades: (9, 4)
      - Primeiras probabilidades:
        [[0.4615 0.5385 0.     0.    ]
 [0.3396 0.6604 0.     0.    ]]
============================================================

🔄 ETAPA 5: Processamento de todas as imagens
   📊 Total de imagens: 2000
------------------------------------------------------------
   ✅ 2000 imagens processadas com sucesso
   📊 Labels preditos: 2000
   📊 Somas calculadas: 2000
   📊 Labels reais: 2000

   📈 Distribuição de predições:
      0 (dog): 489 imagens (24.45%)
      1 (cat): 507 imagens (25.35%)
      2 (lion): 525 imagens (26.25%)
      3 (horse): 479 imagens (23.95%)
============================================================

📊 ETAPA 6: Cálculo de métricas globais
   📈 Total de amostras: 2000
------------------------------------------------------------
   ✅ Amostras processadas: 2000

----------------------------------------
Métricas Soma de Probabilidades:
   📊 Acurácia: 87.9500%
   📊 F1: 87.9365%
   📊 Recall: 87.9500%
   📊 Precision: 87.9774%
----------------------------------------
============================================================

📊 ETAPA 7: Geração da matriz de confusão
   📈 Modelo: KNN_LBP_LPQ
   📁 Diretório base: results/experiments/experimento_20251030_195628/sum
   🎨 Colormap: Oranges
------------------------------------------------------------
   ✅ Matriz de confusão gerada
   💾 Arquivo salvo: results/experiments/experimento_20251030_195628/sum/confusion_matrixs/knn_lbp_lpq_confusion_matrix.png
============================================================

📊 ETAPA 8: Exportação para CSV
   📁 Arquivo de saída: results/experiments/experimento_20251030_195628/sum/csv_exports/knn_lbp_lpq_results.csv
   📈 Total de imagens: 2000
------------------------------------------------------------
   ✅ 2000 linhas escritas com sucesso
   💾 Arquivo salvo: results/experiments/experimento_20251030_195628/sum/csv_exports/knn_lbp_lpq_results.csv
============================================================

================================================================================
🎉 PIPELINE CONCLUÍDO COM SUCESSO!
================================================================================
📊 Resumo dos Resultados:
   • Total de imagens: 2000
   • Acurácia: 87.95%
   • F1-Score: 87.94%

📁 Arquivos Gerados:
   • CSV: results/experiments/experimento_20251030_195628/sum/csv_exports/knn_lbp_lpq_results.csv
   • Matriz de Confusão: results/experiments/experimento_20251030_195628/sum/confusion_matrixs/knn_lbp_lpq_confusion_matrix.png
================================================================================


🔄 Gerando CSV comparativo...

================================================================================
📊 ETAPA 9: GERAÇÃO DE CSV COMPARATIVO
================================================================================
   📂 Diretório de saída: results/experiments/experimento_20251030_195628
   🏷️  Modelo: KNN_LBP_LPQ
================================================================================

📖 ETAPA 9.1: Preparação dos dados
------------------------------------------------------------
   ✅ 2000 imagens da técnica de relevância
   ✅ 2000 imagens da técnica de soma
============================================================

🔍 ETAPA 9.2: Validação de Consistência
------------------------------------------------------------
   ✅ Conjuntos de imagens coincidem: 2000 imagens
   ✅ Labels reais consistentes
============================================================

🔄 ETAPA 9.3: Processamento e Comparação
------------------------------------------------------------
   ✅ 2000 linhas processadas
   📊 Estatísticas de acerto:
      C (Ambos acertaram): 1715 (85.75%)
      R (Só Relevância): 29 (1.45%)
      S (Só Soma): 44 (2.20%)
      N (Nenhum acertou): 212 (10.60%)
============================================================

💾 ETAPA 9.4: Exportação do CSV de Comparação
------------------------------------------------------------
   ✅ CSV de comparação salvo: results/experiments/experimento_20251030_195628/comp/csv_exports/knn_lbp_lpq_comparison.csv
   📊 2000 linhas escritas
============================================================

💾 ETAPA 9.5: Exportação do CSV de Divergências
------------------------------------------------------------
   ✅ CSV de divergências salvo: results/experiments/experimento_20251030_195628/comp/csv_exports/knn_lbp_lpq_divergences.csv
   📊 285 linhas escritas
============================================================

================================================================================
📊 RESUMO DA COMPARAÇÃO
================================================================================

🎯 Modelo: KNN_LBP_LPQ
📈 Total de imagens: 2000

📊 Distribuição de Acertos:
------------------------------------------------------------
   ✅ Ambos acertaram (C): 1715 (85.75%)
   🟡 Só Relevância (R): 29 (1.45%)
   🟠 Só Soma (S): 44 (2.20%)
   ❌ Nenhum acertou (N): 212 (10.60%)

📈 Diferenças Médias (Relevância - Soma):
------------------------------------------------------------
   Acurácia: -0.0075
   F1-Score: -0.0078
   Recall: -0.0075
   Precision: -0.0066

📋 Imagens com Divergências:
------------------------------------------------------------

🟡 Só Relevância Acertou (29 imagens):
   • cat139: Real=1, Relevância=1, Soma=0
   • cat177: Real=1, Relevância=1, Soma=0
   • cat190: Real=1, Relevância=1, Soma=0
   • cat242: Real=1, Relevância=1, Soma=0
   • cat27: Real=1, Relevância=1, Soma=0
   • cat281: Real=1, Relevância=1, Soma=0
   • cat293: Real=1, Relevância=1, Soma=0
   • cat300: Real=1, Relevância=1, Soma=0
   • cat322: Real=1, Relevância=1, Soma=0
   • cat352: Real=1, Relevância=1, Soma=0
   • cat359: Real=1, Relevância=1, Soma=0
   • cat367: Real=1, Relevância=1, Soma=0
   • cat368: Real=1, Relevância=1, Soma=0
   • cat408: Real=1, Relevância=1, Soma=0
   • cat419: Real=1, Relevância=1, Soma=0
   • cat42: Real=1, Relevância=1, Soma=0
   • cat454: Real=1, Relevância=1, Soma=0
   • cat461: Real=1, Relevância=1, Soma=0
   • dog128: Real=0, Relevância=0, Soma=1
   • dog194: Real=0, Relevância=0, Soma=1
   • dog204: Real=0, Relevância=0, Soma=1
   • dog402: Real=0, Relevância=0, Soma=1
   • dog458: Real=0, Relevância=0, Soma=1
   • horse1069: Real=3, Relevância=3, Soma=2
   • horse1307: Real=3, Relevância=3, Soma=2
   • horse1423: Real=3, Relevância=3, Soma=2
   • lion2633: Real=2, Relevância=2, Soma=3
   • lion2649: Real=2, Relevância=2, Soma=3
   • lion2682: Real=2, Relevância=2, Soma=3

🟠 Só Soma Acertou (44 imagens):
   • cat14: Real=1, Relevância=0, Soma=1
   • cat156: Real=1, Relevância=0, Soma=1
   • cat199: Real=1, Relevância=0, Soma=1
   • cat205: Real=1, Relevância=0, Soma=1
   • cat282: Real=1, Relevância=0, Soma=1
   • cat294: Real=1, Relevância=2, Soma=1
   • cat338: Real=1, Relevância=0, Soma=1
   • cat413: Real=1, Relevância=0, Soma=1
   • cat46: Real=1, Relevância=0, Soma=1
   • cat491: Real=1, Relevância=0, Soma=1
   • dog111: Real=0, Relevância=1, Soma=0
   • dog119: Real=0, Relevância=1, Soma=0
   • dog127: Real=0, Relevância=1, Soma=0
   • dog143: Real=0, Relevância=3, Soma=0
   • dog153: Real=0, Relevância=1, Soma=0
   • dog18: Real=0, Relevância=1, Soma=0
   • dog183: Real=0, Relevância=1, Soma=0
   • dog234: Real=0, Relevância=2, Soma=0
   • dog249: Real=0, Relevância=3, Soma=0
   • dog26: Real=0, Relevância=1, Soma=0
   • dog299: Real=0, Relevância=2, Soma=0
   • dog320: Real=0, Relevância=1, Soma=0
   • dog338: Real=0, Relevância=1, Soma=0
   • dog343: Real=0, Relevância=2, Soma=0
   • dog376: Real=0, Relevância=1, Soma=0
   • dog400: Real=0, Relevância=1, Soma=0
   • dog431: Real=0, Relevância=1, Soma=0
   • dog465: Real=0, Relevância=3, Soma=0
   • dog480: Real=0, Relevância=1, Soma=0
   • dog493: Real=0, Relevância=1, Soma=0
   • dog54: Real=0, Relevância=1, Soma=0
   • dog6: Real=0, Relevância=1, Soma=0
   • dog62: Real=0, Relevância=1, Soma=0
   • dog67: Real=0, Relevância=2, Soma=0
   • horse1322: Real=3, Relevância=2, Soma=3
   • horse1350: Real=3, Relevância=2, Soma=3
   • horse2058: Real=3, Relevância=2, Soma=3
   • horse472: Real=3, Relevância=2, Soma=3
   • horse498: Real=3, Relevância=2, Soma=3
   • horse530: Real=3, Relevância=2, Soma=3
   • horse580: Real=3, Relevância=2, Soma=3
   • horse821: Real=3, Relevância=2, Soma=3
   • lion2099: Real=2, Relevância=3, Soma=2
   • lion2408: Real=2, Relevância=3, Soma=2

❌ Nenhum Acertou (212 imagens):
   • cat111: Real=1, Relevância=0, Soma=0
   • cat112: Real=1, Relevância=0, Soma=0
   • cat118: Real=1, Relevância=0, Soma=0
   • cat132: Real=1, Relevância=0, Soma=0
   • cat150: Real=1, Relevância=0, Soma=0
   • cat151: Real=1, Relevância=2, Soma=2
   • cat166: Real=1, Relevância=0, Soma=0
   • cat207: Real=1, Relevância=0, Soma=0
   • cat214: Real=1, Relevância=0, Soma=0
   • cat221: Real=1, Relevância=0, Soma=0
   • cat225: Real=1, Relevância=0, Soma=0
   • cat234: Real=1, Relevância=0, Soma=0
   • cat240: Real=1, Relevância=0, Soma=0
   • cat241: Real=1, Relevância=0, Soma=0
   • cat251: Real=1, Relevância=0, Soma=0
   • cat252: Real=1, Relevância=0, Soma=0
   • cat271: Real=1, Relevância=0, Soma=0
   • cat272: Real=1, Relevância=2, Soma=0
   • cat274: Real=1, Relevância=0, Soma=0
   • cat275: Real=1, Relevância=0, Soma=0
   • cat276: Real=1, Relevância=0, Soma=0
   • cat279: Real=1, Relevância=0, Soma=0
   • cat29: Real=1, Relevância=0, Soma=0
   • cat298: Real=1, Relevância=0, Soma=0
   • cat343: Real=1, Relevância=0, Soma=0
   • cat345: Real=1, Relevância=0, Soma=0
   • cat360: Real=1, Relevância=0, Soma=0
   • cat372: Real=1, Relevância=0, Soma=0
   • cat382: Real=1, Relevância=2, Soma=2
   • cat383: Real=1, Relevância=0, Soma=0
   • cat396: Real=1, Relevância=0, Soma=0
   • cat403: Real=1, Relevância=0, Soma=0
   • cat406: Real=1, Relevância=2, Soma=0
   • cat428: Real=1, Relevância=2, Soma=2
   • cat432: Real=1, Relevância=0, Soma=0
   • cat470: Real=1, Relevância=0, Soma=0
   • cat58: Real=1, Relevância=3, Soma=3
   • cat68: Real=1, Relevância=0, Soma=0
   • cat91: Real=1, Relevância=0, Soma=0
   • dog104: Real=0, Relevância=1, Soma=1
   • dog11: Real=0, Relevância=1, Soma=1
   • dog113: Real=0, Relevância=1, Soma=1
   • dog126: Real=0, Relevância=2, Soma=2
   • dog133: Real=0, Relevância=2, Soma=2
   • dog139: Real=0, Relevância=2, Soma=2
   • dog141: Real=0, Relevância=1, Soma=1
   • dog146: Real=0, Relevância=3, Soma=3
   • dog151: Real=0, Relevância=1, Soma=1
   • dog16: Real=0, Relevância=1, Soma=1
   • dog168: Real=0, Relevância=3, Soma=3
   • dog170: Real=0, Relevância=1, Soma=1
   • dog171: Real=0, Relevância=1, Soma=1
   • dog174: Real=0, Relevância=1, Soma=1
   • dog179: Real=0, Relevância=1, Soma=1
   • dog189: Real=0, Relevância=1, Soma=1
   • dog191: Real=0, Relevância=1, Soma=1
   • dog197: Real=0, Relevância=1, Soma=1
   • dog199: Real=0, Relevância=1, Soma=1
   • dog200: Real=0, Relevância=1, Soma=1
   • dog215: Real=0, Relevância=3, Soma=3
   • dog216: Real=0, Relevância=1, Soma=1
   • dog221: Real=0, Relevância=1, Soma=1
   • dog237: Real=0, Relevância=1, Soma=1
   • dog253: Real=0, Relevância=1, Soma=1
   • dog273: Real=0, Relevância=1, Soma=1
   • dog274: Real=0, Relevância=2, Soma=2
   • dog276: Real=0, Relevância=1, Soma=1
   • dog283: Real=0, Relevância=3, Soma=3
   • dog290: Real=0, Relevância=2, Soma=2
   • dog291: Real=0, Relevância=1, Soma=1
   • dog295: Real=0, Relevância=1, Soma=1
   • dog301: Real=0, Relevância=1, Soma=1
   • dog309: Real=0, Relevância=1, Soma=1
   • dog315: Real=0, Relevância=1, Soma=1
   • dog321: Real=0, Relevância=1, Soma=1
   • dog350: Real=0, Relevância=3, Soma=3
   • dog351: Real=0, Relevância=1, Soma=1
   • dog353: Real=0, Relevância=1, Soma=1
   • dog354: Real=0, Relevância=2, Soma=2
   • dog355: Real=0, Relevância=1, Soma=1
   • dog365: Real=0, Relevância=1, Soma=1
   • dog368: Real=0, Relevância=1, Soma=1
   • dog377: Real=0, Relevância=1, Soma=1
   • dog383: Real=0, Relevância=1, Soma=1
   • dog390: Real=0, Relevância=1, Soma=1
   • dog416: Real=0, Relevância=1, Soma=1
   • dog423: Real=0, Relevância=1, Soma=1
   • dog428: Real=0, Relevância=1, Soma=1
   • dog44: Real=0, Relevância=3, Soma=3
   • dog462: Real=0, Relevância=2, Soma=2
   • dog467: Real=0, Relevância=1, Soma=1
   • dog474: Real=0, Relevância=3, Soma=3
   • dog477: Real=0, Relevância=1, Soma=1
   • dog478: Real=0, Relevância=1, Soma=1
   • dog479: Real=0, Relevância=1, Soma=1
   • dog482: Real=0, Relevância=1, Soma=1
   • dog484: Real=0, Relevância=1, Soma=1
   • dog488: Real=0, Relevância=1, Soma=1
   • dog489: Real=0, Relevância=1, Soma=1
   • dog491: Real=0, Relevância=1, Soma=1
   • dog495: Real=0, Relevância=1, Soma=1
   • dog496: Real=0, Relevância=1, Soma=1
   • dog497: Real=0, Relevância=1, Soma=1
   • dog498: Real=0, Relevância=3, Soma=3
   • dog60: Real=0, Relevância=1, Soma=1
   • dog63: Real=0, Relevância=1, Soma=1
   • dog76: Real=0, Relevância=1, Soma=1
   • dog86: Real=0, Relevância=1, Soma=1
   • dog88: Real=0, Relevância=1, Soma=1
   • dog93: Real=0, Relevância=1, Soma=1
   • horse1029: Real=3, Relevância=2, Soma=2
   • horse1046: Real=3, Relevância=2, Soma=2
   • horse1073: Real=3, Relevância=2, Soma=2
   • horse1098: Real=3, Relevância=2, Soma=2
   • horse1117: Real=3, Relevância=2, Soma=2
   • horse1119: Real=3, Relevância=1, Soma=1
   • horse1122: Real=3, Relevância=2, Soma=2
   • horse1209: Real=3, Relevância=1, Soma=1
   • horse1282: Real=3, Relevância=2, Soma=2
   • horse1293: Real=3, Relevância=2, Soma=2
   • horse1338: Real=3, Relevância=2, Soma=2
   • horse1341: Real=3, Relevância=2, Soma=2
   • horse1384: Real=3, Relevância=2, Soma=2
   • horse1433: Real=3, Relevância=2, Soma=2
   • horse1479: Real=3, Relevância=2, Soma=2
   • horse1483: Real=3, Relevância=2, Soma=2
   • horse1590: Real=3, Relevância=2, Soma=2
   • horse18: Real=3, Relevância=2, Soma=2
   • horse2039: Real=3, Relevância=2, Soma=2
   • horse2041: Real=3, Relevância=2, Soma=2
   • horse2042: Real=3, Relevância=2, Soma=2
   • horse2045: Real=3, Relevância=2, Soma=2
   • horse2048: Real=3, Relevância=2, Soma=2
   • horse2053: Real=3, Relevância=2, Soma=2
   • horse2054: Real=3, Relevância=0, Soma=0
   • horse2055: Real=3, Relevância=2, Soma=2
   • horse2056: Real=3, Relevância=2, Soma=2
   • horse2059: Real=3, Relevância=2, Soma=2
   • horse2060: Real=3, Relevância=0, Soma=0
   • horse2061: Real=3, Relevância=2, Soma=2
   • horse2062: Real=3, Relevância=2, Soma=2
   • horse2063: Real=3, Relevância=2, Soma=2
   • horse2398: Real=3, Relevância=2, Soma=2
   • horse2692: Real=3, Relevância=2, Soma=2
   • horse2693: Real=3, Relevância=2, Soma=2
   • horse2694: Real=3, Relevância=2, Soma=2
   • horse2695: Real=3, Relevância=2, Soma=2
   • horse2696: Real=3, Relevância=2, Soma=2
   • horse2698: Real=3, Relevância=2, Soma=2
   • horse2699: Real=3, Relevância=0, Soma=0
   • horse2702: Real=3, Relevância=2, Soma=2
   • horse2706: Real=3, Relevância=2, Soma=2
   • horse2709: Real=3, Relevância=2, Soma=2
   • horse32: Real=3, Relevância=2, Soma=2
   • horse33: Real=3, Relevância=2, Soma=2
   • horse347: Real=3, Relevância=2, Soma=2
   • horse359: Real=3, Relevância=2, Soma=2
   • horse460: Real=3, Relevância=2, Soma=2
   • horse470: Real=3, Relevância=2, Soma=2
   • horse515: Real=3, Relevância=2, Soma=2
   • horse598: Real=3, Relevância=2, Soma=2
   • horse600: Real=3, Relevância=2, Soma=2
   • horse602: Real=3, Relevância=2, Soma=2
   • horse650: Real=3, Relevância=2, Soma=0
   • horse682: Real=3, Relevância=1, Soma=1
   • horse7: Real=3, Relevância=2, Soma=2
   • horse850: Real=3, Relevância=0, Soma=0
   • horse896: Real=3, Relevância=0, Soma=0
   • horse899: Real=3, Relevância=2, Soma=2
   • horse90: Real=3, Relevância=2, Soma=2
   • horse937: Real=3, Relevância=0, Soma=0
   • horse961: Real=3, Relevância=0, Soma=0
   • horse970: Real=3, Relevância=2, Soma=2
   • horse973: Real=3, Relevância=2, Soma=2
   • lion1120: Real=2, Relevância=3, Soma=3
   • lion1695: Real=2, Relevância=3, Soma=3
   • lion1871: Real=2, Relevância=3, Soma=3
   • lion1879: Real=2, Relevância=3, Soma=3
   • lion1988: Real=2, Relevância=3, Soma=3
   • lion2216: Real=2, Relevância=3, Soma=3
   • lion2322: Real=2, Relevância=3, Soma=3
   • lion2589: Real=2, Relevância=3, Soma=3
   • lion2590: Real=2, Relevância=3, Soma=3
   • lion2591: Real=2, Relevância=3, Soma=3
   • lion2592: Real=2, Relevância=3, Soma=3
   • lion2596: Real=2, Relevância=3, Soma=3
   • lion2599: Real=2, Relevância=3, Soma=3
   • lion2601: Real=2, Relevância=3, Soma=3
   • lion2602: Real=2, Relevância=3, Soma=3
   • lion2603: Real=2, Relevância=3, Soma=3
   • lion2605: Real=2, Relevância=3, Soma=3
   • lion2606: Real=2, Relevância=3, Soma=3
   • lion2608: Real=2, Relevância=0, Soma=0
   • lion2611: Real=2, Relevância=3, Soma=3
   • lion2612: Real=2, Relevância=3, Soma=3
   • lion2616: Real=2, Relevância=0, Soma=0
   • lion2617: Real=2, Relevância=3, Soma=3
   • lion2618: Real=2, Relevância=3, Soma=3
   • lion2619: Real=2, Relevância=3, Soma=3
   • lion2623: Real=2, Relevância=3, Soma=3
   • lion2625: Real=2, Relevância=3, Soma=3
   • lion2631: Real=2, Relevância=3, Soma=3
   • lion2634: Real=2, Relevância=3, Soma=3
   • lion2642: Real=2, Relevância=3, Soma=3
   • lion2650: Real=2, Relevância=3, Soma=3
   • lion2651: Real=2, Relevância=3, Soma=3
   • lion2653: Real=2, Relevância=3, Soma=3
   • lion393: Real=2, Relevância=0, Soma=0
   • lion42: Real=2, Relevância=3, Soma=3
   • lion671: Real=2, Relevância=3, Soma=0
   • lion738: Real=2, Relevância=3, Soma=3
   • lion9: Real=2, Relevância=3, Soma=3

📁 Arquivos Gerados:
------------------------------------------------------------
   • Comparação: results/experiments/experimento_20251030_195628/comp/csv_exports/knn_lbp_lpq_comparison.csv
   • Divergências: results/experiments/experimento_20251030_195628/comp/csv_exports/knn_lbp_lpq_divergences.csv
================================================================================

--------------------------------------------------------------------------------
🔄 Processando: knn_lbp_results.csv
   🏷️  Modelo: KNN_LBP
--------------------------------------------------------------------------------

================================================================================
🚀 PIPELINE: CLASSIFICAÇÃO POR SOMA DE PROBABILIDADES
================================================================================
   📁 CSV de entrada: results/experiments/experimento_20251030_195628/csv_exports/knn_lbp_results.csv
   📂 Diretório de saída: results/experiments/experimento_20251030_195628/sum
   🏷️  Modelo: KNN_LBP
================================================================================

📖 ETAPA 2: Leitura do CSV de entrada
   📁 Arquivo: results/experiments/experimento_20251030_195628/csv_exports/knn_lbp_results.csv
------------------------------------------------------------
   ✅ 2000 imagens lidas com sucesso
   📊 Exemplo de dados (primeira imagem):
      - Imagem: cat1
      - Label real: 1
      - Label predito (relevância): 1
      - Shape probabilidades: (9, 4)
      - Primeiras probabilidades:
        [[0.3333 0.6667 0.     0.    ]
 [0.25   0.75   0.     0.    ]]
============================================================

🔄 ETAPA 5: Processamento de todas as imagens
   📊 Total de imagens: 2000
------------------------------------------------------------
   ✅ 2000 imagens processadas com sucesso
   📊 Labels preditos: 2000
   📊 Somas calculadas: 2000
   📊 Labels reais: 2000

   📈 Distribuição de predições:
      0 (dog): 488 imagens (24.40%)
      1 (cat): 503 imagens (25.15%)
      2 (lion): 532 imagens (26.60%)
      3 (horse): 477 imagens (23.85%)
============================================================

📊 ETAPA 6: Cálculo de métricas globais
   📈 Total de amostras: 2000
------------------------------------------------------------
   ✅ Amostras processadas: 2000

----------------------------------------
Métricas Soma de Probabilidades:
   📊 Acurácia: 85.0500%
   📊 F1: 85.0326%
   📊 Recall: 85.0500%
   📊 Precision: 85.0879%
----------------------------------------
============================================================

📊 ETAPA 7: Geração da matriz de confusão
   📈 Modelo: KNN_LBP
   📁 Diretório base: results/experiments/experimento_20251030_195628/sum
   🎨 Colormap: Oranges
------------------------------------------------------------
   ✅ Matriz de confusão gerada
   💾 Arquivo salvo: results/experiments/experimento_20251030_195628/sum/confusion_matrixs/knn_lbp_confusion_matrix.png
============================================================

📊 ETAPA 8: Exportação para CSV
   📁 Arquivo de saída: results/experiments/experimento_20251030_195628/sum/csv_exports/knn_lbp_results.csv
   📈 Total de imagens: 2000
------------------------------------------------------------
   ✅ 2000 linhas escritas com sucesso
   💾 Arquivo salvo: results/experiments/experimento_20251030_195628/sum/csv_exports/knn_lbp_results.csv
============================================================

================================================================================
🎉 PIPELINE CONCLUÍDO COM SUCESSO!
================================================================================
📊 Resumo dos Resultados:
   • Total de imagens: 2000
   • Acurácia: 85.05%
   • F1-Score: 85.03%

📁 Arquivos Gerados:
   • CSV: results/experiments/experimento_20251030_195628/sum/csv_exports/knn_lbp_results.csv
   • Matriz de Confusão: results/experiments/experimento_20251030_195628/sum/confusion_matrixs/knn_lbp_confusion_matrix.png
================================================================================


🔄 Gerando CSV comparativo...

================================================================================
📊 ETAPA 9: GERAÇÃO DE CSV COMPARATIVO
================================================================================
   📂 Diretório de saída: results/experiments/experimento_20251030_195628
   🏷️  Modelo: KNN_LBP
================================================================================

📖 ETAPA 9.1: Preparação dos dados
------------------------------------------------------------
   ✅ 2000 imagens da técnica de relevância
   ✅ 2000 imagens da técnica de soma
============================================================

🔍 ETAPA 9.2: Validação de Consistência
------------------------------------------------------------
   ✅ Conjuntos de imagens coincidem: 2000 imagens
   ✅ Labels reais consistentes
============================================================

🔄 ETAPA 9.3: Processamento e Comparação
------------------------------------------------------------
   ✅ 2000 linhas processadas
   📊 Estatísticas de acerto:
      C (Ambos acertaram): 1646 (82.30%)
      R (Só Relevância): 27 (1.35%)
      S (Só Soma): 55 (2.75%)
      N (Nenhum acertou): 272 (13.60%)
============================================================

💾 ETAPA 9.4: Exportação do CSV de Comparação
------------------------------------------------------------
   ✅ CSV de comparação salvo: results/experiments/experimento_20251030_195628/comp/csv_exports/knn_lbp_comparison.csv
   📊 2000 linhas escritas
============================================================

💾 ETAPA 9.5: Exportação do CSV de Divergências
------------------------------------------------------------
   ✅ CSV de divergências salvo: results/experiments/experimento_20251030_195628/comp/csv_exports/knn_lbp_divergences.csv
   📊 354 linhas escritas
============================================================

================================================================================
📊 RESUMO DA COMPARAÇÃO
================================================================================

🎯 Modelo: KNN_LBP
📈 Total de imagens: 2000

📊 Distribuição de Acertos:
------------------------------------------------------------
   ✅ Ambos acertaram (C): 1646 (82.30%)
   🟡 Só Relevância (R): 27 (1.35%)
   🟠 Só Soma (S): 55 (2.75%)
   ❌ Nenhum acertou (N): 272 (13.60%)

📈 Diferenças Médias (Relevância - Soma):
------------------------------------------------------------
   Acurácia: -0.0140
   F1-Score: -0.0145
   Recall: -0.0140
   Precision: -0.0135

📋 Imagens com Divergências:
------------------------------------------------------------

🟡 Só Relevância Acertou (27 imagens):
   • cat118: Real=1, Relevância=1, Soma=0
   • cat22: Real=1, Relevância=1, Soma=0
   • cat221: Real=1, Relevância=1, Soma=0
   • cat239: Real=1, Relevância=1, Soma=2
   • cat279: Real=1, Relevância=1, Soma=0
   • cat300: Real=1, Relevância=1, Soma=0
   • cat303: Real=1, Relevância=1, Soma=0
   • cat352: Real=1, Relevância=1, Soma=0
   • cat358: Real=1, Relevância=1, Soma=0
   • cat419: Real=1, Relevância=1, Soma=0
   • cat42: Real=1, Relevância=1, Soma=0
   • cat423: Real=1, Relevância=1, Soma=0
   • cat449: Real=1, Relevância=1, Soma=0
   • cat491: Real=1, Relevância=1, Soma=0
   • cat498: Real=1, Relevância=1, Soma=0
   • cat73: Real=1, Relevância=1, Soma=0
   • dog222: Real=0, Relevância=0, Soma=1
   • dog243: Real=0, Relevância=0, Soma=2
   • dog291: Real=0, Relevância=0, Soma=1
   • dog399: Real=0, Relevância=0, Soma=1
   • dog462: Real=0, Relevância=0, Soma=2
   • dog60: Real=0, Relevância=0, Soma=1
   • horse1232: Real=3, Relevância=3, Soma=2
   • horse1587: Real=3, Relevância=3, Soma=2
   • lion2638: Real=2, Relevância=2, Soma=3
   • lion393: Real=2, Relevância=2, Soma=0
   • lion8: Real=2, Relevância=2, Soma=0

🟠 Só Soma Acertou (55 imagens):
   • cat150: Real=1, Relevância=0, Soma=1
   • cat183: Real=1, Relevância=0, Soma=1
   • cat205: Real=1, Relevância=3, Soma=1
   • cat244: Real=1, Relevância=0, Soma=1
   • cat324: Real=1, Relevância=0, Soma=1
   • cat334: Real=1, Relevância=0, Soma=1
   • cat371: Real=1, Relevância=0, Soma=1
   • cat392: Real=1, Relevância=0, Soma=1
   • cat434: Real=1, Relevância=0, Soma=1
   • cat440: Real=1, Relevância=3, Soma=1
   • cat66: Real=1, Relevância=0, Soma=1
   • dog107: Real=0, Relevância=1, Soma=0
   • dog115: Real=0, Relevância=1, Soma=0
   • dog124: Real=0, Relevância=1, Soma=0
   • dog143: Real=0, Relevância=1, Soma=0
   • dog155: Real=0, Relevância=3, Soma=0
   • dog168: Real=0, Relevância=3, Soma=0
   • dog170: Real=0, Relevância=1, Soma=0
   • dog190: Real=0, Relevância=3, Soma=0
   • dog206: Real=0, Relevância=1, Soma=0
   • dog227: Real=0, Relevância=2, Soma=0
   • dog23: Real=0, Relevância=1, Soma=0
   • dog237: Real=0, Relevância=1, Soma=0
   • dog24: Real=0, Relevância=1, Soma=0
   • dog251: Real=0, Relevância=1, Soma=0
   • dog26: Real=0, Relevância=1, Soma=0
   • dog268: Real=0, Relevância=1, Soma=0
   • dog270: Real=0, Relevância=1, Soma=0
   • dog295: Real=0, Relevância=1, Soma=0
   • dog328: Real=0, Relevância=1, Soma=0
   • dog335: Real=0, Relevância=1, Soma=0
   • dog365: Real=0, Relevância=1, Soma=0
   • dog390: Real=0, Relevância=1, Soma=0
   • dog4: Real=0, Relevância=1, Soma=0
   • dog405: Real=0, Relevância=1, Soma=0
   • dog428: Real=0, Relevância=1, Soma=0
   • dog43: Real=0, Relevância=1, Soma=0
   • dog453: Real=0, Relevância=2, Soma=0
   • dog464: Real=0, Relevância=2, Soma=0
   • dog480: Real=0, Relevância=1, Soma=0
   • dog54: Real=0, Relevância=1, Soma=0
   • dog61: Real=0, Relevância=2, Soma=0
   • dog62: Real=0, Relevância=1, Soma=0
   • dog63: Real=0, Relevância=1, Soma=0
   • dog67: Real=0, Relevância=2, Soma=0
   • dog87: Real=0, Relevância=1, Soma=0
   • dog95: Real=0, Relevância=1, Soma=0
   • horse1098: Real=3, Relevância=2, Soma=3
   • horse1474: Real=3, Relevância=2, Soma=3
   • horse498: Real=3, Relevância=2, Soma=3
   • lion1603: Real=2, Relevância=3, Soma=2
   • lion1695: Real=2, Relevância=3, Soma=2
   • lion1977: Real=2, Relevância=3, Soma=2
   • lion2620: Real=2, Relevância=3, Soma=2
   • lion6: Real=2, Relevância=3, Soma=2

❌ Nenhum Acertou (272 imagens):
   • cat111: Real=1, Relevância=0, Soma=0
   • cat112: Real=1, Relevância=0, Soma=0
   • cat117: Real=1, Relevância=0, Soma=0
   • cat126: Real=1, Relevância=0, Soma=0
   • cat133: Real=1, Relevância=0, Soma=0
   • cat151: Real=1, Relevância=2, Soma=2
   • cat155: Real=1, Relevância=0, Soma=0
   • cat166: Real=1, Relevância=0, Soma=0
   • cat170: Real=1, Relevância=2, Soma=2
   • cat175: Real=1, Relevância=0, Soma=0
   • cat188: Real=1, Relevância=0, Soma=0
   • cat190: Real=1, Relevância=0, Soma=0
   • cat193: Real=1, Relevância=0, Soma=0
   • cat199: Real=1, Relevância=0, Soma=0
   • cat207: Real=1, Relevância=0, Soma=0
   • cat225: Real=1, Relevância=0, Soma=0
   • cat226: Real=1, Relevância=0, Soma=0
   • cat234: Real=1, Relevância=0, Soma=0
   • cat240: Real=1, Relevância=0, Soma=0
   • cat242: Real=1, Relevância=0, Soma=0
   • cat252: Real=1, Relevância=0, Soma=0
   • cat253: Real=1, Relevância=0, Soma=0
   • cat259: Real=1, Relevância=3, Soma=0
   • cat26: Real=1, Relevância=2, Soma=2
   • cat265: Real=1, Relevância=0, Soma=0
   • cat27: Real=1, Relevância=0, Soma=0
   • cat271: Real=1, Relevância=0, Soma=0
   • cat272: Real=1, Relevância=0, Soma=0
   • cat274: Real=1, Relevância=0, Soma=0
   • cat275: Real=1, Relevância=0, Soma=0
   • cat276: Real=1, Relevância=0, Soma=0
   • cat281: Real=1, Relevância=0, Soma=0
   • cat29: Real=1, Relevância=0, Soma=0
   • cat294: Real=1, Relevância=0, Soma=0
   • cat301: Real=1, Relevância=0, Soma=0
   • cat305: Real=1, Relevância=0, Soma=0
   • cat313: Real=1, Relevância=0, Soma=0
   • cat345: Real=1, Relevância=0, Soma=0
   • cat354: Real=1, Relevância=0, Soma=0
   • cat36: Real=1, Relevância=0, Soma=0
   • cat360: Real=1, Relevância=0, Soma=0
   • cat368: Real=1, Relevância=0, Soma=0
   • cat372: Real=1, Relevância=0, Soma=0
   • cat38: Real=1, Relevância=0, Soma=0
   • cat382: Real=1, Relevância=2, Soma=2
   • cat383: Real=1, Relevância=0, Soma=0
   • cat385: Real=1, Relevância=0, Soma=0
   • cat386: Real=1, Relevância=3, Soma=3
   • cat399: Real=1, Relevância=0, Soma=0
   • cat400: Real=1, Relevância=0, Soma=0
   • cat403: Real=1, Relevância=0, Soma=0
   • cat406: Real=1, Relevância=2, Soma=2
   • cat428: Real=1, Relevância=2, Soma=2
   • cat44: Real=1, Relevância=0, Soma=0
   • cat453: Real=1, Relevância=0, Soma=0
   • cat454: Real=1, Relevância=0, Soma=0
   • cat470: Real=1, Relevância=0, Soma=0
   • cat49: Real=1, Relevância=0, Soma=0
   • cat57: Real=1, Relevância=0, Soma=0
   • cat65: Real=1, Relevância=0, Soma=0
   • cat68: Real=1, Relevância=0, Soma=0
   • cat70: Real=1, Relevância=0, Soma=0
   • cat85: Real=1, Relevância=2, Soma=0
   • cat94: Real=1, Relevância=0, Soma=0
   • dog111: Real=0, Relevância=1, Soma=1
   • dog113: Real=0, Relevância=1, Soma=1
   • dog123: Real=0, Relevância=1, Soma=1
   • dog126: Real=0, Relevância=2, Soma=2
   • dog133: Real=0, Relevância=2, Soma=2
   • dog135: Real=0, Relevância=1, Soma=1
   • dog14: Real=0, Relevância=1, Soma=1
   • dog141: Real=0, Relevância=1, Soma=1
   • dog146: Real=0, Relevância=3, Soma=3
   • dog150: Real=0, Relevância=1, Soma=1
   • dog151: Real=0, Relevância=1, Soma=1
   • dog158: Real=0, Relevância=2, Soma=2
   • dog16: Real=0, Relevância=1, Soma=1
   • dog160: Real=0, Relevância=1, Soma=1
   • dog172: Real=0, Relevância=1, Soma=1
   • dog174: Real=0, Relevância=1, Soma=1
   • dog183: Real=0, Relevância=1, Soma=1
   • dog19: Real=0, Relevância=1, Soma=1
   • dog191: Real=0, Relevância=1, Soma=1
   • dog192: Real=0, Relevância=1, Soma=1
   • dog195: Real=0, Relevância=1, Soma=1
   • dog196: Real=0, Relevância=3, Soma=3
   • dog197: Real=0, Relevância=1, Soma=1
   • dog200: Real=0, Relevância=1, Soma=1
   • dog204: Real=0, Relevância=1, Soma=1
   • dog211: Real=0, Relevância=1, Soma=1
   • dog215: Real=0, Relevância=1, Soma=1
   • dog216: Real=0, Relevância=1, Soma=1
   • dog221: Real=0, Relevância=1, Soma=1
   • dog233: Real=0, Relevância=2, Soma=2
   • dog253: Real=0, Relevância=1, Soma=1
   • dog261: Real=0, Relevância=1, Soma=1
   • dog263: Real=0, Relevância=1, Soma=1
   • dog265: Real=0, Relevância=1, Soma=1
   • dog27: Real=0, Relevância=1, Soma=1
   • dog276: Real=0, Relevância=1, Soma=1
   • dog283: Real=0, Relevância=3, Soma=3
   • dog290: Real=0, Relevância=1, Soma=1
   • dog299: Real=0, Relevância=3, Soma=3
   • dog301: Real=0, Relevância=1, Soma=1
   • dog306: Real=0, Relevância=1, Soma=1
   • dog309: Real=0, Relevância=1, Soma=1
   • dog310: Real=0, Relevância=1, Soma=1
   • dog330: Real=0, Relevância=1, Soma=1
   • dog337: Real=0, Relevância=1, Soma=1
   • dog338: Real=0, Relevância=1, Soma=1
   • dog350: Real=0, Relevância=3, Soma=3
   • dog351: Real=0, Relevância=1, Soma=1
   • dog353: Real=0, Relevância=1, Soma=1
   • dog354: Real=0, Relevância=2, Soma=2
   • dog355: Real=0, Relevância=1, Soma=2
   • dog363: Real=0, Relevância=1, Soma=1
   • dog368: Real=0, Relevância=1, Soma=1
   • dog377: Real=0, Relevância=1, Soma=1
   • dog381: Real=0, Relevância=1, Soma=1
   • dog385: Real=0, Relevância=1, Soma=1
   • dog395: Real=0, Relevância=1, Soma=1
   • dog41: Real=0, Relevância=1, Soma=1
   • dog410: Real=0, Relevância=1, Soma=1
   • dog416: Real=0, Relevância=1, Soma=1
   • dog423: Real=0, Relevância=1, Soma=1
   • dog432: Real=0, Relevância=1, Soma=1
   • dog437: Real=0, Relevância=1, Soma=1
   • dog44: Real=0, Relevância=3, Soma=3
   • dog458: Real=0, Relevância=1, Soma=1
   • dog46: Real=0, Relevância=1, Soma=1
   • dog467: Real=0, Relevância=1, Soma=1
   • dog474: Real=0, Relevância=1, Soma=3
   • dog478: Real=0, Relevância=1, Soma=1
   • dog479: Real=0, Relevância=1, Soma=1
   • dog482: Real=0, Relevância=1, Soma=1
   • dog485: Real=0, Relevância=1, Soma=1
   • dog488: Real=0, Relevância=1, Soma=1
   • dog489: Real=0, Relevância=1, Soma=1
   • dog490: Real=0, Relevância=1, Soma=1
   • dog491: Real=0, Relevância=1, Soma=1
   • dog493: Real=0, Relevância=1, Soma=1
   • dog495: Real=0, Relevância=1, Soma=1
   • dog496: Real=0, Relevância=1, Soma=1
   • dog497: Real=0, Relevância=1, Soma=1
   • dog498: Real=0, Relevância=3, Soma=3
   • dog52: Real=0, Relevância=1, Soma=1
   • dog58: Real=0, Relevância=1, Soma=1
   • dog69: Real=0, Relevância=1, Soma=1
   • dog75: Real=0, Relevância=1, Soma=1
   • dog76: Real=0, Relevância=1, Soma=1
   • dog86: Real=0, Relevância=1, Soma=1
   • dog88: Real=0, Relevância=1, Soma=1
   • dog91: Real=0, Relevância=1, Soma=1
   • dog93: Real=0, Relevância=1, Soma=1
   • dog94: Real=0, Relevância=1, Soma=1
   • horse1069: Real=3, Relevância=2, Soma=2
   • horse1073: Real=3, Relevância=2, Soma=2
   • horse1094: Real=3, Relevância=2, Soma=2
   • horse1119: Real=3, Relevância=1, Soma=0
   • horse1122: Real=3, Relevância=2, Soma=2
   • horse1209: Real=3, Relevância=0, Soma=0
   • horse1282: Real=3, Relevância=2, Soma=2
   • horse1283: Real=3, Relevância=2, Soma=2
   • horse1293: Real=3, Relevância=2, Soma=2
   • horse1305: Real=3, Relevância=2, Soma=2
   • horse1307: Real=3, Relevância=0, Soma=0
   • horse1338: Real=3, Relevância=2, Soma=2
   • horse1343: Real=3, Relevância=2, Soma=2
   • horse1367: Real=3, Relevância=2, Soma=2
   • horse1372: Real=3, Relevância=2, Soma=2
   • horse1384: Real=3, Relevância=2, Soma=2
   • horse1402: Real=3, Relevância=2, Soma=2
   • horse1423: Real=3, Relevância=2, Soma=2
   • horse1433: Real=3, Relevância=2, Soma=2
   • horse1461: Real=3, Relevância=2, Soma=2
   • horse1479: Real=3, Relevância=2, Soma=2
   • horse1483: Real=3, Relevância=2, Soma=2
   • horse1590: Real=3, Relevância=2, Soma=2
   • horse18: Real=3, Relevância=2, Soma=2
   • horse19: Real=3, Relevância=2, Soma=2
   • horse2039: Real=3, Relevância=2, Soma=2
   • horse2041: Real=3, Relevância=2, Soma=2
   • horse2042: Real=3, Relevância=2, Soma=2
   • horse2045: Real=3, Relevância=2, Soma=2
   • horse2048: Real=3, Relevância=2, Soma=2
   • horse2053: Real=3, Relevância=2, Soma=2
   • horse2055: Real=3, Relevância=2, Soma=2
   • horse2056: Real=3, Relevância=2, Soma=2
   • horse2060: Real=3, Relevância=2, Soma=2
   • horse2061: Real=3, Relevância=2, Soma=2
   • horse2062: Real=3, Relevância=2, Soma=2
   • horse2063: Real=3, Relevância=2, Soma=2
   • horse2242: Real=3, Relevância=2, Soma=2
   • horse2398: Real=3, Relevância=2, Soma=2
   • horse2682: Real=3, Relevância=2, Soma=2
   • horse2692: Real=3, Relevância=2, Soma=2
   • horse2693: Real=3, Relevância=2, Soma=2
   • horse2694: Real=3, Relevância=2, Soma=2
   • horse2695: Real=3, Relevância=2, Soma=2
   • horse2696: Real=3, Relevância=2, Soma=2
   • horse2698: Real=3, Relevância=2, Soma=2
   • horse2701: Real=3, Relevância=2, Soma=2
   • horse2702: Real=3, Relevância=2, Soma=2
   • horse2706: Real=3, Relevância=2, Soma=2
   • horse2709: Real=3, Relevância=2, Soma=2
   • horse33: Real=3, Relevância=2, Soma=2
   • horse347: Real=3, Relevância=2, Soma=2
   • horse359: Real=3, Relevância=2, Soma=2
   • horse470: Real=3, Relevância=2, Soma=2
   • horse472: Real=3, Relevância=2, Soma=2
   • horse515: Real=3, Relevância=2, Soma=2
   • horse556: Real=3, Relevância=1, Soma=1
   • horse598: Real=3, Relevância=2, Soma=2
   • horse602: Real=3, Relevância=2, Soma=2
   • horse650: Real=3, Relevância=2, Soma=0
   • horse682: Real=3, Relevância=1, Soma=1
   • horse7: Real=3, Relevância=2, Soma=2
   • horse706: Real=3, Relevância=2, Soma=2
   • horse711: Real=3, Relevância=2, Soma=2
   • horse774: Real=3, Relevância=2, Soma=2
   • horse803: Real=3, Relevância=0, Soma=0
   • horse821: Real=3, Relevância=2, Soma=2
   • horse850: Real=3, Relevância=0, Soma=0
   • horse9: Real=3, Relevância=2, Soma=2
   • horse90: Real=3, Relevância=2, Soma=2
   • horse961: Real=3, Relevância=0, Soma=0
   • horse973: Real=3, Relevância=2, Soma=2
   • lion1034: Real=2, Relevância=3, Soma=3
   • lion1036: Real=2, Relevância=3, Soma=3
   • lion1119: Real=2, Relevância=3, Soma=3
   • lion1120: Real=2, Relevância=3, Soma=3
   • lion1871: Real=2, Relevância=3, Soma=3
   • lion1872: Real=2, Relevância=3, Soma=3
   • lion1884: Real=2, Relevância=3, Soma=3
   • lion2050: Real=2, Relevância=3, Soma=3
   • lion2216: Real=2, Relevância=3, Soma=3
   • lion2339: Real=2, Relevância=0, Soma=0
   • lion2590: Real=2, Relevância=3, Soma=3
   • lion2592: Real=2, Relevância=3, Soma=3
   • lion2596: Real=2, Relevância=3, Soma=3
   • lion2598: Real=2, Relevância=3, Soma=3
   • lion2599: Real=2, Relevância=3, Soma=3
   • lion2600: Real=2, Relevância=3, Soma=3
   • lion2602: Real=2, Relevância=3, Soma=3
   • lion2603: Real=2, Relevância=3, Soma=3
   • lion2605: Real=2, Relevância=3, Soma=3
   • lion2606: Real=2, Relevância=3, Soma=3
   • lion2611: Real=2, Relevância=3, Soma=3
   • lion2612: Real=2, Relevância=3, Soma=3
   • lion2616: Real=2, Relevância=0, Soma=0
   • lion2617: Real=2, Relevância=3, Soma=3
   • lion2618: Real=2, Relevância=3, Soma=3
   • lion2619: Real=2, Relevância=3, Soma=3
   • lion2623: Real=2, Relevância=3, Soma=3
   • lion2625: Real=2, Relevância=3, Soma=3
   • lion2629: Real=2, Relevância=3, Soma=3
   • lion2631: Real=2, Relevância=3, Soma=3
   • lion2633: Real=2, Relevância=3, Soma=3
   • lion2634: Real=2, Relevância=3, Soma=3
   • lion2642: Real=2, Relevância=3, Soma=3
   • lion2649: Real=2, Relevância=3, Soma=3
   • lion2650: Real=2, Relevância=3, Soma=3
   • lion2651: Real=2, Relevância=3, Soma=3
   • lion2653: Real=2, Relevância=0, Soma=0
   • lion2664: Real=2, Relevância=3, Soma=3
   • lion2680: Real=2, Relevância=3, Soma=3
   • lion2681: Real=2, Relevância=3, Soma=3
   • lion2682: Real=2, Relevância=3, Soma=3
   • lion42: Real=2, Relevância=3, Soma=3
   • lion671: Real=2, Relevância=0, Soma=0
   • lion738: Real=2, Relevância=3, Soma=3
   • lion9: Real=2, Relevância=3, Soma=3

📁 Arquivos Gerados:
------------------------------------------------------------
   • Comparação: results/experiments/experimento_20251030_195628/comp/csv_exports/knn_lbp_comparison.csv
   • Divergências: results/experiments/experimento_20251030_195628/comp/csv_exports/knn_lbp_divergences.csv
================================================================================

--------------------------------------------------------------------------------
🔄 Processando: knn_lpq_results.csv
   🏷️  Modelo: KNN_LPQ
--------------------------------------------------------------------------------

================================================================================
🚀 PIPELINE: CLASSIFICAÇÃO POR SOMA DE PROBABILIDADES
================================================================================
   📁 CSV de entrada: results/experiments/experimento_20251030_195628/csv_exports/knn_lpq_results.csv
   📂 Diretório de saída: results/experiments/experimento_20251030_195628/sum
   🏷️  Modelo: KNN_LPQ
================================================================================

📖 ETAPA 2: Leitura do CSV de entrada
   📁 Arquivo: results/experiments/experimento_20251030_195628/csv_exports/knn_lpq_results.csv
------------------------------------------------------------
   ✅ 2000 imagens lidas com sucesso
   📊 Exemplo de dados (primeira imagem):
      - Imagem: cat1
      - Label real: 1
      - Label predito (relevância): 1
      - Shape probabilidades: (9, 4)
      - Primeiras probabilidades:
        [[0.3553 0.6447 0.     0.    ]
 [0.3396 0.5283 0.     0.1321]]
============================================================

🔄 ETAPA 5: Processamento de todas as imagens
   📊 Total de imagens: 2000
------------------------------------------------------------
   ✅ 2000 imagens processadas com sucesso
   📊 Labels preditos: 2000
   📊 Somas calculadas: 2000
   📊 Labels reais: 2000

   📈 Distribuição de predições:
      0 (dog): 481 imagens (24.05%)
      1 (cat): 532 imagens (26.60%)
      2 (lion): 467 imagens (23.35%)
      3 (horse): 520 imagens (26.00%)
============================================================

📊 ETAPA 6: Cálculo de métricas globais
   📈 Total de amostras: 2000
------------------------------------------------------------
   ✅ Amostras processadas: 2000

----------------------------------------
Métricas Soma de Probabilidades:
   📊 Acurácia: 86.8000%
   📊 F1: 86.7791%
   📊 Recall: 86.8000%
   📊 Precision: 86.8838%
----------------------------------------
============================================================

📊 ETAPA 7: Geração da matriz de confusão
   📈 Modelo: KNN_LPQ
   📁 Diretório base: results/experiments/experimento_20251030_195628/sum
   🎨 Colormap: Oranges
------------------------------------------------------------
   ✅ Matriz de confusão gerada
   💾 Arquivo salvo: results/experiments/experimento_20251030_195628/sum/confusion_matrixs/knn_lpq_confusion_matrix.png
============================================================

📊 ETAPA 8: Exportação para CSV
   📁 Arquivo de saída: results/experiments/experimento_20251030_195628/sum/csv_exports/knn_lpq_results.csv
   📈 Total de imagens: 2000
------------------------------------------------------------
   ✅ 2000 linhas escritas com sucesso
   💾 Arquivo salvo: results/experiments/experimento_20251030_195628/sum/csv_exports/knn_lpq_results.csv
============================================================

================================================================================
🎉 PIPELINE CONCLUÍDO COM SUCESSO!
================================================================================
📊 Resumo dos Resultados:
   • Total de imagens: 2000
   • Acurácia: 86.80%
   • F1-Score: 86.78%

📁 Arquivos Gerados:
   • CSV: results/experiments/experimento_20251030_195628/sum/csv_exports/knn_lpq_results.csv
   • Matriz de Confusão: results/experiments/experimento_20251030_195628/sum/confusion_matrixs/knn_lpq_confusion_matrix.png
================================================================================


🔄 Gerando CSV comparativo...

================================================================================
📊 ETAPA 9: GERAÇÃO DE CSV COMPARATIVO
================================================================================
   📂 Diretório de saída: results/experiments/experimento_20251030_195628
   🏷️  Modelo: KNN_LPQ
================================================================================

📖 ETAPA 9.1: Preparação dos dados
------------------------------------------------------------
   ✅ 2000 imagens da técnica de relevância
   ✅ 2000 imagens da técnica de soma
============================================================

🔍 ETAPA 9.2: Validação de Consistência
------------------------------------------------------------
   ✅ Conjuntos de imagens coincidem: 2000 imagens
   ✅ Labels reais consistentes
============================================================

🔄 ETAPA 9.3: Processamento e Comparação
------------------------------------------------------------
   ✅ 2000 linhas processadas
   📊 Estatísticas de acerto:
      C (Ambos acertaram): 1684 (84.20%)
      R (Só Relevância): 28 (1.40%)
      S (Só Soma): 52 (2.60%)
      N (Nenhum acertou): 236 (11.80%)
============================================================

💾 ETAPA 9.4: Exportação do CSV de Comparação
------------------------------------------------------------
   ✅ CSV de comparação salvo: results/experiments/experimento_20251030_195628/comp/csv_exports/knn_lpq_comparison.csv
   📊 2000 linhas escritas
============================================================

💾 ETAPA 9.5: Exportação do CSV de Divergências
------------------------------------------------------------
   ✅ CSV de divergências salvo: results/experiments/experimento_20251030_195628/comp/csv_exports/knn_lpq_divergences.csv
   📊 316 linhas escritas
============================================================

================================================================================
📊 RESUMO DA COMPARAÇÃO
================================================================================

🎯 Modelo: KNN_LPQ
📈 Total de imagens: 2000

📊 Distribuição de Acertos:
------------------------------------------------------------
   ✅ Ambos acertaram (C): 1684 (84.20%)
   🟡 Só Relevância (R): 28 (1.40%)
   🟠 Só Soma (S): 52 (2.60%)
   ❌ Nenhum acertou (N): 236 (11.80%)

📈 Diferenças Médias (Relevância - Soma):
------------------------------------------------------------
   Acurácia: -0.0120
   F1-Score: -0.0121
   Recall: -0.0120
   Precision: -0.0113

📋 Imagens com Divergências:
------------------------------------------------------------

🟡 Só Relevância Acertou (28 imagens):
   • cat12: Real=1, Relevância=1, Soma=0
   • cat126: Real=1, Relevância=1, Soma=0
   • cat170: Real=1, Relevância=1, Soma=0
   • cat293: Real=1, Relevância=1, Soma=0
   • cat359: Real=1, Relevância=1, Soma=0
   • cat396: Real=1, Relevância=1, Soma=0
   • cat42: Real=1, Relevância=1, Soma=0
   • cat451: Real=1, Relevância=1, Soma=0
   • cat461: Real=1, Relevância=1, Soma=0
   • cat85: Real=1, Relevância=1, Soma=0
   • dog163: Real=0, Relevância=0, Soma=1
   • dog189: Real=0, Relevância=0, Soma=1
   • dog204: Real=0, Relevância=0, Soma=1
   • dog216: Real=0, Relevância=0, Soma=1
   • dog220: Real=0, Relevância=0, Soma=3
   • dog225: Real=0, Relevância=0, Soma=1
   • dog245: Real=0, Relevância=0, Soma=1
   • dog276: Real=0, Relevância=0, Soma=1
   • dog310: Real=0, Relevância=0, Soma=1
   • dog473: Real=0, Relevância=0, Soma=1
   • dog474: Real=0, Relevância=0, Soma=3
   • horse1212: Real=3, Relevância=3, Soma=0
   • lion1120: Real=2, Relevância=2, Soma=3
   • lion2193: Real=2, Relevância=2, Soma=1
   • lion2246: Real=2, Relevância=2, Soma=3
   • lion2316: Real=2, Relevância=2, Soma=3
   • lion2380: Real=2, Relevância=2, Soma=0
   • lion2645: Real=2, Relevância=2, Soma=1

🟠 Só Soma Acertou (52 imagens):
   • cat173: Real=1, Relevância=0, Soma=1
   • cat253: Real=1, Relevância=0, Soma=1
   • cat300: Real=1, Relevância=0, Soma=1
   • cat33: Real=1, Relevância=2, Soma=1
   • cat338: Real=1, Relevância=0, Soma=1
   • cat358: Real=1, Relevância=0, Soma=1
   • cat36: Real=1, Relevância=0, Soma=1
   • cat360: Real=1, Relevância=0, Soma=1
   • cat46: Real=1, Relevância=0, Soma=1
   • cat491: Real=1, Relevância=0, Soma=1
   • dog111: Real=0, Relevância=1, Soma=0
   • dog122: Real=0, Relevância=1, Soma=0
   • dog127: Real=0, Relevância=1, Soma=0
   • dog132: Real=0, Relevância=1, Soma=0
   • dog151: Real=0, Relevância=1, Soma=0
   • dog168: Real=0, Relevância=3, Soma=0
   • dog177: Real=0, Relevância=2, Soma=0
   • dog18: Real=0, Relevância=1, Soma=0
   • dog183: Real=0, Relevância=1, Soma=0
   • dog19: Real=0, Relevância=1, Soma=0
   • dog224: Real=0, Relevância=1, Soma=0
   • dog242: Real=0, Relevância=1, Soma=0
   • dog243: Real=0, Relevância=3, Soma=0
   • dog299: Real=0, Relevância=2, Soma=0
   • dog315: Real=0, Relevância=1, Soma=0
   • dog332: Real=0, Relevância=1, Soma=0
   • dog336: Real=0, Relevância=1, Soma=0
   • dog34: Real=0, Relevância=1, Soma=0
   • dog343: Real=0, Relevância=1, Soma=0
   • dog354: Real=0, Relevância=2, Soma=0
   • dog480: Real=0, Relevância=1, Soma=0
   • dog482: Real=0, Relevância=1, Soma=0
   • dog491: Real=0, Relevância=1, Soma=0
   • dog53: Real=0, Relevância=3, Soma=0
   • dog54: Real=0, Relevância=1, Soma=0
   • dog6: Real=0, Relevância=1, Soma=0
   • dog61: Real=0, Relevância=1, Soma=0
   • dog68: Real=0, Relevância=1, Soma=0
   • dog74: Real=0, Relevância=1, Soma=0
   • horse1040: Real=3, Relevância=2, Soma=3
   • horse1046: Real=3, Relevância=2, Soma=3
   • horse1363: Real=3, Relevância=2, Soma=3
   • horse19: Real=3, Relevância=2, Soma=3
   • horse476: Real=3, Relevância=2, Soma=3
   • horse583: Real=3, Relevância=2, Soma=3
   • horse882: Real=3, Relevância=2, Soma=3
   • horse929: Real=3, Relevância=2, Soma=3
   • horse970: Real=3, Relevância=2, Soma=3
   • lion2408: Real=2, Relevância=3, Soma=2
   • lion2458: Real=2, Relevância=1, Soma=2
   • lion2475: Real=2, Relevância=0, Soma=2
   • lion2591: Real=2, Relevância=3, Soma=2

❌ Nenhum Acertou (236 imagens):
   • cat112: Real=1, Relevância=0, Soma=0
   • cat132: Real=1, Relevância=0, Soma=0
   • cat139: Real=1, Relevância=0, Soma=0
   • cat14: Real=1, Relevância=0, Soma=0
   • cat151: Real=1, Relevância=2, Soma=2
   • cat154: Real=1, Relevância=0, Soma=0
   • cat207: Real=1, Relevância=0, Soma=0
   • cat214: Real=1, Relevância=0, Soma=0
   • cat221: Real=1, Relevância=0, Soma=0
   • cat234: Real=1, Relevância=3, Soma=0
   • cat236: Real=1, Relevância=0, Soma=0
   • cat240: Real=1, Relevância=0, Soma=0
   • cat251: Real=1, Relevância=0, Soma=0
   • cat252: Real=1, Relevância=0, Soma=0
   • cat271: Real=1, Relevância=0, Soma=0
   • cat274: Real=1, Relevância=0, Soma=0
   • cat275: Real=1, Relevância=0, Soma=0
   • cat276: Real=1, Relevância=0, Soma=0
   • cat298: Real=1, Relevância=0, Soma=0
   • cat322: Real=1, Relevância=0, Soma=0
   • cat345: Real=1, Relevância=0, Soma=0
   • cat372: Real=1, Relevância=0, Soma=0
   • cat403: Real=1, Relevância=0, Soma=0
   • cat428: Real=1, Relevância=3, Soma=3
   • cat454: Real=1, Relevância=0, Soma=0
   • cat487: Real=1, Relevância=0, Soma=0
   • cat51: Real=1, Relevância=0, Soma=0
   • cat58: Real=1, Relevância=3, Soma=3
   • cat68: Real=1, Relevância=0, Soma=0
   • cat91: Real=1, Relevância=0, Soma=0
   • dog104: Real=0, Relevância=1, Soma=1
   • dog11: Real=0, Relevância=1, Soma=1
   • dog113: Real=0, Relevância=1, Soma=1
   • dog128: Real=0, Relevância=1, Soma=1
   • dog139: Real=0, Relevância=3, Soma=1
   • dog141: Real=0, Relevância=1, Soma=1
   • dog142: Real=0, Relevância=1, Soma=1
   • dog143: Real=0, Relevância=1, Soma=1
   • dog146: Real=0, Relevância=3, Soma=3
   • dog16: Real=0, Relevância=1, Soma=1
   • dog165: Real=0, Relevância=1, Soma=1
   • dog170: Real=0, Relevância=1, Soma=1
   • dog171: Real=0, Relevância=1, Soma=1
   • dog174: Real=0, Relevância=1, Soma=1
   • dog175: Real=0, Relevância=1, Soma=1
   • dog191: Real=0, Relevância=1, Soma=1
   • dog197: Real=0, Relevância=1, Soma=1
   • dog199: Real=0, Relevância=1, Soma=1
   • dog215: Real=0, Relevância=3, Soma=3
   • dog221: Real=0, Relevância=1, Soma=1
   • dog237: Real=0, Relevância=1, Soma=1
   • dog253: Real=0, Relevância=1, Soma=1
   • dog274: Real=0, Relevância=2, Soma=2
   • dog292: Real=0, Relevância=3, Soma=3
   • dog295: Real=0, Relevância=1, Soma=1
   • dog301: Real=0, Relevância=1, Soma=1
   • dog309: Real=0, Relevância=1, Soma=1
   • dog320: Real=0, Relevância=1, Soma=1
   • dog321: Real=0, Relevância=1, Soma=1
   • dog329: Real=0, Relevância=1, Soma=1
   • dog335: Real=0, Relevância=1, Soma=1
   • dog338: Real=0, Relevância=1, Soma=1
   • dog350: Real=0, Relevância=3, Soma=3
   • dog351: Real=0, Relevância=1, Soma=1
   • dog353: Real=0, Relevância=1, Soma=1
   • dog355: Real=0, Relevância=1, Soma=1
   • dog365: Real=0, Relevância=1, Soma=1
   • dog368: Real=0, Relevância=1, Soma=1
   • dog377: Real=0, Relevância=1, Soma=1
   • dog390: Real=0, Relevância=1, Soma=1
   • dog416: Real=0, Relevância=1, Soma=1
   • dog423: Real=0, Relevância=1, Soma=1
   • dog428: Real=0, Relevância=1, Soma=1
   • dog429: Real=0, Relevância=1, Soma=1
   • dog431: Real=0, Relevância=1, Soma=1
   • dog432: Real=0, Relevância=1, Soma=1
   • dog44: Real=0, Relevância=3, Soma=3
   • dog456: Real=0, Relevância=1, Soma=1
   • dog467: Real=0, Relevância=1, Soma=1
   • dog477: Real=0, Relevância=1, Soma=1
   • dog478: Real=0, Relevância=1, Soma=1
   • dog484: Real=0, Relevância=1, Soma=1
   • dog488: Real=0, Relevância=1, Soma=1
   • dog489: Real=0, Relevância=1, Soma=1
   • dog493: Real=0, Relevância=1, Soma=1
   • dog495: Real=0, Relevância=1, Soma=1
   • dog496: Real=0, Relevância=1, Soma=2
   • dog497: Real=0, Relevância=1, Soma=1
   • dog498: Real=0, Relevância=3, Soma=3
   • dog62: Real=0, Relevância=1, Soma=1
   • dog63: Real=0, Relevância=1, Soma=1
   • dog79: Real=0, Relevância=1, Soma=1
   • dog86: Real=0, Relevância=1, Soma=1
   • dog91: Real=0, Relevância=1, Soma=1
   • horse1073: Real=3, Relevância=2, Soma=2
   • horse1086: Real=3, Relevância=2, Soma=2
   • horse1098: Real=3, Relevância=2, Soma=2
   • horse1119: Real=3, Relevância=1, Soma=1
   • horse1122: Real=3, Relevância=2, Soma=2
   • horse1282: Real=3, Relevância=2, Soma=2
   • horse1293: Real=3, Relevância=2, Soma=2
   • horse1307: Real=3, Relevância=0, Soma=0
   • horse1341: Real=3, Relevância=2, Soma=2
   • horse1364: Real=3, Relevância=0, Soma=0
   • horse1424: Real=3, Relevância=2, Soma=2
   • horse1433: Real=3, Relevância=2, Soma=2
   • horse1468: Real=3, Relevância=2, Soma=2
   • horse1471: Real=3, Relevância=1, Soma=1
   • horse1479: Real=3, Relevância=2, Soma=2
   • horse18: Real=3, Relevância=2, Soma=2
   • horse2041: Real=3, Relevância=2, Soma=2
   • horse2042: Real=3, Relevância=2, Soma=2
   • horse2045: Real=3, Relevância=2, Soma=2
   • horse2048: Real=3, Relevância=2, Soma=2
   • horse2053: Real=3, Relevância=2, Soma=2
   • horse2054: Real=3, Relevância=0, Soma=0
   • horse2055: Real=3, Relevância=2, Soma=2
   • horse2056: Real=3, Relevância=2, Soma=2
   • horse2059: Real=3, Relevância=2, Soma=2
   • horse2060: Real=3, Relevância=0, Soma=0
   • horse2061: Real=3, Relevância=2, Soma=2
   • horse2062: Real=3, Relevância=2, Soma=2
   • horse2063: Real=3, Relevância=0, Soma=0
   • horse2398: Real=3, Relevância=2, Soma=2
   • horse2692: Real=3, Relevância=2, Soma=2
   • horse2693: Real=3, Relevância=2, Soma=2
   • horse2694: Real=3, Relevância=2, Soma=2
   • horse2695: Real=3, Relevância=2, Soma=2
   • horse2696: Real=3, Relevância=2, Soma=2
   • horse2698: Real=3, Relevância=2, Soma=2
   • horse2699: Real=3, Relevância=0, Soma=0
   • horse2702: Real=3, Relevância=2, Soma=2
   • horse2706: Real=3, Relevância=2, Soma=2
   • horse2709: Real=3, Relevância=2, Soma=2
   • horse32: Real=3, Relevância=2, Soma=2
   • horse33: Real=3, Relevância=2, Soma=2
   • horse347: Real=3, Relevância=2, Soma=2
   • horse359: Real=3, Relevância=2, Soma=2
   • horse381: Real=3, Relevância=2, Soma=2
   • horse460: Real=3, Relevância=2, Soma=2
   • horse470: Real=3, Relevância=2, Soma=2
   • horse472: Real=3, Relevância=2, Soma=2
   • horse515: Real=3, Relevância=0, Soma=0
   • horse580: Real=3, Relevância=2, Soma=2
   • horse598: Real=3, Relevância=2, Soma=2
   • horse600: Real=3, Relevância=2, Soma=2
   • horse602: Real=3, Relevância=2, Soma=2
   • horse650: Real=3, Relevância=0, Soma=0
   • horse682: Real=3, Relevância=1, Soma=1
   • horse824: Real=3, Relevância=2, Soma=2
   • horse850: Real=3, Relevância=1, Soma=0
   • horse896: Real=3, Relevância=0, Soma=0
   • horse899: Real=3, Relevância=2, Soma=2
   • horse937: Real=3, Relevância=0, Soma=0
   • horse961: Real=3, Relevância=2, Soma=2
   • horse973: Real=3, Relevância=2, Soma=2
   • horse980: Real=3, Relevância=2, Soma=2
   • lion1695: Real=2, Relevância=3, Soma=3
   • lion1871: Real=2, Relevância=1, Soma=1
   • lion1879: Real=2, Relevância=3, Soma=3
   • lion1881: Real=2, Relevância=3, Soma=0
   • lion1929: Real=2, Relevância=3, Soma=3
   • lion1935: Real=2, Relevância=3, Soma=3
   • lion1949: Real=2, Relevância=3, Soma=3
   • lion1950: Real=2, Relevância=3, Soma=3
   • lion1988: Real=2, Relevância=3, Soma=3
   • lion1994: Real=2, Relevância=3, Soma=3
   • lion1995: Real=2, Relevância=3, Soma=3
   • lion2010: Real=2, Relevância=3, Soma=3
   • lion2023: Real=2, Relevância=3, Soma=3
   • lion2044: Real=2, Relevância=3, Soma=3
   • lion2052: Real=2, Relevância=3, Soma=3
   • lion2062: Real=2, Relevância=3, Soma=3
   • lion2065: Real=2, Relevância=3, Soma=3
   • lion2084: Real=2, Relevância=3, Soma=3
   • lion2093: Real=2, Relevância=3, Soma=3
   • lion2099: Real=2, Relevância=3, Soma=3
   • lion2100: Real=2, Relevância=3, Soma=3
   • lion2150: Real=2, Relevância=3, Soma=3
   • lion2154: Real=2, Relevância=3, Soma=3
   • lion2159: Real=2, Relevância=3, Soma=3
   • lion2177: Real=2, Relevância=3, Soma=3
   • lion2179: Real=2, Relevância=0, Soma=0
   • lion2202: Real=2, Relevância=3, Soma=3
   • lion2203: Real=2, Relevância=3, Soma=3
   • lion2216: Real=2, Relevância=3, Soma=3
   • lion2222: Real=2, Relevância=3, Soma=3
   • lion2226: Real=2, Relevância=3, Soma=3
   • lion2229: Real=2, Relevância=3, Soma=3
   • lion2253: Real=2, Relevância=3, Soma=3
   • lion2307: Real=2, Relevância=3, Soma=3
   • lion2313: Real=2, Relevância=3, Soma=3
   • lion2322: Real=2, Relevância=3, Soma=3
   • lion2334: Real=2, Relevância=3, Soma=3
   • lion2350: Real=2, Relevância=3, Soma=3
   • lion2378: Real=2, Relevância=3, Soma=3
   • lion2404: Real=2, Relevância=3, Soma=3
   • lion2411: Real=2, Relevância=3, Soma=3
   • lion2417: Real=2, Relevância=3, Soma=3
   • lion2438: Real=2, Relevância=3, Soma=3
   • lion2506: Real=2, Relevância=3, Soma=3
   • lion2515: Real=2, Relevância=3, Soma=3
   • lion2553: Real=2, Relevância=3, Soma=3
   • lion2586: Real=2, Relevância=3, Soma=3
   • lion2589: Real=2, Relevância=3, Soma=3
   • lion2590: Real=2, Relevância=3, Soma=3
   • lion2592: Real=2, Relevância=3, Soma=3
   • lion2596: Real=2, Relevância=3, Soma=3
   • lion2599: Real=2, Relevância=3, Soma=3
   • lion2601: Real=2, Relevância=3, Soma=3
   • lion2602: Real=2, Relevância=3, Soma=3
   • lion2603: Real=2, Relevância=3, Soma=3
   • lion2605: Real=2, Relevância=3, Soma=3
   • lion2608: Real=2, Relevância=0, Soma=0
   • lion2612: Real=2, Relevância=3, Soma=3
   • lion2616: Real=2, Relevância=1, Soma=1
   • lion2617: Real=2, Relevância=3, Soma=3
   • lion2618: Real=2, Relevância=3, Soma=3
   • lion2619: Real=2, Relevância=3, Soma=3
   • lion2620: Real=2, Relevância=3, Soma=3
   • lion2623: Real=2, Relevância=3, Soma=3
   • lion2625: Real=2, Relevância=3, Soma=3
   • lion2631: Real=2, Relevância=3, Soma=3
   • lion2634: Real=2, Relevância=3, Soma=3
   • lion2642: Real=2, Relevância=3, Soma=3
   • lion2646: Real=2, Relevância=0, Soma=0
   • lion2650: Real=2, Relevância=3, Soma=3
   • lion2651: Real=2, Relevância=3, Soma=3
   • lion2653: Real=2, Relevância=3, Soma=0
   • lion2682: Real=2, Relevância=3, Soma=3
   • lion392: Real=2, Relevância=3, Soma=3
   • lion393: Real=2, Relevância=3, Soma=3
   • lion42: Real=2, Relevância=3, Soma=3
   • lion671: Real=2, Relevância=1, Soma=0
   • lion738: Real=2, Relevância=3, Soma=3
   • lion9: Real=2, Relevância=3, Soma=3

📁 Arquivos Gerados:
------------------------------------------------------------
   • Comparação: results/experiments/experimento_20251030_195628/comp/csv_exports/knn_lpq_comparison.csv
   • Divergências: results/experiments/experimento_20251030_195628/comp/csv_exports/knn_lpq_divergences.csv
================================================================================

--------------------------------------------------------------------------------
🔄 Processando: svm_glcm_lpq_results.csv
   🏷️  Modelo: SVM_GLCM_LPQ
--------------------------------------------------------------------------------

================================================================================
🚀 PIPELINE: CLASSIFICAÇÃO POR SOMA DE PROBABILIDADES
================================================================================
   📁 CSV de entrada: results/experiments/experimento_20251030_195628/csv_exports/svm_glcm_lpq_results.csv
   📂 Diretório de saída: results/experiments/experimento_20251030_195628/sum
   🏷️  Modelo: SVM_GLCM_LPQ
================================================================================

📖 ETAPA 2: Leitura do CSV de entrada
   📁 Arquivo: results/experiments/experimento_20251030_195628/csv_exports/svm_glcm_lpq_results.csv
------------------------------------------------------------
   ✅ 2000 imagens lidas com sucesso
   📊 Exemplo de dados (primeira imagem):
      - Imagem: cat1
      - Label real: 1
      - Label predito (relevância): 1
      - Shape probabilidades: (9, 4)
      - Primeiras probabilidades:
        [[0.6017 0.1912 0.0492 0.1578]
 [0.0208 0.9741 0.0051 0.    ]]
============================================================

🔄 ETAPA 5: Processamento de todas as imagens
   📊 Total de imagens: 2000
------------------------------------------------------------
   ✅ 2000 imagens processadas com sucesso
   📊 Labels preditos: 2000
   📊 Somas calculadas: 2000
   📊 Labels reais: 2000

   📈 Distribuição de predições:
      0 (dog): 505 imagens (25.25%)
      1 (cat): 499 imagens (24.95%)
      2 (lion): 507 imagens (25.35%)
      3 (horse): 489 imagens (24.45%)
============================================================

📊 ETAPA 6: Cálculo de métricas globais
   📈 Total de amostras: 2000
------------------------------------------------------------
   ✅ Amostras processadas: 2000

----------------------------------------
Métricas Soma de Probabilidades:
   📊 Acurácia: 93.6500%
   📊 F1: 93.6491%
   📊 Recall: 93.6500%
   📊 Precision: 93.6574%
----------------------------------------
============================================================

📊 ETAPA 7: Geração da matriz de confusão
   📈 Modelo: SVM_GLCM_LPQ
   📁 Diretório base: results/experiments/experimento_20251030_195628/sum
   🎨 Colormap: Purples
------------------------------------------------------------
   ✅ Matriz de confusão gerada
   💾 Arquivo salvo: results/experiments/experimento_20251030_195628/sum/confusion_matrixs/svm_glcm_lpq_confusion_matrix.png
============================================================

📊 ETAPA 8: Exportação para CSV
   📁 Arquivo de saída: results/experiments/experimento_20251030_195628/sum/csv_exports/svm_glcm_lpq_results.csv
   📈 Total de imagens: 2000
------------------------------------------------------------
   ✅ 2000 linhas escritas com sucesso
   💾 Arquivo salvo: results/experiments/experimento_20251030_195628/sum/csv_exports/svm_glcm_lpq_results.csv
============================================================

================================================================================
🎉 PIPELINE CONCLUÍDO COM SUCESSO!
================================================================================
📊 Resumo dos Resultados:
   • Total de imagens: 2000
   • Acurácia: 93.65%
   • F1-Score: 93.65%

📁 Arquivos Gerados:
   • CSV: results/experiments/experimento_20251030_195628/sum/csv_exports/svm_glcm_lpq_results.csv
   • Matriz de Confusão: results/experiments/experimento_20251030_195628/sum/confusion_matrixs/svm_glcm_lpq_confusion_matrix.png
================================================================================


🔄 Gerando CSV comparativo...

================================================================================
📊 ETAPA 9: GERAÇÃO DE CSV COMPARATIVO
================================================================================
   📂 Diretório de saída: results/experiments/experimento_20251030_195628
   🏷️  Modelo: SVM_GLCM_LPQ
================================================================================

📖 ETAPA 9.1: Preparação dos dados
------------------------------------------------------------
   ✅ 2000 imagens da técnica de relevância
   ✅ 2000 imagens da técnica de soma
============================================================

🔍 ETAPA 9.2: Validação de Consistência
------------------------------------------------------------
   ✅ Conjuntos de imagens coincidem: 2000 imagens
   ✅ Labels reais consistentes
============================================================

🔄 ETAPA 9.3: Processamento e Comparação
------------------------------------------------------------
   ✅ 2000 linhas processadas
   📊 Estatísticas de acerto:
      C (Ambos acertaram): 1859 (92.95%)
      R (Só Relevância): 15 (0.75%)
      S (Só Soma): 14 (0.70%)
      N (Nenhum acertou): 112 (5.60%)
============================================================

💾 ETAPA 9.4: Exportação do CSV de Comparação
------------------------------------------------------------
   ✅ CSV de comparação salvo: results/experiments/experimento_20251030_195628/comp/csv_exports/svm_glcm_lpq_comparison.csv
   📊 2000 linhas escritas
============================================================

💾 ETAPA 9.5: Exportação do CSV de Divergências
------------------------------------------------------------
   ✅ CSV de divergências salvo: results/experiments/experimento_20251030_195628/comp/csv_exports/svm_glcm_lpq_divergences.csv
   📊 141 linhas escritas
============================================================

================================================================================
📊 RESUMO DA COMPARAÇÃO
================================================================================

🎯 Modelo: SVM_GLCM_LPQ
📈 Total de imagens: 2000

📊 Distribuição de Acertos:
------------------------------------------------------------
   ✅ Ambos acertaram (C): 1859 (92.95%)
   🟡 Só Relevância (R): 15 (0.75%)
   🟠 Só Soma (S): 14 (0.70%)
   ❌ Nenhum acertou (N): 112 (5.60%)

📈 Diferenças Médias (Relevância - Soma):
------------------------------------------------------------
   Acurácia: +0.0005
   F1-Score: +0.0005
   Recall: +0.0005
   Precision: +0.0005

📋 Imagens com Divergências:
------------------------------------------------------------

🟡 Só Relevância Acertou (15 imagens):
   • dog158: Real=0, Relevância=0, Soma=2
   • dog216: Real=0, Relevância=0, Soma=1
   • dog261: Real=0, Relevância=0, Soma=1
   • dog323: Real=0, Relevância=0, Soma=1
   • dog339: Real=0, Relevância=0, Soma=1
   • dog402: Real=0, Relevância=0, Soma=1
   • dog486: Real=0, Relevância=0, Soma=1
   • dog54: Real=0, Relevância=0, Soma=1
   • horse1282: Real=3, Relevância=3, Soma=2
   • horse1343: Real=3, Relevância=3, Soma=2
   • horse1479: Real=3, Relevância=3, Soma=2
   • horse2063: Real=3, Relevância=3, Soma=1
   • lion2649: Real=2, Relevância=2, Soma=3
   • lion393: Real=2, Relevância=2, Soma=0
   • lion738: Real=2, Relevância=2, Soma=3

🟠 Só Soma Acertou (14 imagens):
   • cat275: Real=1, Relevância=0, Soma=1
   • cat403: Real=1, Relevância=0, Soma=1
   • cat453: Real=1, Relevância=0, Soma=1
   • dog168: Real=0, Relevância=3, Soma=0
   • dog405: Real=0, Relevância=1, Soma=0
   • dog410: Real=0, Relevância=1, Soma=0
   • dog428: Real=0, Relevância=1, Soma=0
   • dog477: Real=0, Relevância=1, Soma=0
   • dog66: Real=0, Relevância=1, Soma=0
   • horse1122: Real=3, Relevância=2, Soma=3
   • horse2709: Real=3, Relevância=2, Soma=3
   • horse470: Real=3, Relevância=2, Soma=3
   • lion2638: Real=2, Relevância=3, Soma=2
   • lion6: Real=2, Relevância=3, Soma=2

❌ Nenhum Acertou (112 imagens):
   • cat111: Real=1, Relevância=0, Soma=0
   • cat112: Real=1, Relevância=3, Soma=0
   • cat132: Real=1, Relevância=0, Soma=0
   • cat151: Real=1, Relevância=0, Soma=2
   • cat156: Real=1, Relevância=0, Soma=0
   • cat169: Real=1, Relevância=0, Soma=0
   • cat188: Real=1, Relevância=0, Soma=0
   • cat221: Real=1, Relevância=0, Soma=0
   • cat236: Real=1, Relevância=0, Soma=0
   • cat252: Real=1, Relevância=0, Soma=0
   • cat26: Real=1, Relevância=0, Soma=0
   • cat271: Real=1, Relevância=0, Soma=0
   • cat274: Real=1, Relevância=0, Soma=0
   • cat294: Real=1, Relevância=2, Soma=2
   • cat316: Real=1, Relevância=0, Soma=0
   • cat345: Real=1, Relevância=0, Soma=0
   • cat352: Real=1, Relevância=0, Soma=0
   • cat355: Real=1, Relevância=0, Soma=0
   • cat372: Real=1, Relevância=0, Soma=0
   • cat385: Real=1, Relevância=0, Soma=0
   • cat406: Real=1, Relevância=0, Soma=0
   • cat413: Real=1, Relevância=0, Soma=0
   • cat428: Real=1, Relevância=0, Soma=0
   • cat49: Real=1, Relevância=0, Soma=0
   • cat68: Real=1, Relevância=0, Soma=0
   • cat70: Real=1, Relevância=0, Soma=0
   • dog151: Real=0, Relevância=1, Soma=1
   • dog242: Real=0, Relevância=1, Soma=1
   • dog253: Real=0, Relevância=1, Soma=1
   • dog274: Real=0, Relevância=2, Soma=2
   • dog276: Real=0, Relevância=1, Soma=1
   • dog280: Real=0, Relevância=2, Soma=2
   • dog301: Real=0, Relevância=1, Soma=1
   • dog351: Real=0, Relevância=1, Soma=1
   • dog44: Real=0, Relevância=1, Soma=1
   • dog462: Real=0, Relevância=2, Soma=2
   • dog467: Real=0, Relevância=1, Soma=1
   • dog478: Real=0, Relevância=1, Soma=1
   • dog488: Real=0, Relevância=1, Soma=1
   • dog489: Real=0, Relevância=1, Soma=1
   • dog495: Real=0, Relevância=1, Soma=1
   • dog497: Real=0, Relevância=1, Soma=1
   • dog498: Real=0, Relevância=3, Soma=3
   • dog86: Real=0, Relevância=1, Soma=1
   • horse1117: Real=3, Relevância=2, Soma=2
   • horse1293: Real=3, Relevância=2, Soma=2
   • horse1338: Real=3, Relevância=2, Soma=2
   • horse1384: Real=3, Relevância=2, Soma=2
   • horse1402: Real=3, Relevância=2, Soma=2
   • horse1435: Real=3, Relevância=2, Soma=2
   • horse1590: Real=3, Relevância=2, Soma=2
   • horse2039: Real=3, Relevância=2, Soma=2
   • horse2042: Real=3, Relevância=2, Soma=2
   • horse2045: Real=3, Relevância=2, Soma=2
   • horse2048: Real=3, Relevância=2, Soma=2
   • horse2053: Real=3, Relevância=2, Soma=2
   • horse2060: Real=3, Relevância=0, Soma=0
   • horse2061: Real=3, Relevância=2, Soma=2
   • horse2062: Real=3, Relevância=2, Soma=2
   • horse2242: Real=3, Relevância=2, Soma=2
   • horse2398: Real=3, Relevância=2, Soma=2
   • horse2682: Real=3, Relevância=2, Soma=2
   • horse2693: Real=3, Relevância=2, Soma=2
   • horse2695: Real=3, Relevância=2, Soma=2
   • horse2696: Real=3, Relevância=2, Soma=2
   • horse2698: Real=3, Relevância=2, Soma=2
   • horse2702: Real=3, Relevância=2, Soma=2
   • horse2706: Real=3, Relevância=2, Soma=2
   • horse33: Real=3, Relevância=2, Soma=2
   • horse347: Real=3, Relevância=2, Soma=2
   • horse359: Real=3, Relevância=2, Soma=2
   • horse515: Real=3, Relevância=2, Soma=2
   • horse598: Real=3, Relevância=2, Soma=2
   • horse602: Real=3, Relevância=2, Soma=2
   • horse650: Real=3, Relevância=2, Soma=0
   • horse682: Real=3, Relevância=0, Soma=0
   • horse850: Real=3, Relevância=0, Soma=0
   • horse90: Real=3, Relevância=2, Soma=2
   • horse937: Real=3, Relevância=1, Soma=1
   • horse961: Real=3, Relevância=2, Soma=2
   • horse973: Real=3, Relevância=2, Soma=2
   • lion1120: Real=2, Relevância=3, Soma=3
   • lion1871: Real=2, Relevância=0, Soma=1
   • lion1872: Real=2, Relevância=3, Soma=3
   • lion1879: Real=2, Relevância=3, Soma=3
   • lion2179: Real=2, Relevância=0, Soma=0
   • lion2322: Real=2, Relevância=3, Soma=3
   • lion2589: Real=2, Relevância=3, Soma=3
   • lion2590: Real=2, Relevância=3, Soma=3
   • lion2592: Real=2, Relevância=3, Soma=3
   • lion2599: Real=2, Relevância=3, Soma=3
   • lion2601: Real=2, Relevância=3, Soma=3
   • lion2603: Real=2, Relevância=3, Soma=3
   • lion2605: Real=2, Relevância=3, Soma=3
   • lion2611: Real=2, Relevância=3, Soma=3
   • lion2612: Real=2, Relevância=3, Soma=3
   • lion2616: Real=2, Relevância=1, Soma=1
   • lion2617: Real=2, Relevância=3, Soma=3
   • lion2625: Real=2, Relevância=3, Soma=3
   • lion2629: Real=2, Relevância=3, Soma=3
   • lion2631: Real=2, Relevância=3, Soma=3
   • lion2633: Real=2, Relevância=3, Soma=3
   • lion2634: Real=2, Relevância=3, Soma=3
   • lion2642: Real=2, Relevância=3, Soma=3
   • lion2651: Real=2, Relevância=3, Soma=3
   • lion2653: Real=2, Relevância=3, Soma=3
   • lion2680: Real=2, Relevância=3, Soma=3
   • lion2681: Real=2, Relevância=3, Soma=3
   • lion2682: Real=2, Relevância=3, Soma=3
   • lion42: Real=2, Relevância=3, Soma=3
   • lion8: Real=2, Relevância=0, Soma=0
   • lion9: Real=2, Relevância=3, Soma=3

📁 Arquivos Gerados:
------------------------------------------------------------
   • Comparação: results/experiments/experimento_20251030_195628/comp/csv_exports/svm_glcm_lpq_comparison.csv
   • Divergências: results/experiments/experimento_20251030_195628/comp/csv_exports/svm_glcm_lpq_divergences.csv
================================================================================

--------------------------------------------------------------------------------
🔄 Processando: svm_glcm_results.csv
   🏷️  Modelo: SVM_GLCM
--------------------------------------------------------------------------------

================================================================================
🚀 PIPELINE: CLASSIFICAÇÃO POR SOMA DE PROBABILIDADES
================================================================================
   📁 CSV de entrada: results/experiments/experimento_20251030_195628/csv_exports/svm_glcm_results.csv
   📂 Diretório de saída: results/experiments/experimento_20251030_195628/sum
   🏷️  Modelo: SVM_GLCM
================================================================================

📖 ETAPA 2: Leitura do CSV de entrada
   📁 Arquivo: results/experiments/experimento_20251030_195628/csv_exports/svm_glcm_results.csv
------------------------------------------------------------
   ✅ 2000 imagens lidas com sucesso
   📊 Exemplo de dados (primeira imagem):
      - Imagem: cat1
      - Label real: 1
      - Label predito (relevância): 1
      - Shape probabilidades: (9, 4)
      - Primeiras probabilidades:
        [[0.3529 0.596  0.0409 0.0101]
 [0.1968 0.7991 0.0041 0.    ]]
============================================================

🔄 ETAPA 5: Processamento de todas as imagens
   📊 Total de imagens: 2000
------------------------------------------------------------
   ✅ 2000 imagens processadas com sucesso
   📊 Labels preditos: 2000
   📊 Somas calculadas: 2000
   📊 Labels reais: 2000

   📈 Distribuição de predições:
      0 (dog): 514 imagens (25.70%)
      1 (cat): 479 imagens (23.95%)
      2 (lion): 503 imagens (25.15%)
      3 (horse): 504 imagens (25.20%)
============================================================

📊 ETAPA 6: Cálculo de métricas globais
   📈 Total de amostras: 2000
------------------------------------------------------------
   ✅ Amostras processadas: 2000

----------------------------------------
Métricas Soma de Probabilidades:
   📊 Acurácia: 88.6000%
   📊 F1: 88.5926%
   📊 Recall: 88.6000%
   📊 Precision: 88.6145%
----------------------------------------
============================================================

📊 ETAPA 7: Geração da matriz de confusão
   📈 Modelo: SVM_GLCM
   📁 Diretório base: results/experiments/experimento_20251030_195628/sum
   🎨 Colormap: Purples
------------------------------------------------------------
   ✅ Matriz de confusão gerada
   💾 Arquivo salvo: results/experiments/experimento_20251030_195628/sum/confusion_matrixs/svm_glcm_confusion_matrix.png
============================================================

📊 ETAPA 8: Exportação para CSV
   📁 Arquivo de saída: results/experiments/experimento_20251030_195628/sum/csv_exports/svm_glcm_results.csv
   📈 Total de imagens: 2000
------------------------------------------------------------
   ✅ 2000 linhas escritas com sucesso
   💾 Arquivo salvo: results/experiments/experimento_20251030_195628/sum/csv_exports/svm_glcm_results.csv
============================================================

================================================================================
🎉 PIPELINE CONCLUÍDO COM SUCESSO!
================================================================================
📊 Resumo dos Resultados:
   • Total de imagens: 2000
   • Acurácia: 88.60%
   • F1-Score: 88.59%

📁 Arquivos Gerados:
   • CSV: results/experiments/experimento_20251030_195628/sum/csv_exports/svm_glcm_results.csv
   • Matriz de Confusão: results/experiments/experimento_20251030_195628/sum/confusion_matrixs/svm_glcm_confusion_matrix.png
================================================================================


🔄 Gerando CSV comparativo...

================================================================================
📊 ETAPA 9: GERAÇÃO DE CSV COMPARATIVO
================================================================================
   📂 Diretório de saída: results/experiments/experimento_20251030_195628
   🏷️  Modelo: SVM_GLCM
================================================================================

📖 ETAPA 9.1: Preparação dos dados
------------------------------------------------------------
   ✅ 2000 imagens da técnica de relevância
   ✅ 2000 imagens da técnica de soma
============================================================

🔍 ETAPA 9.2: Validação de Consistência
------------------------------------------------------------
   ✅ Conjuntos de imagens coincidem: 2000 imagens
   ✅ Labels reais consistentes
============================================================

🔄 ETAPA 9.3: Processamento e Comparação
------------------------------------------------------------
   ✅ 2000 linhas processadas
   📊 Estatísticas de acerto:
      C (Ambos acertaram): 1740 (87.00%)
      R (Só Relevância): 21 (1.05%)
      S (Só Soma): 32 (1.60%)
      N (Nenhum acertou): 207 (10.35%)
============================================================

💾 ETAPA 9.4: Exportação do CSV de Comparação
------------------------------------------------------------
   ✅ CSV de comparação salvo: results/experiments/experimento_20251030_195628/comp/csv_exports/svm_glcm_comparison.csv
   📊 2000 linhas escritas
============================================================

💾 ETAPA 9.5: Exportação do CSV de Divergências
------------------------------------------------------------
   ✅ CSV de divergências salvo: results/experiments/experimento_20251030_195628/comp/csv_exports/svm_glcm_divergences.csv
   📊 260 linhas escritas
============================================================

================================================================================
📊 RESUMO DA COMPARAÇÃO
================================================================================

🎯 Modelo: SVM_GLCM
📈 Total de imagens: 2000

📊 Distribuição de Acertos:
------------------------------------------------------------
   ✅ Ambos acertaram (C): 1740 (87.00%)
   🟡 Só Relevância (R): 21 (1.05%)
   🟠 Só Soma (S): 32 (1.60%)
   ❌ Nenhum acertou (N): 207 (10.35%)

📈 Diferenças Médias (Relevância - Soma):
------------------------------------------------------------
   Acurácia: -0.0055
   F1-Score: -0.0055
   Recall: -0.0055
   Precision: -0.0057

📋 Imagens com Divergências:
------------------------------------------------------------

🟡 Só Relevância Acertou (21 imagens):
   • cat199: Real=1, Relevância=1, Soma=0
   • cat272: Real=1, Relevância=1, Soma=2
   • cat302: Real=1, Relevância=1, Soma=0
   • cat310: Real=1, Relevância=1, Soma=0
   • cat385: Real=1, Relevância=1, Soma=0
   • cat432: Real=1, Relevância=1, Soma=0
   • cat451: Real=1, Relevância=1, Soma=0
   • cat454: Real=1, Relevância=1, Soma=0
   • cat459: Real=1, Relevância=1, Soma=0
   • cat51: Real=1, Relevância=1, Soma=0
   • cat66: Real=1, Relevância=1, Soma=0
   • cat77: Real=1, Relevância=1, Soma=0
   • cat9: Real=1, Relevância=1, Soma=0
   • dog330: Real=0, Relevância=0, Soma=3
   • dog462: Real=0, Relevância=0, Soma=2
   • dog496: Real=0, Relevância=0, Soma=1
   • horse2698: Real=3, Relevância=3, Soma=2
   • lion1695: Real=2, Relevância=2, Soma=3
   • lion2607: Real=2, Relevância=2, Soma=3
   • lion2650: Real=2, Relevância=2, Soma=3
   • lion2659: Real=2, Relevância=2, Soma=3

🟠 Só Soma Acertou (32 imagens):
   • cat133: Real=1, Relevância=0, Soma=1
   • cat212: Real=1, Relevância=3, Soma=1
   • cat251: Real=1, Relevância=0, Soma=1
   • cat265: Real=1, Relevância=0, Soma=1
   • cat289: Real=1, Relevância=0, Soma=1
   • cat305: Real=1, Relevância=0, Soma=1
   • cat393: Real=1, Relevância=0, Soma=1
   • cat58: Real=1, Relevância=2, Soma=1
   • dog110: Real=0, Relevância=1, Soma=0
   • dog165: Real=0, Relevância=2, Soma=0
   • dog200: Real=0, Relevância=1, Soma=0
   • dog24: Real=0, Relevância=1, Soma=0
   • dog307: Real=0, Relevância=1, Soma=0
   • dog390: Real=0, Relevância=1, Soma=0
   • dog410: Real=0, Relevância=1, Soma=0
   • dog413: Real=0, Relevância=1, Soma=0
   • dog447: Real=0, Relevância=1, Soma=0
   • dog499: Real=0, Relevância=1, Soma=0
   • dog66: Real=0, Relevância=1, Soma=0
   • horse1269: Real=3, Relevância=2, Soma=3
   • horse1367: Real=3, Relevância=2, Soma=3
   • horse1587: Real=3, Relevância=2, Soma=3
   • horse16: Real=3, Relevância=2, Soma=3
   • horse18: Real=3, Relevância=2, Soma=3
   • lion2145: Real=2, Relevância=3, Soma=2
   • lion2600: Real=2, Relevância=3, Soma=2
   • lion2602: Real=2, Relevância=3, Soma=2
   • lion2618: Real=2, Relevância=3, Soma=2
   • lion2620: Real=2, Relevância=3, Soma=2
   • lion2643: Real=2, Relevância=3, Soma=2
   • lion515: Real=2, Relevância=3, Soma=2
   • lion860: Real=2, Relevância=3, Soma=2

❌ Nenhum Acertou (207 imagens):
   • cat102: Real=1, Relevância=0, Soma=0
   • cat108: Real=1, Relevância=0, Soma=0
   • cat11: Real=1, Relevância=0, Soma=0
   • cat112: Real=1, Relevância=3, Soma=3
   • cat117: Real=1, Relevância=0, Soma=0
   • cat12: Real=1, Relevância=0, Soma=0
   • cat132: Real=1, Relevância=0, Soma=0
   • cat155: Real=1, Relevância=0, Soma=0
   • cat170: Real=1, Relevância=2, Soma=2
   • cat183: Real=1, Relevância=0, Soma=0
   • cat188: Real=1, Relevância=0, Soma=0
   • cat19: Real=1, Relevância=0, Soma=0
   • cat202: Real=1, Relevância=0, Soma=0
   • cat204: Real=1, Relevância=0, Soma=0
   • cat221: Real=1, Relevância=0, Soma=0
   • cat223: Real=1, Relevância=0, Soma=0
   • cat228: Real=1, Relevância=0, Soma=0
   • cat23: Real=1, Relevância=0, Soma=0
   • cat236: Real=1, Relevância=0, Soma=0
   • cat239: Real=1, Relevância=2, Soma=2
   • cat24: Real=1, Relevância=0, Soma=0
   • cat243: Real=1, Relevância=0, Soma=0
   • cat252: Real=1, Relevância=0, Soma=0
   • cat26: Real=1, Relevância=0, Soma=0
   • cat27: Real=1, Relevância=0, Soma=0
   • cat271: Real=1, Relevância=0, Soma=0
   • cat274: Real=1, Relevância=0, Soma=0
   • cat280: Real=1, Relevância=0, Soma=0
   • cat281: Real=1, Relevância=0, Soma=0
   • cat282: Real=1, Relevância=0, Soma=0
   • cat29: Real=1, Relevância=0, Soma=0
   • cat293: Real=1, Relevância=0, Soma=0
   • cat294: Real=1, Relevância=2, Soma=2
   • cat316: Real=1, Relevância=0, Soma=0
   • cat345: Real=1, Relevância=0, Soma=0
   • cat352: Real=1, Relevância=0, Soma=0
   • cat359: Real=1, Relevância=0, Soma=0
   • cat36: Real=1, Relevância=0, Soma=0
   • cat372: Real=1, Relevância=0, Soma=0
   • cat379: Real=1, Relevância=0, Soma=0
   • cat38: Real=1, Relevância=0, Soma=0
   • cat381: Real=1, Relevância=0, Soma=0
   • cat382: Real=1, Relevância=2, Soma=2
   • cat391: Real=1, Relevância=0, Soma=0
   • cat394: Real=1, Relevância=0, Soma=0
   • cat395: Real=1, Relevância=0, Soma=0
   • cat403: Real=1, Relevância=0, Soma=0
   • cat406: Real=1, Relevância=0, Soma=0
   • cat428: Real=1, Relevância=2, Soma=2
   • cat434: Real=1, Relevância=0, Soma=0
   • cat44: Real=1, Relevância=0, Soma=0
   • cat442: Real=1, Relevância=0, Soma=0
   • cat449: Real=1, Relevância=0, Soma=0
   • cat453: Real=1, Relevância=0, Soma=0
   • cat49: Real=1, Relevância=0, Soma=0
   • cat498: Real=1, Relevância=0, Soma=0
   • cat70: Real=1, Relevância=0, Soma=0
   • cat74: Real=1, Relevância=0, Soma=0
   • cat85: Real=1, Relevância=0, Soma=0
   • cat91: Real=1, Relevância=0, Soma=0
   • cat93: Real=1, Relevância=0, Soma=0
   • cat94: Real=1, Relevância=0, Soma=0
   • cat97: Real=1, Relevância=0, Soma=0
   • dog126: Real=0, Relevância=1, Soma=1
   • dog141: Real=0, Relevância=1, Soma=1
   • dog143: Real=0, Relevância=2, Soma=2
   • dog151: Real=0, Relevância=1, Soma=1
   • dog166: Real=0, Relevância=1, Soma=1
   • dog168: Real=0, Relevância=3, Soma=3
   • dog169: Real=0, Relevância=1, Soma=1
   • dog197: Real=0, Relevância=1, Soma=1
   • dog199: Real=0, Relevância=1, Soma=1
   • dog204: Real=0, Relevância=1, Soma=1
   • dog205: Real=0, Relevância=1, Soma=1
   • dog215: Real=0, Relevância=1, Soma=1
   • dog216: Real=0, Relevância=1, Soma=1
   • dog227: Real=0, Relevância=2, Soma=2
   • dog233: Real=0, Relevância=1, Soma=1
   • dog242: Real=0, Relevância=1, Soma=1
   • dog245: Real=0, Relevância=1, Soma=1
   • dog253: Real=0, Relevância=1, Soma=1
   • dog263: Real=0, Relevância=1, Soma=1
   • dog276: Real=0, Relevância=1, Soma=1
   • dog278: Real=0, Relevância=1, Soma=1
   • dog280: Real=0, Relevância=1, Soma=1
   • dog301: Real=0, Relevância=1, Soma=1
   • dog309: Real=0, Relevância=1, Soma=1
   • dog326: Real=0, Relevância=3, Soma=3
   • dog339: Real=0, Relevância=1, Soma=1
   • dog341: Real=0, Relevância=1, Soma=1
   • dog347: Real=0, Relevância=1, Soma=1
   • dog349: Real=0, Relevância=1, Soma=1
   • dog351: Real=0, Relevância=1, Soma=1
   • dog354: Real=0, Relevância=2, Soma=2
   • dog368: Real=0, Relevância=1, Soma=1
   • dog377: Real=0, Relevância=1, Soma=1
   • dog381: Real=0, Relevância=1, Soma=1
   • dog400: Real=0, Relevância=1, Soma=1
   • dog402: Real=0, Relevância=1, Soma=1
   • dog405: Real=0, Relevância=1, Soma=1
   • dog416: Real=0, Relevância=1, Soma=1
   • dog423: Real=0, Relevância=1, Soma=1
   • dog428: Real=0, Relevância=1, Soma=1
   • dog44: Real=0, Relevância=1, Soma=1
   • dog450: Real=0, Relevância=1, Soma=1
   • dog458: Real=0, Relevância=1, Soma=1
   • dog467: Real=0, Relevância=1, Soma=1
   • dog477: Real=0, Relevância=1, Soma=1
   • dog478: Real=0, Relevância=1, Soma=1
   • dog485: Real=0, Relevância=1, Soma=1
   • dog488: Real=0, Relevância=1, Soma=1
   • dog489: Real=0, Relevância=1, Soma=1
   • dog495: Real=0, Relevância=1, Soma=1
   • dog497: Real=0, Relevância=1, Soma=1
   • dog6: Real=0, Relevância=1, Soma=1
   • dog61: Real=0, Relevância=1, Soma=1
   • dog63: Real=0, Relevância=1, Soma=1
   • dog69: Real=0, Relevância=1, Soma=1
   • dog74: Real=0, Relevância=1, Soma=1
   • dog88: Real=0, Relevância=1, Soma=1
   • horse1117: Real=3, Relevância=2, Soma=2
   • horse1282: Real=3, Relevância=2, Soma=2
   • horse1305: Real=3, Relevância=2, Soma=2
   • horse1338: Real=3, Relevância=2, Soma=2
   • horse1384: Real=3, Relevância=2, Soma=2
   • horse1402: Real=3, Relevância=2, Soma=2
   • horse1423: Real=3, Relevância=2, Soma=2
   • horse1474: Real=3, Relevância=2, Soma=2
   • horse19: Real=3, Relevância=2, Soma=2
   • horse2039: Real=3, Relevância=2, Soma=2
   • horse2040: Real=3, Relevância=2, Soma=2
   • horse2041: Real=3, Relevância=2, Soma=2
   • horse2042: Real=3, Relevância=2, Soma=2
   • horse2045: Real=3, Relevância=2, Soma=2
   • horse2048: Real=3, Relevância=2, Soma=2
   • horse2050: Real=3, Relevância=2, Soma=2
   • horse2053: Real=3, Relevância=2, Soma=2
   • horse2055: Real=3, Relevância=2, Soma=2
   • horse2056: Real=3, Relevância=2, Soma=2
   • horse2060: Real=3, Relevância=2, Soma=2
   • horse2061: Real=3, Relevância=2, Soma=2
   • horse2062: Real=3, Relevância=2, Soma=2
   • horse2063: Real=3, Relevância=2, Soma=2
   • horse2398: Real=3, Relevância=2, Soma=2
   • horse2682: Real=3, Relevância=2, Soma=2
   • horse2693: Real=3, Relevância=2, Soma=2
   • horse2694: Real=3, Relevância=2, Soma=2
   • horse2695: Real=3, Relevância=2, Soma=2
   • horse2696: Real=3, Relevância=2, Soma=2
   • horse2699: Real=3, Relevância=0, Soma=0
   • horse2702: Real=3, Relevância=2, Soma=2
   • horse2706: Real=3, Relevância=2, Soma=2
   • horse2709: Real=3, Relevância=2, Soma=2
   • horse33: Real=3, Relevância=2, Soma=2
   • horse347: Real=3, Relevância=2, Soma=2
   • horse359: Real=3, Relevância=2, Soma=2
   • horse381: Real=3, Relevância=2, Soma=2
   • horse515: Real=3, Relevância=2, Soma=1
   • horse598: Real=3, Relevância=2, Soma=2
   • horse602: Real=3, Relevância=2, Soma=2
   • horse850: Real=3, Relevância=0, Soma=0
   • horse90: Real=3, Relevância=2, Soma=2
   • horse973: Real=3, Relevância=2, Soma=2
   • lion103: Real=2, Relevância=3, Soma=3
   • lion1034: Real=2, Relevância=3, Soma=3
   • lion1120: Real=2, Relevância=3, Soma=3
   • lion1603: Real=2, Relevância=3, Soma=3
   • lion1871: Real=2, Relevância=0, Soma=0
   • lion1872: Real=2, Relevância=3, Soma=3
   • lion1879: Real=2, Relevância=3, Soma=3
   • lion24: Real=2, Relevância=3, Soma=3
   • lion2589: Real=2, Relevância=3, Soma=3
   • lion2590: Real=2, Relevância=3, Soma=3
   • lion2591: Real=2, Relevância=3, Soma=3
   • lion2592: Real=2, Relevância=3, Soma=3
   • lion2598: Real=2, Relevância=3, Soma=3
   • lion2599: Real=2, Relevância=3, Soma=3
   • lion2601: Real=2, Relevância=3, Soma=3
   • lion2603: Real=2, Relevância=3, Soma=3
   • lion2605: Real=2, Relevância=3, Soma=3
   • lion2606: Real=2, Relevância=3, Soma=3
   • lion2611: Real=2, Relevância=3, Soma=3
   • lion2615: Real=2, Relevância=3, Soma=3
   • lion2616: Real=2, Relevância=1, Soma=1
   • lion2617: Real=2, Relevância=3, Soma=3
   • lion2625: Real=2, Relevância=3, Soma=3
   • lion2629: Real=2, Relevância=3, Soma=3
   • lion2633: Real=2, Relevância=3, Soma=3
   • lion2634: Real=2, Relevância=3, Soma=3
   • lion2642: Real=2, Relevância=3, Soma=3
   • lion2646: Real=2, Relevância=0, Soma=0
   • lion2651: Real=2, Relevância=3, Soma=3
   • lion2652: Real=2, Relevância=3, Soma=3
   • lion2653: Real=2, Relevância=3, Soma=3
   • lion2660: Real=2, Relevância=3, Soma=3
   • lion2664: Real=2, Relevância=3, Soma=3
   • lion2667: Real=2, Relevância=3, Soma=3
   • lion2668: Real=2, Relevância=3, Soma=3
   • lion2680: Real=2, Relevância=3, Soma=3
   • lion2681: Real=2, Relevância=3, Soma=3
   • lion2682: Real=2, Relevância=3, Soma=3
   • lion42: Real=2, Relevância=3, Soma=3
   • lion6: Real=2, Relevância=3, Soma=3
   • lion671: Real=2, Relevância=1, Soma=0
   • lion738: Real=2, Relevância=3, Soma=3
   • lion8: Real=2, Relevância=3, Soma=3
   • lion9: Real=2, Relevância=3, Soma=3

📁 Arquivos Gerados:
------------------------------------------------------------
   • Comparação: results/experiments/experimento_20251030_195628/comp/csv_exports/svm_glcm_comparison.csv
   • Divergências: results/experiments/experimento_20251030_195628/comp/csv_exports/svm_glcm_divergences.csv
================================================================================

--------------------------------------------------------------------------------
🔄 Processando: svm_lbp_glcm_lpq_results.csv
   🏷️  Modelo: SVM_LBP_GLCM_LPQ
--------------------------------------------------------------------------------

================================================================================
🚀 PIPELINE: CLASSIFICAÇÃO POR SOMA DE PROBABILIDADES
================================================================================
   📁 CSV de entrada: results/experiments/experimento_20251030_195628/csv_exports/svm_lbp_glcm_lpq_results.csv
   📂 Diretório de saída: results/experiments/experimento_20251030_195628/sum
   🏷️  Modelo: SVM_LBP_GLCM_LPQ
================================================================================

📖 ETAPA 2: Leitura do CSV de entrada
   📁 Arquivo: results/experiments/experimento_20251030_195628/csv_exports/svm_lbp_glcm_lpq_results.csv
------------------------------------------------------------
   ✅ 2000 imagens lidas com sucesso
   📊 Exemplo de dados (primeira imagem):
      - Imagem: cat1
      - Label real: 1
      - Label predito (relevância): 1
      - Shape probabilidades: (9, 4)
      - Primeiras probabilidades:
        [[0.6879 0.2081 0.0135 0.0905]
 [0.0262 0.97   0.0039 0.    ]]
============================================================

🔄 ETAPA 5: Processamento de todas as imagens
   📊 Total de imagens: 2000
------------------------------------------------------------
   ✅ 2000 imagens processadas com sucesso
   📊 Labels preditos: 2000
   📊 Somas calculadas: 2000
   📊 Labels reais: 2000

   📈 Distribuição de predições:
      0 (dog): 506 imagens (25.30%)
      1 (cat): 497 imagens (24.85%)
      2 (lion): 498 imagens (24.90%)
      3 (horse): 499 imagens (24.95%)
============================================================

📊 ETAPA 6: Cálculo de métricas globais
   📈 Total de amostras: 2000
------------------------------------------------------------
   ✅ Amostras processadas: 2000

----------------------------------------
Métricas Soma de Probabilidades:
   📊 Acurácia: 94.3000%
   📊 F1: 94.3000%
   📊 Recall: 94.3000%
   📊 Precision: 94.3024%
----------------------------------------
============================================================

📊 ETAPA 7: Geração da matriz de confusão
   📈 Modelo: SVM_LBP_GLCM_LPQ
   📁 Diretório base: results/experiments/experimento_20251030_195628/sum
   🎨 Colormap: Purples
------------------------------------------------------------
   ✅ Matriz de confusão gerada
   💾 Arquivo salvo: results/experiments/experimento_20251030_195628/sum/confusion_matrixs/svm_lbp_glcm_lpq_confusion_matrix.png
============================================================

📊 ETAPA 8: Exportação para CSV
   📁 Arquivo de saída: results/experiments/experimento_20251030_195628/sum/csv_exports/svm_lbp_glcm_lpq_results.csv
   📈 Total de imagens: 2000
------------------------------------------------------------
   ✅ 2000 linhas escritas com sucesso
   💾 Arquivo salvo: results/experiments/experimento_20251030_195628/sum/csv_exports/svm_lbp_glcm_lpq_results.csv
============================================================

================================================================================
🎉 PIPELINE CONCLUÍDO COM SUCESSO!
================================================================================
📊 Resumo dos Resultados:
   • Total de imagens: 2000
   • Acurácia: 94.30%
   • F1-Score: 94.30%

📁 Arquivos Gerados:
   • CSV: results/experiments/experimento_20251030_195628/sum/csv_exports/svm_lbp_glcm_lpq_results.csv
   • Matriz de Confusão: results/experiments/experimento_20251030_195628/sum/confusion_matrixs/svm_lbp_glcm_lpq_confusion_matrix.png
================================================================================


🔄 Gerando CSV comparativo...

================================================================================
📊 ETAPA 9: GERAÇÃO DE CSV COMPARATIVO
================================================================================
   📂 Diretório de saída: results/experiments/experimento_20251030_195628
   🏷️  Modelo: SVM_LBP_GLCM_LPQ
================================================================================

📖 ETAPA 9.1: Preparação dos dados
------------------------------------------------------------
   ✅ 2000 imagens da técnica de relevância
   ✅ 2000 imagens da técnica de soma
============================================================

🔍 ETAPA 9.2: Validação de Consistência
------------------------------------------------------------
   ✅ Conjuntos de imagens coincidem: 2000 imagens
   ✅ Labels reais consistentes
============================================================

🔄 ETAPA 9.3: Processamento e Comparação
------------------------------------------------------------
   ✅ 2000 linhas processadas
   📊 Estatísticas de acerto:
      C (Ambos acertaram): 1875 (93.75%)
      R (Só Relevância): 13 (0.65%)
      S (Só Soma): 11 (0.55%)
      N (Nenhum acertou): 101 (5.05%)
============================================================

💾 ETAPA 9.4: Exportação do CSV de Comparação
------------------------------------------------------------
   ✅ CSV de comparação salvo: results/experiments/experimento_20251030_195628/comp/csv_exports/svm_lbp_glcm_lpq_comparison.csv
   📊 2000 linhas escritas
============================================================

💾 ETAPA 9.5: Exportação do CSV de Divergências
------------------------------------------------------------
   ✅ CSV de divergências salvo: results/experiments/experimento_20251030_195628/comp/csv_exports/svm_lbp_glcm_lpq_divergences.csv
   📊 125 linhas escritas
============================================================

================================================================================
📊 RESUMO DA COMPARAÇÃO
================================================================================

🎯 Modelo: SVM_LBP_GLCM_LPQ
📈 Total de imagens: 2000

📊 Distribuição de Acertos:
------------------------------------------------------------
   ✅ Ambos acertaram (C): 1875 (93.75%)
   🟡 Só Relevância (R): 13 (0.65%)
   🟠 Só Soma (S): 11 (0.55%)
   ❌ Nenhum acertou (N): 101 (5.05%)

📈 Diferenças Médias (Relevância - Soma):
------------------------------------------------------------
   Acurácia: +0.0010
   F1-Score: +0.0010
   Recall: +0.0010
   Precision: +0.0010

📋 Imagens com Divergências:
------------------------------------------------------------

🟡 Só Relevância Acertou (13 imagens):
   • cat251: Real=1, Relevância=1, Soma=0
   • cat259: Real=1, Relevância=1, Soma=0
   • cat36: Real=1, Relevância=1, Soma=0
   • cat453: Real=1, Relevância=1, Soma=0
   • dog486: Real=0, Relevância=0, Soma=1
   • dog493: Real=0, Relevância=0, Soma=1
   • dog54: Real=0, Relevância=0, Soma=1
   • dog66: Real=0, Relevância=0, Soma=1
   • horse1282: Real=3, Relevância=3, Soma=2
   • horse1479: Real=3, Relevância=3, Soma=2
   • horse682: Real=3, Relevância=3, Soma=0
   • horse961: Real=3, Relevância=3, Soma=2
   • lion738: Real=2, Relevância=2, Soma=3

🟠 Só Soma Acertou (11 imagens):
   • cat132: Real=1, Relevância=0, Soma=1
   • cat399: Real=1, Relevância=0, Soma=1
   • cat70: Real=1, Relevância=0, Soma=1
   • dog278: Real=0, Relevância=1, Soma=0
   • dog410: Real=0, Relevância=1, Soma=0
   • dog488: Real=0, Relevância=1, Soma=0
   • horse1293: Real=3, Relevância=2, Soma=3
   • horse2040: Real=3, Relevância=2, Soma=3
   • horse347: Real=3, Relevância=2, Soma=3
   • lion1878: Real=2, Relevância=3, Soma=2
   • lion2631: Real=2, Relevância=3, Soma=2

❌ Nenhum Acertou (101 imagens):
   • cat111: Real=1, Relevância=0, Soma=0
   • cat112: Real=1, Relevância=3, Soma=0
   • cat151: Real=1, Relevância=0, Soma=0
   • cat156: Real=1, Relevância=0, Soma=0
   • cat188: Real=1, Relevância=0, Soma=0
   • cat221: Real=1, Relevância=0, Soma=0
   • cat236: Real=1, Relevância=0, Soma=0
   • cat252: Real=1, Relevância=0, Soma=0
   • cat274: Real=1, Relevância=0, Soma=0
   • cat294: Real=1, Relevância=2, Soma=2
   • cat316: Real=1, Relevância=0, Soma=0
   • cat345: Real=1, Relevância=0, Soma=0
   • cat352: Real=1, Relevância=0, Soma=0
   • cat355: Real=1, Relevância=0, Soma=0
   • cat372: Real=1, Relevância=0, Soma=0
   • cat385: Real=1, Relevância=0, Soma=0
   • cat403: Real=1, Relevância=0, Soma=0
   • cat406: Real=1, Relevância=0, Soma=0
   • cat413: Real=1, Relevância=0, Soma=0
   • cat428: Real=1, Relevância=0, Soma=0
   • cat49: Real=1, Relevância=0, Soma=0
   • cat68: Real=1, Relevância=0, Soma=0
   • dog123: Real=0, Relevância=1, Soma=1
   • dog151: Real=0, Relevância=1, Soma=1
   • dog158: Real=0, Relevância=2, Soma=2
   • dog242: Real=0, Relevância=1, Soma=1
   • dog253: Real=0, Relevância=1, Soma=1
   • dog274: Real=0, Relevância=2, Soma=2
   • dog276: Real=0, Relevância=1, Soma=1
   • dog280: Real=0, Relevância=1, Soma=1
   • dog290: Real=0, Relevância=1, Soma=1
   • dog292: Real=0, Relevância=1, Soma=1
   • dog301: Real=0, Relevância=1, Soma=1
   • dog351: Real=0, Relevância=1, Soma=1
   • dog402: Real=0, Relevância=1, Soma=1
   • dog428: Real=0, Relevância=1, Soma=1
   • dog44: Real=0, Relevância=1, Soma=1
   • dog462: Real=0, Relevância=2, Soma=2
   • dog467: Real=0, Relevância=1, Soma=1
   • dog478: Real=0, Relevância=1, Soma=1
   • dog489: Real=0, Relevância=1, Soma=1
   • dog495: Real=0, Relevância=1, Soma=1
   • dog497: Real=0, Relevância=1, Soma=1
   • horse1117: Real=3, Relevância=2, Soma=2
   • horse1338: Real=3, Relevância=2, Soma=2
   • horse1384: Real=3, Relevância=2, Soma=2
   • horse1402: Real=3, Relevância=2, Soma=2
   • horse1590: Real=3, Relevância=2, Soma=2
   • horse2039: Real=3, Relevância=2, Soma=2
   • horse2045: Real=3, Relevância=2, Soma=2
   • horse2048: Real=3, Relevância=2, Soma=2
   • horse2060: Real=3, Relevância=0, Soma=0
   • horse2062: Real=3, Relevância=2, Soma=2
   • horse2242: Real=3, Relevância=2, Soma=2
   • horse2398: Real=3, Relevância=2, Soma=2
   • horse2682: Real=3, Relevância=2, Soma=2
   • horse2693: Real=3, Relevância=2, Soma=2
   • horse2695: Real=3, Relevância=2, Soma=2
   • horse2696: Real=3, Relevância=2, Soma=2
   • horse2698: Real=3, Relevância=2, Soma=2
   • horse2702: Real=3, Relevância=2, Soma=2
   • horse2706: Real=3, Relevância=2, Soma=2
   • horse33: Real=3, Relevância=2, Soma=2
   • horse359: Real=3, Relevância=2, Soma=2
   • horse515: Real=3, Relevância=2, Soma=2
   • horse598: Real=3, Relevância=2, Soma=2
   • horse650: Real=3, Relevância=0, Soma=0
   • horse850: Real=3, Relevância=0, Soma=0
   • horse90: Real=3, Relevância=2, Soma=2
   • horse937: Real=3, Relevância=1, Soma=1
   • lion1120: Real=2, Relevância=3, Soma=3
   • lion1872: Real=2, Relevância=3, Soma=3
   • lion1879: Real=2, Relevância=3, Soma=3
   • lion24: Real=2, Relevância=3, Soma=3
   • lion2589: Real=2, Relevância=3, Soma=3
   • lion2590: Real=2, Relevância=3, Soma=3
   • lion2592: Real=2, Relevância=3, Soma=3
   • lion2599: Real=2, Relevância=3, Soma=3
   • lion2601: Real=2, Relevância=3, Soma=3
   • lion2603: Real=2, Relevância=3, Soma=3
   • lion2605: Real=2, Relevância=3, Soma=3
   • lion2606: Real=2, Relevância=3, Soma=3
   • lion2611: Real=2, Relevância=3, Soma=3
   • lion2616: Real=2, Relevância=0, Soma=0
   • lion2617: Real=2, Relevância=3, Soma=3
   • lion2625: Real=2, Relevância=3, Soma=3
   • lion2629: Real=2, Relevância=3, Soma=3
   • lion2633: Real=2, Relevância=3, Soma=3
   • lion2634: Real=2, Relevância=3, Soma=3
   • lion2642: Real=2, Relevância=3, Soma=3
   • lion2649: Real=2, Relevância=3, Soma=3
   • lion2650: Real=2, Relevância=3, Soma=3
   • lion2651: Real=2, Relevância=3, Soma=3
   • lion2653: Real=2, Relevância=3, Soma=3
   • lion2680: Real=2, Relevância=3, Soma=3
   • lion2681: Real=2, Relevância=3, Soma=3
   • lion2682: Real=2, Relevância=3, Soma=3
   • lion393: Real=2, Relevância=0, Soma=0
   • lion42: Real=2, Relevância=3, Soma=3
   • lion8: Real=2, Relevância=3, Soma=3
   • lion9: Real=2, Relevância=3, Soma=3

📁 Arquivos Gerados:
------------------------------------------------------------
   • Comparação: results/experiments/experimento_20251030_195628/comp/csv_exports/svm_lbp_glcm_lpq_comparison.csv
   • Divergências: results/experiments/experimento_20251030_195628/comp/csv_exports/svm_lbp_glcm_lpq_divergences.csv
================================================================================

--------------------------------------------------------------------------------
🔄 Processando: svm_lbp_glcm_results.csv
   🏷️  Modelo: SVM_LBP_GLCM
--------------------------------------------------------------------------------

================================================================================
🚀 PIPELINE: CLASSIFICAÇÃO POR SOMA DE PROBABILIDADES
================================================================================
   📁 CSV de entrada: results/experiments/experimento_20251030_195628/csv_exports/svm_lbp_glcm_results.csv
   📂 Diretório de saída: results/experiments/experimento_20251030_195628/sum
   🏷️  Modelo: SVM_LBP_GLCM
================================================================================

📖 ETAPA 2: Leitura do CSV de entrada
   📁 Arquivo: results/experiments/experimento_20251030_195628/csv_exports/svm_lbp_glcm_results.csv
------------------------------------------------------------
   ✅ 2000 imagens lidas com sucesso
   📊 Exemplo de dados (primeira imagem):
      - Imagem: cat1
      - Label real: 1
      - Label predito (relevância): 1
      - Shape probabilidades: (9, 4)
      - Primeiras probabilidades:
        [[0.2214 0.7288 0.003  0.0468]
 [0.1257 0.8671 0.0071 0.    ]]
============================================================

🔄 ETAPA 5: Processamento de todas as imagens
   📊 Total de imagens: 2000
------------------------------------------------------------
   ✅ 2000 imagens processadas com sucesso
   📊 Labels preditos: 2000
   📊 Somas calculadas: 2000
   📊 Labels reais: 2000

   📈 Distribuição de predições:
      0 (dog): 495 imagens (24.75%)
      1 (cat): 509 imagens (25.45%)
      2 (lion): 489 imagens (24.45%)
      3 (horse): 507 imagens (25.35%)
============================================================

📊 ETAPA 6: Cálculo de métricas globais
   📈 Total de amostras: 2000
------------------------------------------------------------
   ✅ Amostras processadas: 2000

----------------------------------------
Métricas Soma de Probabilidades:
   📊 Acurácia: 91.0000%
   📊 F1: 90.9999%
   📊 Recall: 91.0000%
   📊 Precision: 91.0124%
----------------------------------------
============================================================

📊 ETAPA 7: Geração da matriz de confusão
   📈 Modelo: SVM_LBP_GLCM
   📁 Diretório base: results/experiments/experimento_20251030_195628/sum
   🎨 Colormap: Purples
------------------------------------------------------------
   ✅ Matriz de confusão gerada
   💾 Arquivo salvo: results/experiments/experimento_20251030_195628/sum/confusion_matrixs/svm_lbp_glcm_confusion_matrix.png
============================================================

📊 ETAPA 8: Exportação para CSV
   📁 Arquivo de saída: results/experiments/experimento_20251030_195628/sum/csv_exports/svm_lbp_glcm_results.csv
   📈 Total de imagens: 2000
------------------------------------------------------------
   ✅ 2000 linhas escritas com sucesso
   💾 Arquivo salvo: results/experiments/experimento_20251030_195628/sum/csv_exports/svm_lbp_glcm_results.csv
============================================================

================================================================================
🎉 PIPELINE CONCLUÍDO COM SUCESSO!
================================================================================
📊 Resumo dos Resultados:
   • Total de imagens: 2000
   • Acurácia: 91.00%
   • F1-Score: 91.00%

📁 Arquivos Gerados:
   • CSV: results/experiments/experimento_20251030_195628/sum/csv_exports/svm_lbp_glcm_results.csv
   • Matriz de Confusão: results/experiments/experimento_20251030_195628/sum/confusion_matrixs/svm_lbp_glcm_confusion_matrix.png
================================================================================


🔄 Gerando CSV comparativo...

================================================================================
📊 ETAPA 9: GERAÇÃO DE CSV COMPARATIVO
================================================================================
   📂 Diretório de saída: results/experiments/experimento_20251030_195628
   🏷️  Modelo: SVM_LBP_GLCM
================================================================================

📖 ETAPA 9.1: Preparação dos dados
------------------------------------------------------------
   ✅ 2000 imagens da técnica de relevância
   ✅ 2000 imagens da técnica de soma
============================================================

🔍 ETAPA 9.2: Validação de Consistência
------------------------------------------------------------
   ✅ Conjuntos de imagens coincidem: 2000 imagens
   ✅ Labels reais consistentes
============================================================

🔄 ETAPA 9.3: Processamento e Comparação
------------------------------------------------------------
   ✅ 2000 linhas processadas
   📊 Estatísticas de acerto:
      C (Ambos acertaram): 1797 (89.85%)
      R (Só Relevância): 16 (0.80%)
      S (Só Soma): 23 (1.15%)
      N (Nenhum acertou): 164 (8.20%)
============================================================

💾 ETAPA 9.4: Exportação do CSV de Comparação
------------------------------------------------------------
   ✅ CSV de comparação salvo: results/experiments/experimento_20251030_195628/comp/csv_exports/svm_lbp_glcm_comparison.csv
   📊 2000 linhas escritas
============================================================

💾 ETAPA 9.5: Exportação do CSV de Divergências
------------------------------------------------------------
   ✅ CSV de divergências salvo: results/experiments/experimento_20251030_195628/comp/csv_exports/svm_lbp_glcm_divergences.csv
   📊 203 linhas escritas
============================================================

================================================================================
📊 RESUMO DA COMPARAÇÃO
================================================================================

🎯 Modelo: SVM_LBP_GLCM
📈 Total de imagens: 2000

📊 Distribuição de Acertos:
------------------------------------------------------------
   ✅ Ambos acertaram (C): 1797 (89.85%)
   🟡 Só Relevância (R): 16 (0.80%)
   🟠 Só Soma (S): 23 (1.15%)
   ❌ Nenhum acertou (N): 164 (8.20%)

📈 Diferenças Médias (Relevância - Soma):
------------------------------------------------------------
   Acurácia: -0.0035
   F1-Score: -0.0035
   Recall: -0.0035
   Precision: -0.0035

📋 Imagens com Divergências:
------------------------------------------------------------

🟡 Só Relevância Acertou (16 imagens):
   • cat117: Real=1, Relevância=1, Soma=0
   • cat212: Real=1, Relevância=1, Soma=0
   • cat225: Real=1, Relevância=1, Soma=0
   • cat294: Real=1, Relevância=1, Soma=0
   • cat66: Real=1, Relevância=1, Soma=0
   • dog160: Real=0, Relevância=0, Soma=1
   • dog169: Real=0, Relevância=0, Soma=1
   • dog425: Real=0, Relevância=0, Soma=1
   • dog492: Real=0, Relevância=0, Soma=1
   • dog498: Real=0, Relevância=0, Soma=1
   • dog499: Real=0, Relevância=0, Soma=1
   • dog66: Real=0, Relevância=0, Soma=1
   • horse1587: Real=3, Relevância=3, Soma=2
   • lion1883: Real=2, Relevância=2, Soma=3
   • lion2652: Real=2, Relevância=2, Soma=3
   • lion515: Real=2, Relevância=2, Soma=3

🟠 Só Soma Acertou (23 imagens):
   • cat102: Real=1, Relevância=0, Soma=1
   • cat132: Real=1, Relevância=0, Soma=1
   • cat183: Real=1, Relevância=0, Soma=1
   • cat243: Real=1, Relevância=0, Soma=1
   • cat276: Real=1, Relevância=0, Soma=1
   • cat354: Real=1, Relevância=0, Soma=1
   • cat399: Real=1, Relevância=0, Soma=1
   • cat65: Real=1, Relevância=0, Soma=1
   • dog165: Real=0, Relevância=1, Soma=0
   • dog168: Real=0, Relevância=3, Soma=0
   • dog200: Real=0, Relevância=1, Soma=0
   • dog306: Real=0, Relevância=1, Soma=0
   • dog335: Real=0, Relevância=1, Soma=0
   • dog368: Real=0, Relevância=1, Soma=0
   • dog390: Real=0, Relevância=1, Soma=0
   • dog432: Real=0, Relevância=1, Soma=0
   • dog88: Real=0, Relevância=1, Soma=0
   • horse1423: Real=3, Relevância=2, Soma=3
   • horse2041: Real=3, Relevância=2, Soma=3
   • horse2060: Real=3, Relevância=2, Soma=3
   • horse347: Real=3, Relevância=2, Soma=3
   • lion2099: Real=2, Relevância=3, Soma=2
   • lion2602: Real=2, Relevância=0, Soma=2

❌ Nenhum Acertou (164 imagens):
   • cat108: Real=1, Relevância=0, Soma=0
   • cat112: Real=1, Relevância=0, Soma=0
   • cat150: Real=1, Relevância=0, Soma=0
   • cat151: Real=1, Relevância=2, Soma=2
   • cat156: Real=1, Relevância=0, Soma=0
   • cat169: Real=1, Relevância=0, Soma=0
   • cat170: Real=1, Relevância=2, Soma=2
   • cat188: Real=1, Relevância=0, Soma=0
   • cat202: Real=1, Relevância=0, Soma=0
   • cat221: Real=1, Relevância=0, Soma=0
   • cat252: Real=1, Relevância=0, Soma=0
   • cat26: Real=1, Relevância=0, Soma=0
   • cat27: Real=1, Relevância=0, Soma=0
   • cat271: Real=1, Relevância=0, Soma=0
   • cat274: Real=1, Relevância=0, Soma=0
   • cat281: Real=1, Relevância=0, Soma=0
   • cat296: Real=1, Relevância=0, Soma=0
   • cat302: Real=1, Relevância=0, Soma=0
   • cat304: Real=1, Relevância=0, Soma=0
   • cat345: Real=1, Relevância=0, Soma=0
   • cat352: Real=1, Relevância=0, Soma=0
   • cat355: Real=1, Relevância=0, Soma=0
   • cat36: Real=1, Relevância=0, Soma=0
   • cat372: Real=1, Relevância=0, Soma=0
   • cat379: Real=1, Relevância=0, Soma=0
   • cat382: Real=1, Relevância=0, Soma=2
   • cat403: Real=1, Relevância=0, Soma=0
   • cat406: Real=1, Relevância=0, Soma=0
   • cat428: Real=1, Relevância=2, Soma=0
   • cat44: Real=1, Relevância=0, Soma=0
   • cat442: Real=1, Relevância=0, Soma=0
   • cat449: Real=1, Relevância=0, Soma=0
   • cat453: Real=1, Relevância=0, Soma=0
   • cat46: Real=1, Relevância=0, Soma=0
   • cat49: Real=1, Relevância=0, Soma=0
   • cat51: Real=1, Relevância=0, Soma=0
   • cat68: Real=1, Relevância=0, Soma=0
   • cat70: Real=1, Relevância=0, Soma=0
   • cat85: Real=1, Relevância=0, Soma=0
   • cat9: Real=1, Relevância=0, Soma=0
   • cat93: Real=1, Relevância=0, Soma=0
   • cat94: Real=1, Relevância=0, Soma=0
   • dog123: Real=0, Relevância=1, Soma=1
   • dog151: Real=0, Relevância=1, Soma=1
   • dog158: Real=0, Relevância=2, Soma=2
   • dog197: Real=0, Relevância=1, Soma=1
   • dog199: Real=0, Relevância=1, Soma=1
   • dog204: Real=0, Relevância=1, Soma=1
   • dog216: Real=0, Relevância=1, Soma=1
   • dog227: Real=0, Relevância=1, Soma=1
   • dog242: Real=0, Relevância=1, Soma=1
   • dog253: Real=0, Relevância=1, Soma=1
   • dog276: Real=0, Relevância=1, Soma=1
   • dog278: Real=0, Relevância=1, Soma=1
   • dog280: Real=0, Relevância=1, Soma=1
   • dog290: Real=0, Relevância=1, Soma=1
   • dog301: Real=0, Relevância=1, Soma=1
   • dog309: Real=0, Relevância=1, Soma=1
   • dog326: Real=0, Relevância=1, Soma=1
   • dog330: Real=0, Relevância=1, Soma=1
   • dog339: Real=0, Relevância=1, Soma=1
   • dog347: Real=0, Relevância=2, Soma=1
   • dog351: Real=0, Relevância=1, Soma=1
   • dog354: Real=0, Relevância=1, Soma=1
   • dog365: Real=0, Relevância=1, Soma=1
   • dog377: Real=0, Relevância=1, Soma=1
   • dog392: Real=0, Relevância=1, Soma=1
   • dog402: Real=0, Relevância=1, Soma=1
   • dog405: Real=0, Relevância=1, Soma=1
   • dog406: Real=0, Relevância=1, Soma=1
   • dog410: Real=0, Relevância=1, Soma=1
   • dog416: Real=0, Relevância=1, Soma=1
   • dog428: Real=0, Relevância=1, Soma=1
   • dog458: Real=0, Relevância=1, Soma=1
   • dog467: Real=0, Relevância=1, Soma=1
   • dog474: Real=0, Relevância=1, Soma=1
   • dog477: Real=0, Relevância=1, Soma=1
   • dog478: Real=0, Relevância=1, Soma=1
   • dog483: Real=0, Relevância=1, Soma=1
   • dog485: Real=0, Relevância=1, Soma=1
   • dog488: Real=0, Relevância=1, Soma=1
   • dog489: Real=0, Relevância=1, Soma=1
   • dog493: Real=0, Relevância=1, Soma=1
   • dog495: Real=0, Relevância=1, Soma=1
   • dog496: Real=0, Relevância=1, Soma=1
   • dog497: Real=0, Relevância=1, Soma=1
   • dog57: Real=0, Relevância=1, Soma=1
   • dog6: Real=0, Relevância=1, Soma=1
   • dog61: Real=0, Relevância=1, Soma=1
   • dog63: Real=0, Relevância=1, Soma=1
   • dog69: Real=0, Relevância=1, Soma=1
   • horse1117: Real=3, Relevância=2, Soma=2
   • horse1338: Real=3, Relevância=2, Soma=2
   • horse1384: Real=3, Relevância=2, Soma=2
   • horse1402: Real=3, Relevância=2, Soma=2
   • horse1590: Real=3, Relevância=2, Soma=2
   • horse2039: Real=3, Relevância=2, Soma=2
   • horse2040: Real=3, Relevância=2, Soma=2
   • horse2042: Real=3, Relevância=2, Soma=2
   • horse2045: Real=3, Relevância=2, Soma=2
   • horse2048: Real=3, Relevância=2, Soma=2
   • horse2050: Real=3, Relevância=2, Soma=2
   • horse2061: Real=3, Relevância=2, Soma=2
   • horse2062: Real=3, Relevância=2, Soma=2
   • horse2063: Real=3, Relevância=2, Soma=2
   • horse2242: Real=3, Relevância=2, Soma=2
   • horse2398: Real=3, Relevância=2, Soma=2
   • horse2682: Real=3, Relevância=2, Soma=2
   • horse2693: Real=3, Relevância=2, Soma=2
   • horse2696: Real=3, Relevância=2, Soma=2
   • horse2698: Real=3, Relevância=2, Soma=2
   • horse2702: Real=3, Relevância=2, Soma=2
   • horse2706: Real=3, Relevância=2, Soma=2
   • horse33: Real=3, Relevância=2, Soma=2
   • horse359: Real=3, Relevância=2, Soma=2
   • horse381: Real=3, Relevância=2, Soma=2
   • horse515: Real=3, Relevância=2, Soma=2
   • horse602: Real=3, Relevância=2, Soma=2
   • horse650: Real=3, Relevância=0, Soma=0
   • horse850: Real=3, Relevância=0, Soma=0
   • horse90: Real=3, Relevância=2, Soma=2
   • horse973: Real=3, Relevância=2, Soma=2
   • lion1120: Real=2, Relevância=3, Soma=3
   • lion1603: Real=2, Relevância=3, Soma=3
   • lion1872: Real=2, Relevância=3, Soma=3
   • lion1879: Real=2, Relevância=3, Soma=3
   • lion1884: Real=2, Relevância=1, Soma=0
   • lion24: Real=2, Relevância=3, Soma=3
   • lion2589: Real=2, Relevância=3, Soma=3
   • lion2590: Real=2, Relevância=3, Soma=3
   • lion2591: Real=2, Relevância=3, Soma=3
   • lion2592: Real=2, Relevância=3, Soma=3
   • lion2598: Real=2, Relevância=3, Soma=3
   • lion2599: Real=2, Relevância=3, Soma=3
   • lion2601: Real=2, Relevância=3, Soma=3
   • lion2603: Real=2, Relevância=3, Soma=3
   • lion2605: Real=2, Relevância=3, Soma=3
   • lion2606: Real=2, Relevância=3, Soma=3
   • lion2607: Real=2, Relevância=3, Soma=3
   • lion2611: Real=2, Relevância=3, Soma=3
   • lion2616: Real=2, Relevância=1, Soma=1
   • lion2617: Real=2, Relevância=3, Soma=3
   • lion2625: Real=2, Relevância=3, Soma=3
   • lion2629: Real=2, Relevância=3, Soma=3
   • lion2631: Real=2, Relevância=3, Soma=3
   • lion2633: Real=2, Relevância=3, Soma=3
   • lion2634: Real=2, Relevância=3, Soma=3
   • lion2642: Real=2, Relevância=3, Soma=3
   • lion2646: Real=2, Relevância=0, Soma=0
   • lion2649: Real=2, Relevância=3, Soma=3
   • lion2651: Real=2, Relevância=3, Soma=3
   • lion2653: Real=2, Relevância=3, Soma=3
   • lion2660: Real=2, Relevância=3, Soma=3
   • lion2680: Real=2, Relevância=3, Soma=3
   • lion2681: Real=2, Relevância=3, Soma=3
   • lion2682: Real=2, Relevância=3, Soma=3
   • lion393: Real=2, Relevância=0, Soma=0
   • lion42: Real=2, Relevância=3, Soma=3
   • lion6: Real=2, Relevância=3, Soma=3
   • lion671: Real=2, Relevância=0, Soma=0
   • lion738: Real=2, Relevância=3, Soma=3
   • lion8: Real=2, Relevância=0, Soma=0
   • lion860: Real=2, Relevância=3, Soma=3
   • lion9: Real=2, Relevância=3, Soma=3

📁 Arquivos Gerados:
------------------------------------------------------------
   • Comparação: results/experiments/experimento_20251030_195628/comp/csv_exports/svm_lbp_glcm_comparison.csv
   • Divergências: results/experiments/experimento_20251030_195628/comp/csv_exports/svm_lbp_glcm_divergences.csv
================================================================================

--------------------------------------------------------------------------------
🔄 Processando: svm_lbp_lpq_results.csv
   🏷️  Modelo: SVM_LBP_LPQ
--------------------------------------------------------------------------------

================================================================================
🚀 PIPELINE: CLASSIFICAÇÃO POR SOMA DE PROBABILIDADES
================================================================================
   📁 CSV de entrada: results/experiments/experimento_20251030_195628/csv_exports/svm_lbp_lpq_results.csv
   📂 Diretório de saída: results/experiments/experimento_20251030_195628/sum
   🏷️  Modelo: SVM_LBP_LPQ
================================================================================

📖 ETAPA 2: Leitura do CSV de entrada
   📁 Arquivo: results/experiments/experimento_20251030_195628/csv_exports/svm_lbp_lpq_results.csv
------------------------------------------------------------
   ✅ 2000 imagens lidas com sucesso
   📊 Exemplo de dados (primeira imagem):
      - Imagem: cat1
      - Label real: 1
      - Label predito (relevância): 1
      - Shape probabilidades: (9, 4)
      - Primeiras probabilidades:
        [[0.6674 0.209  0.0113 0.1124]
 [0.0434 0.9445 0.0082 0.0039]]
============================================================

🔄 ETAPA 5: Processamento de todas as imagens
   📊 Total de imagens: 2000
------------------------------------------------------------
   ✅ 2000 imagens processadas com sucesso
   📊 Labels preditos: 2000
   📊 Somas calculadas: 2000
   📊 Labels reais: 2000

   📈 Distribuição de predições:
      0 (dog): 503 imagens (25.15%)
      1 (cat): 500 imagens (25.00%)
      2 (lion): 495 imagens (24.75%)
      3 (horse): 502 imagens (25.10%)
============================================================

📊 ETAPA 6: Cálculo de métricas globais
   📈 Total de amostras: 2000
------------------------------------------------------------
   ✅ Amostras processadas: 2000

----------------------------------------
Métricas Soma de Probabilidades:
   📊 Acurácia: 94.1500%
   📊 F1: 94.1492%
   📊 Recall: 94.1500%
   📊 Precision: 94.1503%
----------------------------------------
============================================================

📊 ETAPA 7: Geração da matriz de confusão
   📈 Modelo: SVM_LBP_LPQ
   📁 Diretório base: results/experiments/experimento_20251030_195628/sum
   🎨 Colormap: Purples
------------------------------------------------------------
   ✅ Matriz de confusão gerada
   💾 Arquivo salvo: results/experiments/experimento_20251030_195628/sum/confusion_matrixs/svm_lbp_lpq_confusion_matrix.png
============================================================

📊 ETAPA 8: Exportação para CSV
   📁 Arquivo de saída: results/experiments/experimento_20251030_195628/sum/csv_exports/svm_lbp_lpq_results.csv
   📈 Total de imagens: 2000
------------------------------------------------------------
   ✅ 2000 linhas escritas com sucesso
   💾 Arquivo salvo: results/experiments/experimento_20251030_195628/sum/csv_exports/svm_lbp_lpq_results.csv
============================================================

================================================================================
🎉 PIPELINE CONCLUÍDO COM SUCESSO!
================================================================================
📊 Resumo dos Resultados:
   • Total de imagens: 2000
   • Acurácia: 94.15%
   • F1-Score: 94.15%

📁 Arquivos Gerados:
   • CSV: results/experiments/experimento_20251030_195628/sum/csv_exports/svm_lbp_lpq_results.csv
   • Matriz de Confusão: results/experiments/experimento_20251030_195628/sum/confusion_matrixs/svm_lbp_lpq_confusion_matrix.png
================================================================================


🔄 Gerando CSV comparativo...

================================================================================
📊 ETAPA 9: GERAÇÃO DE CSV COMPARATIVO
================================================================================
   📂 Diretório de saída: results/experiments/experimento_20251030_195628
   🏷️  Modelo: SVM_LBP_LPQ
================================================================================

📖 ETAPA 9.1: Preparação dos dados
------------------------------------------------------------
   ✅ 2000 imagens da técnica de relevância
   ✅ 2000 imagens da técnica de soma
============================================================

🔍 ETAPA 9.2: Validação de Consistência
------------------------------------------------------------
   ✅ Conjuntos de imagens coincidem: 2000 imagens
   ✅ Labels reais consistentes
============================================================

🔄 ETAPA 9.3: Processamento e Comparação
------------------------------------------------------------
   ✅ 2000 linhas processadas
   📊 Estatísticas de acerto:
      C (Ambos acertaram): 1869 (93.45%)
      R (Só Relevância): 12 (0.60%)
      S (Só Soma): 14 (0.70%)
      N (Nenhum acertou): 105 (5.25%)
============================================================

💾 ETAPA 9.4: Exportação do CSV de Comparação
------------------------------------------------------------
   ✅ CSV de comparação salvo: results/experiments/experimento_20251030_195628/comp/csv_exports/svm_lbp_lpq_comparison.csv
   📊 2000 linhas escritas
============================================================

💾 ETAPA 9.5: Exportação do CSV de Divergências
------------------------------------------------------------
   ✅ CSV de divergências salvo: results/experiments/experimento_20251030_195628/comp/csv_exports/svm_lbp_lpq_divergences.csv
   📊 131 linhas escritas
============================================================

================================================================================
📊 RESUMO DA COMPARAÇÃO
================================================================================

🎯 Modelo: SVM_LBP_LPQ
📈 Total de imagens: 2000

📊 Distribuição de Acertos:
------------------------------------------------------------
   ✅ Ambos acertaram (C): 1869 (93.45%)
   🟡 Só Relevância (R): 12 (0.60%)
   🟠 Só Soma (S): 14 (0.70%)
   ❌ Nenhum acertou (N): 105 (5.25%)

📈 Diferenças Médias (Relevância - Soma):
------------------------------------------------------------
   Acurácia: -0.0010
   F1-Score: -0.0010
   Recall: -0.0010
   Precision: -0.0009

📋 Imagens com Divergências:
------------------------------------------------------------

🟡 Só Relevância Acertou (12 imagens):
   • cat202: Real=1, Relevância=1, Soma=0
   • cat259: Real=1, Relevância=1, Soma=0
   • dog158: Real=0, Relevância=0, Soma=2
   • dog197: Real=0, Relevância=0, Soma=1
   • dog323: Real=0, Relevância=0, Soma=1
   • horse1073: Real=3, Relevância=3, Soma=2
   • horse1282: Real=3, Relevância=3, Soma=2
   • horse1479: Real=3, Relevância=3, Soma=2
   • horse2693: Real=3, Relevância=3, Soma=2
   • horse682: Real=3, Relevância=3, Soma=0
   • lion738: Real=2, Relevância=2, Soma=3
   • lion8: Real=2, Relevância=2, Soma=3

🟠 Só Soma Acertou (14 imagens):
   • cat151: Real=1, Relevância=0, Soma=1
   • cat226: Real=1, Relevância=0, Soma=1
   • cat236: Real=1, Relevância=0, Soma=1
   • cat403: Real=1, Relevância=0, Soma=1
   • dog215: Real=0, Relevância=3, Soma=0
   • dog354: Real=0, Relevância=2, Soma=0
   • horse1046: Real=3, Relevância=2, Soma=3
   • horse16: Real=3, Relevância=2, Soma=3
   • horse2709: Real=3, Relevância=2, Soma=3
   • horse90: Real=3, Relevância=2, Soma=3
   • lion1878: Real=2, Relevância=3, Soma=2
   • lion2591: Real=2, Relevância=3, Soma=2
   • lion2633: Real=2, Relevância=3, Soma=2
   • lion9: Real=2, Relevância=3, Soma=2

❌ Nenhum Acertou (105 imagens):
   • cat111: Real=1, Relevância=0, Soma=0
   • cat112: Real=1, Relevância=0, Soma=0
   • cat156: Real=1, Relevância=0, Soma=0
   • cat188: Real=1, Relevância=0, Soma=0
   • cat221: Real=1, Relevância=0, Soma=0
   • cat252: Real=1, Relevância=0, Soma=0
   • cat271: Real=1, Relevância=0, Soma=0
   • cat274: Real=1, Relevância=0, Soma=0
   • cat281: Real=1, Relevância=0, Soma=0
   • cat294: Real=1, Relevância=2, Soma=2
   • cat298: Real=1, Relevância=0, Soma=0
   • cat316: Real=1, Relevância=0, Soma=0
   • cat345: Real=1, Relevância=0, Soma=0
   • cat355: Real=1, Relevância=3, Soma=3
   • cat358: Real=1, Relevância=0, Soma=0
   • cat372: Real=1, Relevância=0, Soma=0
   • cat406: Real=1, Relevância=0, Soma=0
   • cat413: Real=1, Relevância=0, Soma=0
   • cat428: Real=1, Relevância=0, Soma=0
   • cat49: Real=1, Relevância=0, Soma=0
   • cat68: Real=1, Relevância=0, Soma=0
   • cat70: Real=1, Relevância=0, Soma=0
   • dog123: Real=0, Relevância=1, Soma=1
   • dog151: Real=0, Relevância=1, Soma=1
   • dog242: Real=0, Relevância=1, Soma=1
   • dog253: Real=0, Relevância=1, Soma=1
   • dog276: Real=0, Relevância=1, Soma=1
   • dog280: Real=0, Relevância=1, Soma=1
   • dog290: Real=0, Relevância=1, Soma=1
   • dog292: Real=0, Relevância=1, Soma=1
   • dog337: Real=0, Relevância=1, Soma=1
   • dog351: Real=0, Relevância=1, Soma=1
   • dog402: Real=0, Relevância=1, Soma=1
   • dog423: Real=0, Relevância=1, Soma=1
   • dog428: Real=0, Relevância=1, Soma=1
   • dog44: Real=0, Relevância=1, Soma=1
   • dog462: Real=0, Relevância=2, Soma=2
   • dog467: Real=0, Relevância=1, Soma=1
   • dog478: Real=0, Relevância=1, Soma=1
   • dog488: Real=0, Relevância=1, Soma=1
   • dog489: Real=0, Relevância=1, Soma=1
   • dog493: Real=0, Relevância=1, Soma=1
   • dog495: Real=0, Relevância=1, Soma=1
   • dog497: Real=0, Relevância=1, Soma=1
   • dog54: Real=0, Relevância=1, Soma=1
   • horse1117: Real=3, Relevância=2, Soma=2
   • horse1293: Real=3, Relevância=2, Soma=2
   • horse1338: Real=3, Relevância=2, Soma=2
   • horse1384: Real=3, Relevância=2, Soma=2
   • horse1590: Real=3, Relevância=2, Soma=2
   • horse2039: Real=3, Relevância=2, Soma=2
   • horse2042: Real=3, Relevância=2, Soma=2
   • horse2045: Real=3, Relevância=2, Soma=2
   • horse2048: Real=3, Relevância=2, Soma=2
   • horse2060: Real=3, Relevância=0, Soma=0
   • horse2062: Real=3, Relevância=2, Soma=2
   • horse2242: Real=3, Relevância=2, Soma=2
   • horse2398: Real=3, Relevância=2, Soma=2
   • horse2682: Real=3, Relevância=2, Soma=2
   • horse2695: Real=3, Relevância=2, Soma=2
   • horse2696: Real=3, Relevância=2, Soma=2
   • horse2698: Real=3, Relevância=2, Soma=2
   • horse2702: Real=3, Relevância=2, Soma=2
   • horse2706: Real=3, Relevância=2, Soma=2
   • horse33: Real=3, Relevância=2, Soma=2
   • horse347: Real=3, Relevância=2, Soma=2
   • horse359: Real=3, Relevância=2, Soma=2
   • horse515: Real=3, Relevância=2, Soma=2
   • horse598: Real=3, Relevância=2, Soma=2
   • horse650: Real=3, Relevância=0, Soma=0
   • horse850: Real=3, Relevância=0, Soma=0
   • horse937: Real=3, Relevância=0, Soma=0
   • lion103: Real=2, Relevância=3, Soma=3
   • lion1120: Real=2, Relevância=3, Soma=3
   • lion1872: Real=2, Relevância=3, Soma=3
   • lion1879: Real=2, Relevância=3, Soma=3
   • lion2172: Real=2, Relevância=3, Soma=3
   • lion2322: Real=2, Relevância=3, Soma=3
   • lion24: Real=2, Relevância=3, Soma=3
   • lion2506: Real=2, Relevância=3, Soma=3
   • lion2589: Real=2, Relevância=3, Soma=3
   • lion2590: Real=2, Relevância=3, Soma=3
   • lion2592: Real=2, Relevância=3, Soma=3
   • lion2599: Real=2, Relevância=3, Soma=3
   • lion2601: Real=2, Relevância=3, Soma=3
   • lion2603: Real=2, Relevância=3, Soma=3
   • lion2605: Real=2, Relevância=3, Soma=3
   • lion2606: Real=2, Relevância=3, Soma=3
   • lion2611: Real=2, Relevância=3, Soma=3
   • lion2612: Real=2, Relevância=3, Soma=3
   • lion2616: Real=2, Relevância=0, Soma=0
   • lion2617: Real=2, Relevância=3, Soma=3
   • lion2625: Real=2, Relevância=3, Soma=3
   • lion2634: Real=2, Relevância=3, Soma=3
   • lion2642: Real=2, Relevância=3, Soma=3
   • lion2649: Real=2, Relevância=3, Soma=3
   • lion2650: Real=2, Relevância=3, Soma=3
   • lion2651: Real=2, Relevância=3, Soma=3
   • lion2653: Real=2, Relevância=3, Soma=3
   • lion2668: Real=2, Relevância=3, Soma=3
   • lion2680: Real=2, Relevância=3, Soma=3
   • lion2681: Real=2, Relevância=3, Soma=3
   • lion2682: Real=2, Relevância=3, Soma=3
   • lion393: Real=2, Relevância=0, Soma=0
   • lion42: Real=2, Relevância=3, Soma=3

📁 Arquivos Gerados:
------------------------------------------------------------
   • Comparação: results/experiments/experimento_20251030_195628/comp/csv_exports/svm_lbp_lpq_comparison.csv
   • Divergências: results/experiments/experimento_20251030_195628/comp/csv_exports/svm_lbp_lpq_divergences.csv
================================================================================

--------------------------------------------------------------------------------
🔄 Processando: svm_lbp_results.csv
   🏷️  Modelo: SVM_LBP
--------------------------------------------------------------------------------

================================================================================
🚀 PIPELINE: CLASSIFICAÇÃO POR SOMA DE PROBABILIDADES
================================================================================
   📁 CSV de entrada: results/experiments/experimento_20251030_195628/csv_exports/svm_lbp_results.csv
   📂 Diretório de saída: results/experiments/experimento_20251030_195628/sum
   🏷️  Modelo: SVM_LBP
================================================================================

📖 ETAPA 2: Leitura do CSV de entrada
   📁 Arquivo: results/experiments/experimento_20251030_195628/csv_exports/svm_lbp_results.csv
------------------------------------------------------------
   ✅ 2000 imagens lidas com sucesso
   📊 Exemplo de dados (primeira imagem):
      - Imagem: cat1
      - Label real: 1
      - Label predito (relevância): 1
      - Shape probabilidades: (9, 4)
      - Primeiras probabilidades:
        [[0.3238 0.6582 0.0052 0.0128]
 [0.1173 0.8354 0.0473 0.    ]]
============================================================

🔄 ETAPA 5: Processamento de todas as imagens
   📊 Total de imagens: 2000
------------------------------------------------------------
   ✅ 2000 imagens processadas com sucesso
   📊 Labels preditos: 2000
   📊 Somas calculadas: 2000
   📊 Labels reais: 2000

   📈 Distribuição de predições:
      0 (dog): 497 imagens (24.85%)
      1 (cat): 509 imagens (25.45%)
      2 (lion): 496 imagens (24.80%)
      3 (horse): 498 imagens (24.90%)
============================================================

📊 ETAPA 6: Cálculo de métricas globais
   📈 Total de amostras: 2000
------------------------------------------------------------
   ✅ Amostras processadas: 2000

----------------------------------------
Métricas Soma de Probabilidades:
   📊 Acurácia: 90.3500%
   📊 F1: 90.3534%
   📊 Recall: 90.3500%
   📊 Precision: 90.3617%
----------------------------------------
============================================================

📊 ETAPA 7: Geração da matriz de confusão
   📈 Modelo: SVM_LBP
   📁 Diretório base: results/experiments/experimento_20251030_195628/sum
   🎨 Colormap: Purples
------------------------------------------------------------
   ✅ Matriz de confusão gerada
   💾 Arquivo salvo: results/experiments/experimento_20251030_195628/sum/confusion_matrixs/svm_lbp_confusion_matrix.png
============================================================

📊 ETAPA 8: Exportação para CSV
   📁 Arquivo de saída: results/experiments/experimento_20251030_195628/sum/csv_exports/svm_lbp_results.csv
   📈 Total de imagens: 2000
------------------------------------------------------------
   ✅ 2000 linhas escritas com sucesso
   💾 Arquivo salvo: results/experiments/experimento_20251030_195628/sum/csv_exports/svm_lbp_results.csv
============================================================

================================================================================
🎉 PIPELINE CONCLUÍDO COM SUCESSO!
================================================================================
📊 Resumo dos Resultados:
   • Total de imagens: 2000
   • Acurácia: 90.35%
   • F1-Score: 90.35%

📁 Arquivos Gerados:
   • CSV: results/experiments/experimento_20251030_195628/sum/csv_exports/svm_lbp_results.csv
   • Matriz de Confusão: results/experiments/experimento_20251030_195628/sum/confusion_matrixs/svm_lbp_confusion_matrix.png
================================================================================


🔄 Gerando CSV comparativo...

================================================================================
📊 ETAPA 9: GERAÇÃO DE CSV COMPARATIVO
================================================================================
   📂 Diretório de saída: results/experiments/experimento_20251030_195628
   🏷️  Modelo: SVM_LBP
================================================================================

📖 ETAPA 9.1: Preparação dos dados
------------------------------------------------------------
   ✅ 2000 imagens da técnica de relevância
   ✅ 2000 imagens da técnica de soma
============================================================

🔍 ETAPA 9.2: Validação de Consistência
------------------------------------------------------------
   ✅ Conjuntos de imagens coincidem: 2000 imagens
   ✅ Labels reais consistentes
============================================================

🔄 ETAPA 9.3: Processamento e Comparação
------------------------------------------------------------
   ✅ 2000 linhas processadas
   📊 Estatísticas de acerto:
      C (Ambos acertaram): 1776 (88.80%)
      R (Só Relevância): 24 (1.20%)
      S (Só Soma): 31 (1.55%)
      N (Nenhum acertou): 169 (8.45%)
============================================================

💾 ETAPA 9.4: Exportação do CSV de Comparação
------------------------------------------------------------
   ✅ CSV de comparação salvo: results/experiments/experimento_20251030_195628/comp/csv_exports/svm_lbp_comparison.csv
   📊 2000 linhas escritas
============================================================

💾 ETAPA 9.5: Exportação do CSV de Divergências
------------------------------------------------------------
   ✅ CSV de divergências salvo: results/experiments/experimento_20251030_195628/comp/csv_exports/svm_lbp_divergences.csv
   📊 224 linhas escritas
============================================================

================================================================================
📊 RESUMO DA COMPARAÇÃO
================================================================================

🎯 Modelo: SVM_LBP
📈 Total de imagens: 2000

📊 Distribuição de Acertos:
------------------------------------------------------------
   ✅ Ambos acertaram (C): 1776 (88.80%)
   🟡 Só Relevância (R): 24 (1.20%)
   🟠 Só Soma (S): 31 (1.55%)
   ❌ Nenhum acertou (N): 169 (8.45%)

📈 Diferenças Médias (Relevância - Soma):
------------------------------------------------------------
   Acurácia: -0.0035
   F1-Score: -0.0035
   Recall: -0.0035
   Precision: -0.0034

📋 Imagens com Divergências:
------------------------------------------------------------

🟡 Só Relevância Acertou (24 imagens):
   • cat300: Real=1, Relevância=1, Soma=0
   • cat324: Real=1, Relevância=1, Soma=0
   • cat332: Real=1, Relevância=1, Soma=0
   • cat352: Real=1, Relevância=1, Soma=0
   • cat354: Real=1, Relevância=1, Soma=0
   • cat399: Real=1, Relevância=1, Soma=0
   • cat413: Real=1, Relevância=1, Soma=0
   • cat85: Real=1, Relevância=1, Soma=0
   • cat93: Real=1, Relevância=1, Soma=0
   • dog227: Real=0, Relevância=0, Soma=2
   • dog245: Real=0, Relevância=0, Soma=1
   • dog402: Real=0, Relevância=0, Soma=1
   • dog416: Real=0, Relevância=0, Soma=1
   • dog477: Real=0, Relevância=0, Soma=1
   • dog483: Real=0, Relevância=0, Soma=1
   • dog63: Real=0, Relevância=0, Soma=1
   • horse1248: Real=3, Relevância=3, Soma=2
   • horse1283: Real=3, Relevância=3, Soma=2
   • horse2060: Real=3, Relevância=3, Soma=0
   • horse359: Real=3, Relevância=3, Soma=2
   • horse515: Real=3, Relevância=3, Soma=2
   • lion2652: Real=2, Relevância=2, Soma=3
   • lion393: Real=2, Relevância=2, Soma=0
   • lion860: Real=2, Relevância=2, Soma=3

🟠 Só Soma Acertou (31 imagens):
   • cat183: Real=1, Relevância=0, Soma=1
   • cat253: Real=1, Relevância=0, Soma=1
   • cat265: Real=1, Relevância=0, Soma=1
   • cat336: Real=1, Relevância=0, Soma=1
   • cat345: Real=1, Relevância=0, Soma=1
   • cat44: Real=1, Relevância=0, Soma=1
   • cat57: Real=1, Relevância=0, Soma=1
   • dog192: Real=0, Relevância=1, Soma=0
   • dog215: Real=0, Relevância=3, Soma=0
   • dog252: Real=0, Relevância=1, Soma=0
   • dog256: Real=0, Relevância=1, Soma=0
   • dog260: Real=0, Relevância=1, Soma=0
   • dog408: Real=0, Relevância=1, Soma=0
   • dog44: Real=0, Relevância=2, Soma=0
   • dog474: Real=0, Relevância=3, Soma=0
   • dog481: Real=0, Relevância=1, Soma=0
   • dog58: Real=0, Relevância=1, Soma=0
   • dog61: Real=0, Relevância=1, Soma=0
   • dog62: Real=0, Relevância=1, Soma=0
   • dog82: Real=0, Relevância=1, Soma=0
   • dog88: Real=0, Relevância=1, Soma=0
   • horse1423: Real=3, Relevância=2, Soma=3
   • horse2695: Real=3, Relevância=2, Soma=3
   • horse347: Real=3, Relevância=2, Soma=3
   • horse7: Real=3, Relevância=2, Soma=3
   • lion1119: Real=2, Relevância=3, Soma=2
   • lion1878: Real=2, Relevância=3, Soma=2
   • lion2596: Real=2, Relevância=3, Soma=2
   • lion2602: Real=2, Relevância=0, Soma=2
   • lion2620: Real=2, Relevância=1, Soma=2
   • lion6: Real=2, Relevância=3, Soma=2

❌ Nenhum Acertou (169 imagens):
   • cat102: Real=1, Relevância=0, Soma=0
   • cat112: Real=1, Relevância=0, Soma=0
   • cat132: Real=1, Relevância=0, Soma=0
   • cat141: Real=1, Relevância=0, Soma=0
   • cat150: Real=1, Relevância=0, Soma=0
   • cat151: Real=1, Relevância=2, Soma=2
   • cat156: Real=1, Relevância=0, Soma=0
   • cat170: Real=1, Relevância=0, Soma=0
   • cat188: Real=1, Relevância=0, Soma=0
   • cat202: Real=1, Relevância=0, Soma=0
   • cat221: Real=1, Relevância=0, Soma=0
   • cat225: Real=1, Relevância=0, Soma=0
   • cat226: Real=1, Relevância=0, Soma=0
   • cat252: Real=1, Relevância=0, Soma=0
   • cat269: Real=1, Relevância=0, Soma=0
   • cat27: Real=1, Relevância=0, Soma=0
   • cat271: Real=1, Relevância=0, Soma=0
   • cat274: Real=1, Relevância=0, Soma=0
   • cat276: Real=1, Relevância=0, Soma=0
   • cat294: Real=1, Relevância=0, Soma=0
   • cat298: Real=1, Relevância=0, Soma=0
   • cat304: Real=1, Relevância=0, Soma=0
   • cat320: Real=1, Relevância=0, Soma=0
   • cat358: Real=1, Relevância=0, Soma=0
   • cat36: Real=1, Relevância=0, Soma=0
   • cat372: Real=1, Relevância=0, Soma=0
   • cat382: Real=1, Relevância=2, Soma=2
   • cat385: Real=1, Relevância=0, Soma=0
   • cat403: Real=1, Relevância=0, Soma=0
   • cat406: Real=1, Relevância=0, Soma=0
   • cat412: Real=1, Relevância=0, Soma=0
   • cat419: Real=1, Relevância=0, Soma=0
   • cat42: Real=1, Relevância=0, Soma=0
   • cat428: Real=1, Relevância=0, Soma=0
   • cat430: Real=1, Relevância=0, Soma=0
   • cat449: Real=1, Relevância=0, Soma=0
   • cat49: Real=1, Relevância=0, Soma=0
   • cat66: Real=1, Relevância=0, Soma=0
   • cat68: Real=1, Relevância=0, Soma=0
   • cat70: Real=1, Relevância=0, Soma=0
   • cat94: Real=1, Relevância=0, Soma=0
   • dog123: Real=0, Relevância=1, Soma=1
   • dog126: Real=0, Relevância=2, Soma=2
   • dog150: Real=0, Relevância=1, Soma=1
   • dog151: Real=0, Relevância=1, Soma=1
   • dog158: Real=0, Relevância=2, Soma=2
   • dog160: Real=0, Relevância=1, Soma=1
   • dog174: Real=0, Relevância=1, Soma=1
   • dog180: Real=0, Relevância=1, Soma=1
   • dog195: Real=0, Relevância=1, Soma=1
   • dog197: Real=0, Relevância=1, Soma=1
   • dog200: Real=0, Relevância=1, Soma=1
   • dog216: Real=0, Relevância=1, Soma=1
   • dog222: Real=0, Relevância=1, Soma=1
   • dog253: Real=0, Relevância=1, Soma=1
   • dog261: Real=0, Relevância=1, Soma=1
   • dog264: Real=0, Relevância=1, Soma=1
   • dog276: Real=0, Relevância=1, Soma=1
   • dog280: Real=0, Relevância=1, Soma=1
   • dog290: Real=0, Relevância=1, Soma=1
   • dog296: Real=0, Relevância=1, Soma=1
   • dog301: Real=0, Relevância=1, Soma=1
   • dog306: Real=0, Relevância=1, Soma=1
   • dog308: Real=0, Relevância=1, Soma=1
   • dog309: Real=0, Relevância=1, Soma=1
   • dog330: Real=0, Relevância=1, Soma=1
   • dog335: Real=0, Relevância=1, Soma=1
   • dog337: Real=0, Relevância=1, Soma=1
   • dog351: Real=0, Relevância=1, Soma=1
   • dog354: Real=0, Relevância=1, Soma=1
   • dog365: Real=0, Relevância=1, Soma=1
   • dog368: Real=0, Relevância=1, Soma=1
   • dog377: Real=0, Relevância=1, Soma=1
   • dog406: Real=0, Relevância=1, Soma=1
   • dog410: Real=0, Relevância=1, Soma=1
   • dog423: Real=0, Relevância=1, Soma=1
   • dog428: Real=0, Relevância=1, Soma=1
   • dog432: Real=0, Relevância=1, Soma=1
   • dog437: Real=0, Relevância=1, Soma=1
   • dog456: Real=0, Relevância=1, Soma=1
   • dog467: Real=0, Relevância=1, Soma=1
   • dog478: Real=0, Relevância=1, Soma=1
   • dog482: Real=0, Relevância=1, Soma=1
   • dog488: Real=0, Relevância=1, Soma=1
   • dog489: Real=0, Relevância=1, Soma=1
   • dog491: Real=0, Relevância=1, Soma=1
   • dog493: Real=0, Relevância=1, Soma=1
   • dog495: Real=0, Relevância=1, Soma=1
   • dog496: Real=0, Relevância=1, Soma=1
   • dog497: Real=0, Relevância=1, Soma=1
   • dog54: Real=0, Relevância=1, Soma=1
   • dog57: Real=0, Relevância=1, Soma=1
   • dog60: Real=0, Relevância=1, Soma=1
   • dog69: Real=0, Relevância=1, Soma=1
   • dog76: Real=0, Relevância=1, Soma=1
   • horse1069: Real=3, Relevância=0, Soma=0
   • horse1117: Real=3, Relevância=2, Soma=2
   • horse1209: Real=3, Relevância=1, Soma=1
   • horse1338: Real=3, Relevância=2, Soma=2
   • horse1372: Real=3, Relevância=0, Soma=0
   • horse1384: Real=3, Relevância=2, Soma=2
   • horse1402: Real=3, Relevância=2, Soma=2
   • horse1479: Real=3, Relevância=2, Soma=2
   • horse1483: Real=3, Relevância=2, Soma=2
   • horse1587: Real=3, Relevância=2, Soma=2
   • horse1590: Real=3, Relevância=2, Soma=2
   • horse18: Real=3, Relevância=2, Soma=2
   • horse2039: Real=3, Relevância=2, Soma=2
   • horse2041: Real=3, Relevância=2, Soma=2
   • horse2042: Real=3, Relevância=2, Soma=2
   • horse2045: Real=3, Relevância=2, Soma=2
   • horse2048: Real=3, Relevância=2, Soma=2
   • horse2061: Real=3, Relevância=2, Soma=2
   • horse2062: Real=3, Relevância=2, Soma=2
   • horse2063: Real=3, Relevância=2, Soma=2
   • horse2242: Real=3, Relevância=2, Soma=2
   • horse2398: Real=3, Relevância=2, Soma=2
   • horse2682: Real=3, Relevância=2, Soma=2
   • horse2692: Real=3, Relevância=2, Soma=2
   • horse2696: Real=3, Relevância=2, Soma=2
   • horse2698: Real=3, Relevância=2, Soma=2
   • horse2701: Real=3, Relevância=2, Soma=2
   • horse2702: Real=3, Relevância=2, Soma=2
   • horse2706: Real=3, Relevância=2, Soma=2
   • horse33: Real=3, Relevância=2, Soma=2
   • horse650: Real=3, Relevância=0, Soma=0
   • horse850: Real=3, Relevância=0, Soma=0
   • horse90: Real=3, Relevância=2, Soma=2
   • horse961: Real=3, Relevância=0, Soma=0
   • horse973: Real=3, Relevância=2, Soma=2
   • lion1036: Real=2, Relevância=3, Soma=3
   • lion1120: Real=2, Relevância=3, Soma=3
   • lion159: Real=2, Relevância=3, Soma=3
   • lion1879: Real=2, Relevância=3, Soma=3
   • lion1883: Real=2, Relevância=3, Soma=3
   • lion1884: Real=2, Relevância=3, Soma=3
   • lion24: Real=2, Relevância=3, Soma=3
   • lion2506: Real=2, Relevância=3, Soma=3
   • lion2590: Real=2, Relevância=3, Soma=3
   • lion2591: Real=2, Relevância=3, Soma=3
   • lion2592: Real=2, Relevância=3, Soma=3
   • lion2598: Real=2, Relevância=3, Soma=3
   • lion2599: Real=2, Relevância=3, Soma=3
   • lion2603: Real=2, Relevância=3, Soma=3
   • lion2605: Real=2, Relevância=3, Soma=3
   • lion2606: Real=2, Relevância=3, Soma=3
   • lion2607: Real=2, Relevância=3, Soma=3
   • lion2611: Real=2, Relevância=3, Soma=3
   • lion2616: Real=2, Relevância=0, Soma=0
   • lion2625: Real=2, Relevância=3, Soma=3
   • lion2634: Real=2, Relevância=3, Soma=3
   • lion2642: Real=2, Relevância=3, Soma=3
   • lion2646: Real=2, Relevância=0, Soma=0
   • lion2649: Real=2, Relevância=3, Soma=3
   • lion2651: Real=2, Relevância=3, Soma=3
   • lion2653: Real=2, Relevância=3, Soma=3
   • lion2660: Real=2, Relevância=3, Soma=3
   • lion2664: Real=2, Relevância=3, Soma=3
   • lion2666: Real=2, Relevância=3, Soma=3
   • lion2668: Real=2, Relevância=3, Soma=3
   • lion2678: Real=2, Relevância=3, Soma=3
   • lion2680: Real=2, Relevância=3, Soma=3
   • lion2681: Real=2, Relevância=3, Soma=3
   • lion2682: Real=2, Relevância=3, Soma=3
   • lion42: Real=2, Relevância=3, Soma=3
   • lion671: Real=2, Relevância=3, Soma=3
   • lion738: Real=2, Relevância=3, Soma=3
   • lion8: Real=2, Relevância=0, Soma=0
   • lion9: Real=2, Relevância=3, Soma=3

📁 Arquivos Gerados:
------------------------------------------------------------
   • Comparação: results/experiments/experimento_20251030_195628/comp/csv_exports/svm_lbp_comparison.csv
   • Divergências: results/experiments/experimento_20251030_195628/comp/csv_exports/svm_lbp_divergences.csv
================================================================================

--------------------------------------------------------------------------------
🔄 Processando: svm_lpq_results.csv
   🏷️  Modelo: SVM_LPQ
--------------------------------------------------------------------------------

================================================================================
🚀 PIPELINE: CLASSIFICAÇÃO POR SOMA DE PROBABILIDADES
================================================================================
   📁 CSV de entrada: results/experiments/experimento_20251030_195628/csv_exports/svm_lpq_results.csv
   📂 Diretório de saída: results/experiments/experimento_20251030_195628/sum
   🏷️  Modelo: SVM_LPQ
================================================================================

📖 ETAPA 2: Leitura do CSV de entrada
   📁 Arquivo: results/experiments/experimento_20251030_195628/csv_exports/svm_lpq_results.csv
------------------------------------------------------------
   ✅ 2000 imagens lidas com sucesso
   📊 Exemplo de dados (primeira imagem):
      - Imagem: cat1
      - Label real: 1
      - Label predito (relevância): 1
      - Shape probabilidades: (9, 4)
      - Primeiras probabilidades:
        [[0.4984 0.2154 0.0209 0.2653]
 [0.1057 0.8821 0.0046 0.0076]]
============================================================

🔄 ETAPA 5: Processamento de todas as imagens
   📊 Total de imagens: 2000
------------------------------------------------------------
   ✅ 2000 imagens processadas com sucesso
   📊 Labels preditos: 2000
   📊 Somas calculadas: 2000
   📊 Labels reais: 2000

   📈 Distribuição de predições:
      0 (dog): 506 imagens (25.30%)
      1 (cat): 495 imagens (24.75%)
      2 (lion): 501 imagens (25.05%)
      3 (horse): 498 imagens (24.90%)
============================================================

📊 ETAPA 6: Cálculo de métricas globais
   📈 Total de amostras: 2000
------------------------------------------------------------
   ✅ Amostras processadas: 2000

----------------------------------------
Métricas Soma de Probabilidades:
   📊 Acurácia: 93.1500%
   📊 F1: 93.1509%
   📊 Recall: 93.1500%
   📊 Precision: 93.1549%
----------------------------------------
============================================================

📊 ETAPA 7: Geração da matriz de confusão
   📈 Modelo: SVM_LPQ
   📁 Diretório base: results/experiments/experimento_20251030_195628/sum
   🎨 Colormap: Purples
------------------------------------------------------------
   ✅ Matriz de confusão gerada
   💾 Arquivo salvo: results/experiments/experimento_20251030_195628/sum/confusion_matrixs/svm_lpq_confusion_matrix.png
============================================================

📊 ETAPA 8: Exportação para CSV
   📁 Arquivo de saída: results/experiments/experimento_20251030_195628/sum/csv_exports/svm_lpq_results.csv
   📈 Total de imagens: 2000
------------------------------------------------------------
   ✅ 2000 linhas escritas com sucesso
   💾 Arquivo salvo: results/experiments/experimento_20251030_195628/sum/csv_exports/svm_lpq_results.csv
============================================================

================================================================================
🎉 PIPELINE CONCLUÍDO COM SUCESSO!
================================================================================
📊 Resumo dos Resultados:
   • Total de imagens: 2000
   • Acurácia: 93.15%
   • F1-Score: 93.15%

📁 Arquivos Gerados:
   • CSV: results/experiments/experimento_20251030_195628/sum/csv_exports/svm_lpq_results.csv
   • Matriz de Confusão: results/experiments/experimento_20251030_195628/sum/confusion_matrixs/svm_lpq_confusion_matrix.png
================================================================================


🔄 Gerando CSV comparativo...

================================================================================
📊 ETAPA 9: GERAÇÃO DE CSV COMPARATIVO
================================================================================
   📂 Diretório de saída: results/experiments/experimento_20251030_195628
   🏷️  Modelo: SVM_LPQ
================================================================================

📖 ETAPA 9.1: Preparação dos dados
------------------------------------------------------------
   ✅ 2000 imagens da técnica de relevância
   ✅ 2000 imagens da técnica de soma
============================================================

🔍 ETAPA 9.2: Validação de Consistência
------------------------------------------------------------
   ✅ Conjuntos de imagens coincidem: 2000 imagens
   ✅ Labels reais consistentes
============================================================

🔄 ETAPA 9.3: Processamento e Comparação
------------------------------------------------------------
   ✅ 2000 linhas processadas
   📊 Estatísticas de acerto:
      C (Ambos acertaram): 1842 (92.10%)
      R (Só Relevância): 13 (0.65%)
      S (Só Soma): 21 (1.05%)
      N (Nenhum acertou): 124 (6.20%)
============================================================

💾 ETAPA 9.4: Exportação do CSV de Comparação
------------------------------------------------------------
   ✅ CSV de comparação salvo: results/experiments/experimento_20251030_195628/comp/csv_exports/svm_lpq_comparison.csv
   📊 2000 linhas escritas
============================================================

💾 ETAPA 9.5: Exportação do CSV de Divergências
------------------------------------------------------------
   ✅ CSV de divergências salvo: results/experiments/experimento_20251030_195628/comp/csv_exports/svm_lpq_divergences.csv
   📊 158 linhas escritas
============================================================

================================================================================
📊 RESUMO DA COMPARAÇÃO
================================================================================

🎯 Modelo: SVM_LPQ
📈 Total de imagens: 2000

📊 Distribuição de Acertos:
------------------------------------------------------------
   ✅ Ambos acertaram (C): 1842 (92.10%)
   🟡 Só Relevância (R): 13 (0.65%)
   🟠 Só Soma (S): 21 (1.05%)
   ❌ Nenhum acertou (N): 124 (6.20%)

📈 Diferenças Médias (Relevância - Soma):
------------------------------------------------------------
   Acurácia: -0.0040
   F1-Score: -0.0040
   Recall: -0.0040
   Precision: -0.0038

📋 Imagens com Divergências:
------------------------------------------------------------

🟡 Só Relevância Acertou (13 imagens):
   • cat259: Real=1, Relevância=1, Soma=0
   • cat406: Real=1, Relevância=1, Soma=0
   • dog158: Real=0, Relevância=0, Soma=2
   • dog199: Real=0, Relevância=0, Soma=1
   • dog486: Real=0, Relevância=0, Soma=1
   • dog495: Real=0, Relevância=0, Soma=1
   • dog496: Real=0, Relevância=0, Soma=2
   • dog54: Real=0, Relevância=0, Soma=1
   • horse1073: Real=3, Relevância=3, Soma=2
   • horse961: Real=3, Relevância=3, Soma=2
   • lion2330: Real=2, Relevância=2, Soma=3
   • lion2437: Real=2, Relevância=2, Soma=3
   • lion2629: Real=2, Relevância=2, Soma=3

🟠 Só Soma Acertou (21 imagens):
   • cat225: Real=1, Relevância=0, Soma=1
   • cat251: Real=1, Relevância=0, Soma=1
   • cat289: Real=1, Relevância=0, Soma=1
   • cat355: Real=1, Relevância=3, Soma=1
   • cat36: Real=1, Relevância=0, Soma=1
   • cat38: Real=1, Relevância=0, Soma=1
   • dog151: Real=0, Relevância=1, Soma=0
   • dog168: Real=0, Relevância=3, Soma=0
   • dog278: Real=0, Relevância=2, Soma=0
   • dog462: Real=0, Relevância=2, Soma=0
   • horse1046: Real=3, Relevância=2, Soma=3
   • horse1122: Real=3, Relevância=2, Soma=3
   • horse18: Real=3, Relevância=2, Soma=3
   • horse2059: Real=3, Relevância=2, Soma=3
   • horse2060: Real=3, Relevância=0, Soma=3
   • horse2692: Real=3, Relevância=2, Soma=3
   • horse602: Real=3, Relevância=2, Soma=3
   • horse970: Real=3, Relevância=2, Soma=3
   • lion1878: Real=2, Relevância=3, Soma=2
   • lion2620: Real=2, Relevância=3, Soma=2
   • lion2645: Real=2, Relevância=3, Soma=2

❌ Nenhum Acertou (124 imagens):
   • cat111: Real=1, Relevância=0, Soma=0
   • cat112: Real=1, Relevância=0, Soma=0
   • cat132: Real=1, Relevância=0, Soma=0
   • cat151: Real=1, Relevância=0, Soma=2
   • cat156: Real=1, Relevância=0, Soma=0
   • cat188: Real=1, Relevância=0, Soma=0
   • cat202: Real=1, Relevância=0, Soma=0
   • cat221: Real=1, Relevância=0, Soma=0
   • cat226: Real=1, Relevância=0, Soma=0
   • cat236: Real=1, Relevância=0, Soma=0
   • cat252: Real=1, Relevância=0, Soma=0
   • cat26: Real=1, Relevância=0, Soma=0
   • cat271: Real=1, Relevância=0, Soma=0
   • cat274: Real=1, Relevância=0, Soma=0
   • cat275: Real=1, Relevância=0, Soma=0
   • cat285: Real=1, Relevância=0, Soma=0
   • cat294: Real=1, Relevância=2, Soma=0
   • cat298: Real=1, Relevância=0, Soma=0
   • cat345: Real=1, Relevância=0, Soma=0
   • cat372: Real=1, Relevância=0, Soma=0
   • cat413: Real=1, Relevância=0, Soma=0
   • cat428: Real=1, Relevância=0, Soma=0
   • cat49: Real=1, Relevância=0, Soma=0
   • cat68: Real=1, Relevância=0, Soma=0
   • cat70: Real=1, Relevância=0, Soma=0
   • dog18: Real=0, Relevância=1, Soma=1
   • dog189: Real=0, Relevância=1, Soma=1
   • dog215: Real=0, Relevância=3, Soma=3
   • dog242: Real=0, Relevância=1, Soma=1
   • dog253: Real=0, Relevância=1, Soma=1
   • dog274: Real=0, Relevância=2, Soma=2
   • dog276: Real=0, Relevância=1, Soma=1
   • dog280: Real=0, Relevância=2, Soma=2
   • dog292: Real=0, Relevância=2, Soma=2
   • dog323: Real=0, Relevância=1, Soma=1
   • dog329: Real=0, Relevância=1, Soma=1
   • dog337: Real=0, Relevância=1, Soma=1
   • dog351: Real=0, Relevância=1, Soma=1
   • dog428: Real=0, Relevância=1, Soma=1
   • dog44: Real=0, Relevância=1, Soma=1
   • dog467: Real=0, Relevância=1, Soma=1
   • dog478: Real=0, Relevância=1, Soma=1
   • dog488: Real=0, Relevância=1, Soma=1
   • dog489: Real=0, Relevância=1, Soma=1
   • dog497: Real=0, Relevância=1, Soma=1
   • dog498: Real=0, Relevância=3, Soma=3
   • horse1075: Real=3, Relevância=2, Soma=2
   • horse1086: Real=3, Relevância=2, Soma=2
   • horse1276: Real=3, Relevância=2, Soma=2
   • horse1293: Real=3, Relevância=2, Soma=2
   • horse1435: Real=3, Relevância=2, Soma=2
   • horse1479: Real=3, Relevância=2, Soma=2
   • horse1590: Real=3, Relevância=2, Soma=2
   • horse2039: Real=3, Relevância=2, Soma=2
   • horse2042: Real=3, Relevância=2, Soma=2
   • horse2045: Real=3, Relevância=2, Soma=2
   • horse2048: Real=3, Relevância=2, Soma=2
   • horse2053: Real=3, Relevância=2, Soma=2
   • horse2054: Real=3, Relevância=0, Soma=0
   • horse2061: Real=3, Relevância=2, Soma=2
   • horse2062: Real=3, Relevância=2, Soma=2
   • horse2242: Real=3, Relevância=2, Soma=2
   • horse2398: Real=3, Relevância=2, Soma=2
   • horse2682: Real=3, Relevância=2, Soma=2
   • horse2693: Real=3, Relevância=2, Soma=2
   • horse2695: Real=3, Relevância=2, Soma=2
   • horse2696: Real=3, Relevância=2, Soma=2
   • horse2698: Real=3, Relevância=2, Soma=2
   • horse2702: Real=3, Relevância=2, Soma=2
   • horse2706: Real=3, Relevância=2, Soma=2
   • horse33: Real=3, Relevância=2, Soma=2
   • horse347: Real=3, Relevância=2, Soma=2
   • horse359: Real=3, Relevância=2, Soma=2
   • horse381: Real=3, Relevância=2, Soma=2
   • horse456: Real=3, Relevância=2, Soma=2
   • horse470: Real=3, Relevância=2, Soma=2
   • horse515: Real=3, Relevância=2, Soma=2
   • horse598: Real=3, Relevância=2, Soma=2
   • horse650: Real=3, Relevância=2, Soma=2
   • horse682: Real=3, Relevância=0, Soma=0
   • horse7: Real=3, Relevância=2, Soma=2
   • horse850: Real=3, Relevância=0, Soma=0
   • horse90: Real=3, Relevância=2, Soma=2
   • horse937: Real=3, Relevância=1, Soma=1
   • horse973: Real=3, Relevância=2, Soma=2
   • lion1120: Real=2, Relevância=3, Soma=3
   • lion1871: Real=2, Relevância=0, Soma=0
   • lion1872: Real=2, Relevância=3, Soma=3
   • lion1879: Real=2, Relevância=3, Soma=3
   • lion1950: Real=2, Relevância=3, Soma=3
   • lion2172: Real=2, Relevância=3, Soma=3
   • lion2179: Real=2, Relevância=0, Soma=0
   • lion2307: Real=2, Relevância=3, Soma=3
   • lion2322: Real=2, Relevância=3, Soma=3
   • lion2334: Real=2, Relevância=3, Soma=3
   • lion2380: Real=2, Relevância=1, Soma=1
   • lion2506: Real=2, Relevância=3, Soma=3
   • lion2589: Real=2, Relevância=3, Soma=3
   • lion2590: Real=2, Relevância=3, Soma=3
   • lion2592: Real=2, Relevância=3, Soma=3
   • lion2599: Real=2, Relevância=3, Soma=3
   • lion2601: Real=2, Relevância=3, Soma=3
   • lion2602: Real=2, Relevância=3, Soma=3
   • lion2603: Real=2, Relevância=3, Soma=3
   • lion2605: Real=2, Relevância=3, Soma=3
   • lion2608: Real=2, Relevância=0, Soma=0
   • lion2611: Real=2, Relevância=3, Soma=3
   • lion2612: Real=2, Relevância=3, Soma=3
   • lion2616: Real=2, Relevância=0, Soma=0
   • lion2617: Real=2, Relevância=3, Soma=3
   • lion2618: Real=2, Relevância=3, Soma=3
   • lion2625: Real=2, Relevância=3, Soma=3
   • lion2634: Real=2, Relevância=3, Soma=3
   • lion2642: Real=2, Relevância=3, Soma=3
   • lion2650: Real=2, Relevância=3, Soma=3
   • lion2651: Real=2, Relevância=3, Soma=3
   • lion2653: Real=2, Relevância=0, Soma=3
   • lion2668: Real=2, Relevância=3, Soma=3
   • lion2681: Real=2, Relevância=3, Soma=3
   • lion2682: Real=2, Relevância=3, Soma=3
   • lion42: Real=2, Relevância=3, Soma=3
   • lion6: Real=2, Relevância=3, Soma=3
   • lion8: Real=2, Relevância=3, Soma=3
   • lion9: Real=2, Relevância=3, Soma=3

📁 Arquivos Gerados:
------------------------------------------------------------
   • Comparação: results/experiments/experimento_20251030_195628/comp/csv_exports/svm_lpq_comparison.csv
   • Divergências: results/experiments/experimento_20251030_195628/comp/csv_exports/svm_lpq_divergences.csv
================================================================================


================================================================================
🎉 PROCESSAMENTO EM LOTE CONCLUÍDO!
================================================================================
   ✅ Processados com sucesso: 14/14
   📂 Resultados salvos em: results/experiments/experimento_20251030_195628/sum

📊 Resumo das Métricas:
--------------------------------------------------------------------------------
   • KNN_GLCM:
      - Acurácia: 82.60%
      - F1-Score: 82.59%
   • KNN_GLCM_LPQ:
      - Acurácia: 86.75%
      - F1-Score: 86.75%
   • KNN_LBP:
      - Acurácia: 85.05%
      - F1-Score: 85.03%
   • KNN_LBP_GLCM:
      - Acurácia: 86.35%
      - F1-Score: 86.35%
   • KNN_LBP_GLCM_LPQ:
      - Acurácia: 88.70%
      - F1-Score: 88.71%
   • KNN_LBP_LPQ:
      - Acurácia: 87.95%
      - F1-Score: 87.94%
   • KNN_LPQ:
      - Acurácia: 86.80%
      - F1-Score: 86.78%
   • SVM_GLCM:
      - Acurácia: 88.60%
      - F1-Score: 88.59%
   • SVM_GLCM_LPQ:
      - Acurácia: 93.65%
      - F1-Score: 93.65%
   • SVM_LBP:
      - Acurácia: 90.35%
      - F1-Score: 90.35%
   • SVM_LBP_GLCM:
      - Acurácia: 91.00%
      - F1-Score: 91.00%
   • SVM_LBP_GLCM_LPQ:
      - Acurácia: 94.30%
      - F1-Score: 94.30%
   • SVM_LBP_LPQ:
      - Acurácia: 94.15%
      - F1-Score: 94.15%
   • SVM_LPQ:
      - Acurácia: 93.15%
      - F1-Score: 93.15%

📋 CSVs de Comparação Gerados:
--------------------------------------------------------------------------------
   ✅ 14 comparações geradas
   📂 Diretório: results/experiments/experimento_20251030_195628/comp/csv_exports/
================================================================================

